problem,algorithm,status,error_msg,algorithm_key,dim,run,seed,error,best_value,evaluations,budget,seconds
BBOB_f1,CMA-ES/IPOP sigma0=0.3*span ipop=x2,ok,,cmaes,10,0,389948946,2.842170943040401e-14,79.48000000000003,20000,20000,1.71
BBOB_f1,CMA-ES/IPOP sigma0=0.3*span ipop=x2,ok,,cmaes,10,1,3718142476,1.4210854715202004e-14,79.48000000000002,20000,20000,1.3945
BBOB_f1,CMA-ES/IPOP sigma0=0.3*span ipop=x2,ok,,cmaes,10,2,2267488638,1.4210854715202004e-14,79.48000000000002,20000,20000,1.5226
BBOB_f1,CMA-ES/IPOP sigma0=0.3*span ipop=x2,ok,,cmaes,10,3,1130452477,1.4210854715202004e-14,79.48000000000002,20000,20000,1.6902
BBOB_f1,CMA-ES/IPOP sigma0=0.3*span ipop=x2,ok,,cmaes,10,4,1657486303,1.4210854715202004e-14,79.48000000000002,20000,20000,1.6642
BBOB_f1,CMA-ES/IPOP sigma0=0.3*span ipop=x2,ok,,cmaes,10,5,3056147607,4.263256414560601e-14,79.48000000000005,20000,20000,1.6842
BBOB_f1,CMA-ES/IPOP sigma0=0.3*span ipop=x2,ok,,cmaes,10,6,1982335180,1.4210854715202004e-14,79.48000000000002,20000,20000,1.558
BBOB_f1,CMA-ES/IPOP sigma0=0.3*span ipop=x2,ok,,cmaes,10,7,3823351943,4.263256414560601e-14,79.48000000000005,20000,20000,1.543
BBOB_f1,CMA-ES/IPOP sigma0=0.3*span ipop=x2,ok,,cmaes,10,8,3395390724,4.263256414560601e-14,79.48000000000005,20000,20000,1.3942
BBOB_f1,CMA-ES/IPOP sigma0=0.3*span ipop=x2,ok,,cmaes,10,9,894497576,2.842170943040401e-14,79.48000000000003,20000,20000,1.5245
BBOB_f1,CMA-ES/IPOP sigma0=0.3*span ipop=x2,ok,,cmaes,10,10,3277670939,4.263256414560601e-14,79.48000000000005,20000,20000,1.6042
BBOB_f1,CMA-ES/IPOP sigma0=0.3*span ipop=x2,ok,,cmaes,10,11,2783247768,1.4210854715202004e-14,79.48000000000002,20000,20000,1.6751
BBOB_f1,CMA-ES/IPOP sigma0=0.3*span ipop=x2,ok,,cmaes,10,12,2112054476,4.263256414560601e-14,79.48000000000005,20000,20000,1.6506
BBOB_f1,CMA-ES/IPOP sigma0=0.3*span ipop=x2,ok,,cmaes,10,13,462976272,2.842170943040401e-14,79.48000000000003,20000,20000,1.5221
BBOB_f1,CMA-ES/IPOP sigma0=0.3*span ipop=x2,ok,,cmaes,10,14,3873935490,1.4210854715202004e-14,79.48000000000002,20000,20000,1.4149
BBOB_f1,CMA-ES/IPOP sigma0=0.3*span ipop=x2,ok,,cmaes,10,15,160666860,1.4210854715202004e-14,79.48000000000002,20000,20000,1.6324
BBOB_f1,CMA-ES/IPOP sigma0=0.3*span ipop=x2,ok,,cmaes,10,16,2083503985,1.4210854715202004e-14,79.48000000000002,20000,20000,1.2718
BBOB_f1,CMA-ES/IPOP sigma0=0.3*span ipop=x2,ok,,cmaes,10,17,4134706709,4.263256414560601e-14,79.48000000000005,20000,20000,1.6589
BBOB_f1,CMA-ES/IPOP sigma0=0.3*span ipop=x2,ok,,cmaes,10,18,2110937766,1.4210854715202004e-14,79.48000000000002,20000,20000,1.5377
BBOB_f1,CMA-ES/IPOP sigma0=0.3*span ipop=x2,ok,,cmaes,10,19,88097625,1.4210854715202004e-14,79.48000000000002,20000,20000,1.3815
BBOB_f1,CMA-ES/IPOP sigma0=0.3*span ipop=x2,ok,,cmaes,10,20,322117878,2.842170943040401e-14,79.48000000000003,20000,20000,1.448
BBOB_f1,CMA-ES/IPOP sigma0=0.3*span ipop=x2,ok,,cmaes,10,21,2059815491,1.4210854715202004e-14,79.48000000000002,20000,20000,1.5867
BBOB_f1,CMA-ES/IPOP sigma0=0.3*span ipop=x2,ok,,cmaes,10,22,2553359343,2.842170943040401e-14,79.48000000000003,20000,20000,1.5107
BBOB_f1,CMA-ES/IPOP sigma0=0.3*span ipop=x2,ok,,cmaes,10,23,3657239589,1.4210854715202004e-14,79.48000000000002,20000,20000,1.5336
BBOB_f1,CMA-ES/IPOP sigma0=0.3*span ipop=x2,ok,,cmaes,10,24,1942224044,2.842170943040401e-14,79.48000000000003,20000,20000,1.4968
BBOB_f1,CMA-ES/IPOP sigma0=0.3*span ipop=x2,ok,,cmaes,10,25,2360413861,2.842170943040401e-14,79.48000000000003,20000,20000,1.6
BBOB_f1,CMA-ES/IPOP sigma0=0.3*span ipop=x2,ok,,cmaes,10,26,4025224031,1.4210854715202004e-14,79.48000000000002,20000,20000,1.7861
BBOB_f1,CMA-ES/IPOP sigma0=0.3*span ipop=x2,ok,,cmaes,10,27,958696631,7.105427357601002e-14,79.48000000000008,20000,20000,1.5164
BBOB_f1,CMA-ES/IPOP sigma0=0.3*span ipop=x2,ok,,cmaes,10,28,2407492942,2.842170943040401e-14,79.48000000000003,20000,20000,1.6531
BBOB_f1,CMA-ES/IPOP sigma0=0.3*span ipop=x2,ok,,cmaes,10,29,3132609769,2.842170943040401e-14,79.48000000000003,20000,20000,1.7703
BBOB_f1,DE/rand/1/bin F=0.5 CR=0.9 NP=50,ok,,de,10,0,1629467551,0.0,79.48,20000,20000,0.8876
BBOB_f1,DE/rand/1/bin F=0.5 CR=0.9 NP=50,ok,,de,10,1,1427935023,0.0,79.48,20000,20000,0.8662
BBOB_f1,DE/rand/1/bin F=0.5 CR=0.9 NP=50,ok,,de,10,2,843309848,0.0,79.48,20000,20000,0.86
BBOB_f1,DE/rand/1/bin F=0.5 CR=0.9 NP=50,ok,,de,10,3,3167231408,0.0,79.48,20000,20000,0.8681
BBOB_f1,DE/rand/1/bin F=0.5 CR=0.9 NP=50,ok,,de,10,4,4161474936,0.0,79.48,20000,20000,0.8735
BBOB_f1,DE/rand/1/bin F=0.5 CR=0.9 NP=50,ok,,de,10,5,183721593,0.0,79.48,20000,20000,0.8633
BBOB_f1,DE/rand/1/bin F=0.5 CR=0.9 NP=50,ok,,de,10,6,2866038562,0.0,79.48,20000,20000,0.8417
BBOB_f1,DE/rand/1/bin F=0.5 CR=0.9 NP=50,ok,,de,10,7,3518611190,0.0,79.48,20000,20000,0.8441
BBOB_f1,DE/rand/1/bin F=0.5 CR=0.9 NP=50,ok,,de,10,8,62167272,0.0,79.48,20000,20000,0.8386
BBOB_f1,DE/rand/1/bin F=0.5 CR=0.9 NP=50,ok,,de,10,9,2980186335,0.0,79.48,20000,20000,0.8419
BBOB_f1,DE/rand/1/bin F=0.5 CR=0.9 NP=50,ok,,de,10,10,1342881623,0.0,79.48,20000,20000,0.8632
BBOB_f1,DE/rand/1/bin F=0.5 CR=0.9 NP=50,ok,,de,10,11,774583565,0.0,79.48,20000,20000,0.8293
BBOB_f1,DE/rand/1/bin F=0.5 CR=0.9 NP=50,ok,,de,10,12,3337986144,0.0,79.48,20000,20000,0.8496
BBOB_f1,DE/rand/1/bin F=0.5 CR=0.9 NP=50,ok,,de,10,13,1268610009,0.0,79.48,20000,20000,0.8617
BBOB_f1,DE/rand/1/bin F=0.5 CR=0.9 NP=50,ok,,de,10,14,3732379323,0.0,79.48,20000,20000,0.8525
BBOB_f1,DE/rand/1/bin F=0.5 CR=0.9 NP=50,ok,,de,10,15,1564651183,0.0,79.48,20000,20000,0.8724
BBOB_f1,DE/rand/1/bin F=0.5 CR=0.9 NP=50,ok,,de,10,16,2731548437,0.0,79.48,20000,20000,1.0016
BBOB_f1,DE/rand/1/bin F=0.5 CR=0.9 NP=50,ok,,de,10,17,119014044,0.0,79.48,20000,20000,0.9503
BBOB_f1,DE/rand/1/bin F=0.5 CR=0.9 NP=50,ok,,de,10,18,665310750,0.0,79.48,20000,20000,0.9232
BBOB_f1,DE/rand/1/bin F=0.5 CR=0.9 NP=50,ok,,de,10,19,1206579491,0.0,79.48,20000,20000,0.9094
BBOB_f1,DE/rand/1/bin F=0.5 CR=0.9 NP=50,ok,,de,10,20,2369365325,0.0,79.48,20000,20000,0.9413
BBOB_f1,DE/rand/1/bin F=0.5 CR=0.9 NP=50,ok,,de,10,21,1953109946,0.0,79.48,20000,20000,0.9253
BBOB_f1,DE/rand/1/bin F=0.5 CR=0.9 NP=50,ok,,de,10,22,130630806,0.0,79.48,20000,20000,0.8988
BBOB_f1,DE/rand/1/bin F=0.5 CR=0.9 NP=50,ok,,de,10,23,3718655344,0.0,79.48,20000,20000,0.8905
BBOB_f1,DE/rand/1/bin F=0.5 CR=0.9 NP=50,ok,,de,10,24,2946264389,0.0,79.48,20000,20000,0.9763
BBOB_f1,DE/rand/1/bin F=0.5 CR=0.9 NP=50,ok,,de,10,25,3161001196,0.0,79.48,20000,20000,0.9559
BBOB_f1,DE/rand/1/bin F=0.5 CR=0.9 NP=50,ok,,de,10,26,2566475088,0.0,79.48,20000,20000,0.9496
BBOB_f1,DE/rand/1/bin F=0.5 CR=0.9 NP=50,ok,,de,10,27,2389801709,0.0,79.48,20000,20000,0.9685
BBOB_f1,DE/rand/1/bin F=0.5 CR=0.9 NP=50,ok,,de,10,28,3220233715,0.0,79.48,20000,20000,0.942
BBOB_f1,DE/rand/1/bin F=0.5 CR=0.9 NP=50,ok,,de,10,29,2597578464,0.0,79.48,20000,20000,0.8925
BBOB_f1,GA/SBX NP=50 pc=0.9 eta_c=20.0 eta_m=20.0,ok,,ga,10,0,1581383967,2.421628215643068e-05,79.48002421628216,20000,20000,0.6511
BBOB_f1,GA/SBX NP=50 pc=0.9 eta_c=20.0 eta_m=20.0,ok,,ga,10,1,147617738,2.1563733838547705e-05,79.48002156373384,20000,20000,0.6643
BBOB_f1,GA/SBX NP=50 pc=0.9 eta_c=20.0 eta_m=20.0,ok,,ga,10,2,4252613136,3.082916357755039e-05,79.48003082916358,20000,20000,0.6832
BBOB_f1,GA/SBX NP=50 pc=0.9 eta_c=20.0 eta_m=20.0,ok,,ga,10,3,3535828128,2.7621047621551043e-05,79.48002762104763,20000,20000,0.6786
BBOB_f1,GA/SBX NP=50 pc=0.9 eta_c=20.0 eta_m=20.0,ok,,ga,10,4,3833921763,2.123183153912578e-05,79.48002123183154,20000,20000,0.6517
BBOB_f1,GA/SBX NP=50 pc=0.9 eta_c=20.0 eta_m=20.0,ok,,ga,10,5,252653534,6.897684032480811e-05,79.48006897684033,20000,20000,0.6783
BBOB_f1,GA/SBX NP=50 pc=0.9 eta_c=20.0 eta_m=20.0,ok,,ga,10,6,2562954926,4.1444307527171986e-05,79.48004144430753,20000,20000,0.6739
BBOB_f1,GA/SBX NP=50 pc=0.9 eta_c=20.0 eta_m=20.0,ok,,ga,10,7,3411043179,3.921141838247877e-05,79.48003921141839,20000,20000,0.6596
BBOB_f1,GA/SBX NP=50 pc=0.9 eta_c=20.0 eta_m=20.0,ok,,ga,10,8,3090332759,1.1785278729803395e-05,79.48001178527873,20000,20000,0.6673
BBOB_f1,GA/SBX NP=50 pc=0.9 eta_c=20.0 eta_m=20.0,ok,,ga,10,9,835626914,2.0327991890667363e-05,79.4800203279919,20000,20000,0.652
BBOB_f1,GA/SBX NP=50 pc=0.9 eta_c=20.0 eta_m=20.0,ok,,ga,10,10,2467193165,2.5520712682691737e-05,79.48002552071269,20000,20000,0.6426
BBOB_f1,GA/SBX NP=50 pc=0.9 eta_c=20.0 eta_m=20.0,ok,,ga,10,11,50051738,3.293989648511797e-05,79.48003293989649,20000,20000,0.7033
BBOB_f1,GA/SBX NP=50 pc=0.9 eta_c=20.0 eta_m=20.0,ok,,ga,10,12,2252367138,3.52106956853504e-05,79.48003521069569,20000,20000,0.6222
BBOB_f1,GA/SBX NP=50 pc=0.9 eta_c=20.0 eta_m=20.0,ok,,ga,10,13,3603599309,1.4295545696541012e-05,79.4800142955457,20000,20000,0.6523
BBOB_f1,GA/SBX NP=50 pc=0.9 eta_c=20.0 eta_m=20.0,ok,,ga,10,14,2052867419,9.560429745647525e-06,79.48000956042975,20000,20000,0.6661
BBOB_f1,GA/SBX NP=50 pc=0.9 eta_c=20.0 eta_m=20.0,ok,,ga,10,15,3404313451,1.8726678831626486e-05,79.48001872667884,20000,20000,0.6602
BBOB_f1,GA/SBX NP=50 pc=0.9 eta_c=20.0 eta_m=20.0,ok,,ga,10,16,4207903965,1.2129925494264171e-05,79.4800121299255,20000,20000,0.698
BBOB_f1,GA/SBX NP=50 pc=0.9 eta_c=20.0 eta_m=20.0,ok,,ga,10,17,1234811605,2.9965512410967676e-05,79.48002996551241,20000,20000,0.6368
BBOB_f1,GA/SBX NP=50 pc=0.9 eta_c=20.0 eta_m=20.0,ok,,ga,10,18,79935818,7.5013194731354815e-06,79.48000750131948,20000,20000,0.6706
BBOB_f1,GA/SBX NP=50 pc=0.9 eta_c=20.0 eta_m=20.0,ok,,ga,10,19,69476001,4.4770739108912494e-05,79.48004477073911,20000,20000,0.6764
BBOB_f1,GA/SBX NP=50 pc=0.9 eta_c=20.0 eta_m=20.0,ok,,ga,10,20,2219660908,1.500741608140288e-05,79.48001500741609,20000,20000,0.6818
BBOB_f1,GA/SBX NP=50 pc=0.9 eta_c=20.0 eta_m=20.0,ok,,ga,10,21,1685763360,2.5797433337970688e-05,79.48002579743334,20000,20000,0.6695
BBOB_f1,GA/SBX NP=50 pc=0.9 eta_c=20.0 eta_m=20.0,ok,,ga,10,22,3006841953,2.217478521515659e-05,79.48002217478522,20000,20000,0.65
BBOB_f1,GA/SBX NP=50 pc=0.9 eta_c=20.0 eta_m=20.0,ok,,ga,10,23,382837663,3.22447149301297e-05,79.48003224471493,20000,20000,0.6471
BBOB_f1,GA/SBX NP=50 pc=0.9 eta_c=20.0 eta_m=20.0,ok,,ga,10,24,1644690261,8.004769327385475e-06,79.48000800476933,20000,20000,0.6414
BBOB_f1,GA/SBX NP=50 pc=0.9 eta_c=20.0 eta_m=20.0,ok,,ga,10,25,3423811762,1.2388401557927864e-05,79.48001238840156,20000,20000,0.653
BBOB_f1,GA/SBX NP=50 pc=0.9 eta_c=20.0 eta_m=20.0,ok,,ga,10,26,3844857616,3.382750044522709e-05,79.48003382750045,20000,20000,0.6763
BBOB_f1,GA/SBX NP=50 pc=0.9 eta_c=20.0 eta_m=20.0,ok,,ga,10,27,1346539660,2.3930446673148253e-05,79.48002393044668,20000,20000,0.684
BBOB_f1,GA/SBX NP=50 pc=0.9 eta_c=20.0 eta_m=20.0,ok,,ga,10,28,110755494,6.070721885009789e-05,79.48006070721885,20000,20000,0.6658
BBOB_f1,GA/SBX NP=50 pc=0.9 eta_c=20.0 eta_m=20.0,ok,,ga,10,29,3893305493,5.948359535068448e-05,79.48005948359535,20000,20000,0.7069
BBOB_f1,PSO/constriction N=40 c1=2.05 c2=2.05 chi=0.7298,ok,,pso,10,0,1231085680,0.0,79.48,20000,20000,0.1565
BBOB_f1,PSO/constriction N=40 c1=2.05 c2=2.05 chi=0.7298,ok,,pso,10,1,2269807963,0.0,79.48,20000,20000,0.1524
BBOB_f1,PSO/constriction N=40 c1=2.05 c2=2.05 chi=0.7298,ok,,pso,10,2,1612783440,1.4210854715202004e-14,79.48000000000002,20000,20000,0.1259
BBOB_f1,PSO/constriction N=40 c1=2.05 c2=2.05 chi=0.7298,ok,,pso,10,3,524445548,0.0,79.48,20000,20000,0.128
BBOB_f1,PSO/constriction N=40 c1=2.05 c2=2.05 chi=0.7298,ok,,pso,10,4,288769990,0.0,79.48,20000,20000,0.1135
BBOB_f1,PSO/constriction N=40 c1=2.05 c2=2.05 chi=0.7298,ok,,pso,10,5,750402972,0.0,79.48,20000,20000,0.1133
BBOB_f1,PSO/constriction N=40 c1=2.05 c2=2.05 chi=0.7298,ok,,pso,10,6,2527037366,0.0,79.48,20000,20000,0.1072
BBOB_f1,PSO/constriction N=40 c1=2.05 c2=2.05 chi=0.7298,ok,,pso,10,7,643203762,1.4210854715202004e-14,79.48000000000002,20000,20000,0.1071
BBOB_f1,PSO/constriction N=40 c1=2.05 c2=2.05 chi=0.7298,ok,,pso,10,8,13213995,0.0,79.48,20000,20000,0.1018
BBOB_f1,PSO/constriction N=40 c1=2.05 c2=2.05 chi=0.7298,ok,,pso,10,9,94017131,0.0,79.48,20000,20000,0.0987
BBOB_f1,PSO/constriction N=40 c1=2.05 c2=2.05 chi=0.7298,ok,,pso,10,10,2779834120,0.0,79.48,20000,20000,0.0963
BBOB_f1,PSO/constriction N=40 c1=2.05 c2=2.05 chi=0.7298,ok,,pso,10,11,4134085656,0.0,79.48,20000,20000,0.1013
BBOB_f1,PSO/constriction N=40 c1=2.05 c2=2.05 chi=0.7298,ok,,pso,10,12,1163248798,0.0,79.48,20000,20000,0.092
BBOB_f1,PSO/constriction N=40 c1=2.05 c2=2.05 chi=0.7298,ok,,pso,10,13,645252401,1.4210854715202004e-14,79.48000000000002,20000,20000,0.0979
BBOB_f1,PSO/constriction N=40 c1=2.05 c2=2.05 chi=0.7298,ok,,pso,10,14,3437030985,0.0,79.48,20000,20000,0.0936
BBOB_f1,PSO/constriction N=40 c1=2.05 c2=2.05 chi=0.7298,ok,,pso,10,15,138757135,0.0,79.48,20000,20000,0.0949
BBOB_f1,PSO/constriction N=40 c1=2.05 c2=2.05 chi=0.7298,ok,,pso,10,16,3234195925,0.0,79.48,20000,20000,0.1018
BBOB_f1,PSO/constriction N=40 c1=2.05 c2=2.05 chi=0.7298,ok,,pso,10,17,2124649587,0.0,79.48,20000,20000,0.0908
BBOB_f1,PSO/constriction N=40 c1=2.05 c2=2.05 chi=0.7298,ok,,pso,10,18,693886794,0.0,79.48,20000,20000,0.0922
BBOB_f1,PSO/constriction N=40 c1=2.05 c2=2.05 chi=0.7298,ok,,pso,10,19,388140579,3.797821440000007,83.27782144000001,20000,20000,0.0975
BBOB_f1,PSO/constriction N=40 c1=2.05 c2=2.05 chi=0.7298,ok,,pso,10,20,309303727,0.0,79.48,20000,20000,0.0966
BBOB_f1,PSO/constriction N=40 c1=2.05 c2=2.05 chi=0.7298,ok,,pso,10,21,2083364057,0.0,79.48,20000,20000,0.0985
BBOB_f1,PSO/constriction N=40 c1=2.05 c2=2.05 chi=0.7298,ok,,pso,10,22,3005651676,0.0,79.48,20000,20000,0.0966
BBOB_f1,PSO/constriction N=40 c1=2.05 c2=2.05 chi=0.7298,ok,,pso,10,23,2981090056,0.0,79.48,20000,20000,0.106
BBOB_f1,PSO/constriction N=40 c1=2.05 c2=2.05 chi=0.7298,ok,,pso,10,24,1632763740,0.0,79.48,20000,20000,0.1115
BBOB_f1,PSO/constriction N=40 c1=2.05 c2=2.05 chi=0.7298,ok,,pso,10,25,1944020129,0.0,79.48,20000,20000,0.1029
BBOB_f1,PSO/constriction N=40 c1=2.05 c2=2.05 chi=0.7298,ok,,pso,10,26,727845727,0.0,79.48,20000,20000,0.1108
BBOB_f1,PSO/constriction N=40 c1=2.05 c2=2.05 chi=0.7298,ok,,pso,10,27,1012162459,0.0,79.48,20000,20000,0.0975
BBOB_f1,PSO/constriction N=40 c1=2.05 c2=2.05 chi=0.7298,ok,,pso,10,28,2742177322,0.0,79.48,20000,20000,0.1178
BBOB_f1,PSO/constriction N=40 c1=2.05 c2=2.05 chi=0.7298,ok,,pso,10,29,1067120963,0.0,79.48,20000,20000,0.0964
BBOB_f1,RandomSearch,ok,,random,10,0,261206391,8.447973724635915,87.92797372463592,20000,20000,0.5087
BBOB_f1,RandomSearch,ok,,random,10,1,1153361587,10.999450872046026,90.47945087204603,20000,20000,0.4891
BBOB_f1,RandomSearch,ok,,random,10,2,2373407891,11.592955161263731,91.07295516126374,20000,20000,0.4742
BBOB_f1,RandomSearch,ok,,random,10,3,1159981256,11.80163021446306,91.28163021446306,20000,20000,0.4885
BBOB_f1,RandomSearch,ok,,random,10,4,2772035323,9.908120461205698,89.3881204612057,20000,20000,0.5169
BBOB_f1,RandomSearch,ok,,random,10,5,3146128560,13.43899729651028,92.91899729651028,20000,20000,0.4499
BBOB_f1,RandomSearch,ok,,random,10,6,4227390370,10.066325296023606,89.54632529602361,20000,20000,0.4826
BBOB_f1,RandomSearch,ok,,random,10,7,138152530,11.090433095221314,90.57043309522132,20000,20000,0.486
BBOB_f1,RandomSearch,ok,,random,10,8,2827577662,10.686919554618797,90.1669195546188,20000,20000,0.3958
BBOB_f1,RandomSearch,ok,,random,10,9,1356606607,9.488714116116142,88.96871411611615,20000,20000,0.4156
BBOB_f1,RandomSearch,ok,,random,10,10,2878090554,7.544910136080787,87.02491013608079,20000,20000,0.4013
BBOB_f1,RandomSearch,ok,,random,10,11,3150098000,14.29958331645095,93.77958331645095,20000,20000,0.3823
BBOB_f1,RandomSearch,ok,,random,10,12,124373332,10.326914583292634,89.80691458329264,20000,20000,0.3904
BBOB_f1,RandomSearch,ok,,random,10,13,344267538,13.175366794525871,92.65536679452588,20000,20000,0.412
BBOB_f1,RandomSearch,ok,,random,10,14,751757583,6.58379690357927,86.06379690357927,20000,20000,0.3959
BBOB_f1,RandomSearch,ok,,random,10,15,1283660157,9.973845967692682,89.45384596769269,20000,20000,0.3835
BBOB_f1,RandomSearch,ok,,random,10,16,1424346797,7.564204202813869,87.04420420281387,20000,20000,0.3832
BBOB_f1,RandomSearch,ok,,random,10,17,2783443102,14.184827289995368,93.66482728999537,20000,20000,0.3578
BBOB_f1,RandomSearch,ok,,random,10,18,3545694504,10.657935053575926,90.13793505357593,20000,20000,0.3795
BBOB_f1,RandomSearch,ok,,random,10,19,2910039984,10.245362544556613,89.72536254455662,20000,20000,0.3487
BBOB_f1,RandomSearch,ok,,random,10,20,111288983,10.256055403612692,89.7360554036127,20000,20000,0.3484
BBOB_f1,RandomSearch,ok,,random,10,21,1570554110,12.512054406719486,91.99205440671949,20000,20000,0.3414
BBOB_f1,RandomSearch,ok,,random,10,22,36084159,10.748050378717124,90.22805037871713,20000,20000,0.3311
BBOB_f1,RandomSearch,ok,,random,10,23,1328680351,2.8244909170079495,82.30449091700795,20000,20000,0.3538
BBOB_f1,RandomSearch,ok,,random,10,24,798913571,13.610937750674779,93.09093775067478,20000,20000,0.3492
BBOB_f1,RandomSearch,ok,,random,10,25,2622741673,7.7329666897605875,87.21296668976059,20000,20000,0.3703
BBOB_f1,RandomSearch,ok,,random,10,26,2566430699,7.647253852069483,87.12725385206949,20000,20000,0.3485
BBOB_f1,RandomSearch,ok,,random,10,27,456546350,12.00105483183836,91.48105483183836,20000,20000,0.38
BBOB_f1,RandomSearch,ok,,random,10,28,183878153,13.961415162498469,93.44141516249847,20000,20000,0.3654
BBOB_f1,RandomSearch,ok,,random,10,29,519022233,14.895584977649676,94.37558497764968,20000,20000,0.3682
BBOB_f10,CMA-ES/IPOP sigma0=0.3*span ipop=x2,ok,,cmaes,10,0,3365262146,3.552713678800501e-14,-54.93999999999996,20000,20000,2.5731
BBOB_f10,CMA-ES/IPOP sigma0=0.3*span ipop=x2,ok,,cmaes,10,1,156819514,1.4210854715202004e-14,-54.93999999999998,20000,20000,2.7316
BBOB_f10,CMA-ES/IPOP sigma0=0.3*span ipop=x2,ok,,cmaes,10,2,2880665773,2.1316282072803006e-14,-54.939999999999976,20000,20000,2.545
BBOB_f10,CMA-ES/IPOP sigma0=0.3*span ipop=x2,ok,,cmaes,10,3,2178246229,2.1316282072803006e-14,-54.939999999999976,20000,20000,2.7548
BBOB_f10,CMA-ES/IPOP sigma0=0.3*span ipop=x2,ok,,cmaes,10,4,1693671460,3.552713678800501e-14,-54.93999999999996,20000,20000,2.6845
BBOB_f10,CMA-ES/IPOP sigma0=0.3*span ipop=x2,ok,,cmaes,10,5,4283561013,7.105427357601002e-15,-54.93999999999999,20000,20000,2.6812
BBOB_f10,CMA-ES/IPOP sigma0=0.3*span ipop=x2,ok,,cmaes,10,6,2409018369,1.4210854715202004e-14,-54.93999999999998,20000,20000,2.5972
BBOB_f10,CMA-ES/IPOP sigma0=0.3*span ipop=x2,ok,,cmaes,10,7,621256788,1.4210854715202004e-14,-54.93999999999998,20000,20000,2.1769
BBOB_f10,CMA-ES/IPOP sigma0=0.3*span ipop=x2,ok,,cmaes,10,8,2239118472,4.263256414560601e-14,-54.939999999999955,20000,20000,2.2628
BBOB_f10,CMA-ES/IPOP sigma0=0.3*span ipop=x2,ok,,cmaes,10,9,3814582792,7.105427357601002e-15,-54.93999999999999,20000,20000,2.2929
BBOB_f10,CMA-ES/IPOP sigma0=0.3*span ipop=x2,ok,,cmaes,10,10,3123916720,7.105427357601002e-15,-54.93999999999999,20000,20000,2.4658
BBOB_f10,CMA-ES/IPOP sigma0=0.3*span ipop=x2,ok,,cmaes,10,11,4189106224,5.684341886080802e-14,-54.93999999999994,20000,20000,2.6338
BBOB_f10,CMA-ES/IPOP sigma0=0.3*span ipop=x2,ok,,cmaes,10,12,2283703514,7.105427357601002e-15,-54.93999999999999,20000,20000,2.7583
BBOB_f10,CMA-ES/IPOP sigma0=0.3*span ipop=x2,ok,,cmaes,10,13,549681316,2.1316282072803006e-14,-54.939999999999976,20000,20000,2.2827
BBOB_f10,CMA-ES/IPOP sigma0=0.3*span ipop=x2,ok,,cmaes,10,14,3509287465,4.263256414560601e-14,-54.939999999999955,20000,20000,2.3636
BBOB_f10,CMA-ES/IPOP sigma0=0.3*span ipop=x2,ok,,cmaes,10,15,3261088205,1.4210854715202004e-14,-54.93999999999998,20000,20000,2.8959
BBOB_f10,CMA-ES/IPOP sigma0=0.3*span ipop=x2,ok,,cmaes,10,16,2287519343,1.4210854715202004e-14,-54.93999999999998,20000,20000,2.4011
BBOB_f10,CMA-ES/IPOP sigma0=0.3*span ipop=x2,ok,,cmaes,10,17,574965638,3.552713678800501e-14,-54.93999999999996,20000,20000,2.7656
BBOB_f10,CMA-ES/IPOP sigma0=0.3*span ipop=x2,ok,,cmaes,10,18,2091018418,1.4210854715202004e-14,-54.93999999999998,20000,20000,2.4479
BBOB_f10,CMA-ES/IPOP sigma0=0.3*span ipop=x2,ok,,cmaes,10,19,497985793,3.552713678800501e-14,-54.93999999999996,20000,20000,2.6601
BBOB_f10,CMA-ES/IPOP sigma0=0.3*span ipop=x2,ok,,cmaes,10,20,4111663025,2.842170943040401e-14,-54.93999999999997,20000,20000,3.29
BBOB_f10,CMA-ES/IPOP sigma0=0.3*span ipop=x2,ok,,cmaes,10,21,1260853135,2.1316282072803006e-14,-54.939999999999976,20000,20000,2.825
BBOB_f10,CMA-ES/IPOP sigma0=0.3*span ipop=x2,ok,,cmaes,10,22,2358198818,7.105427357601002e-15,-54.93999999999999,20000,20000,2.5966
BBOB_f10,CMA-ES/IPOP sigma0=0.3*span ipop=x2,ok,,cmaes,10,23,4155606002,3.552713678800501e-14,-54.93999999999996,20000,20000,2.6082
BBOB_f10,CMA-ES/IPOP sigma0=0.3*span ipop=x2,ok,,cmaes,10,24,3434884314,2.842170943040401e-14,-54.93999999999997,20000,20000,2.5354
BBOB_f10,CMA-ES/IPOP sigma0=0.3*span ipop=x2,ok,,cmaes,10,25,3563513670,7.105427357601002e-15,-54.93999999999999,20000,20000,2.8659
BBOB_f10,CMA-ES/IPOP sigma0=0.3*span ipop=x2,ok,,cmaes,10,26,3477302,7.105427357601002e-15,-54.93999999999999,20000,20000,2.6341
BBOB_f10,CMA-ES/IPOP sigma0=0.3*span ipop=x2,ok,,cmaes,10,27,132621939,7.105427357601002e-15,-54.93999999999999,20000,20000,2.4938
BBOB_f10,CMA-ES/IPOP sigma0=0.3*span ipop=x2,ok,,cmaes,10,28,1119044948,1.4210854715202004e-14,-54.93999999999998,20000,20000,2.4614
BBOB_f10,CMA-ES/IPOP sigma0=0.3*span ipop=x2,ok,,cmaes,10,29,157536685,4.263256414560601e-14,-54.939999999999955,20000,20000,2.72
BBOB_f10,DE/rand/1/bin F=0.5 CR=0.9 NP=50,ok,,de,10,0,3969172079,7.246467616273826,-47.69353238372617,20000,20000,1.1592
BBOB_f10,DE/rand/1/bin F=0.5 CR=0.9 NP=50,ok,,de,10,1,1980566446,0.06862732216652745,-54.87137267783347,20000,20000,1.1319
BBOB_f10,DE/rand/1/bin F=0.5 CR=0.9 NP=50,ok,,de,10,2,1435575842,7.716602732773666,-47.22339726722633,20000,20000,1.1203
BBOB_f10,DE/rand/1/bin F=0.5 CR=0.9 NP=50,ok,,de,10,3,778917626,12.009972337048481,-42.93002766295152,20000,20000,1.1604
BBOB_f10,DE/rand/1/bin F=0.5 CR=0.9 NP=50,ok,,de,10,4,317428069,137.20763498835043,82.26763498835044,20000,20000,1.0668
BBOB_f10,DE/rand/1/bin F=0.5 CR=0.9 NP=50,ok,,de,10,5,3781326783,24.18626348606508,-30.753736513934918,20000,20000,1.0676
BBOB_f10,DE/rand/1/bin F=0.5 CR=0.9 NP=50,ok,,de,10,6,3391271585,27.867401219508306,-27.072598780491692,20000,20000,1.0664
BBOB_f10,DE/rand/1/bin F=0.5 CR=0.9 NP=50,ok,,de,10,7,1823731432,0.6735993386125685,-54.26640066138743,20000,20000,1.1141
BBOB_f10,DE/rand/1/bin F=0.5 CR=0.9 NP=50,ok,,de,10,8,2218181897,34.140623099499706,-20.79937690050029,20000,20000,1.1369
BBOB_f10,DE/rand/1/bin F=0.5 CR=0.9 NP=50,ok,,de,10,9,2284148251,12.2835022876464,-42.6564977123536,20000,20000,1.125
BBOB_f10,DE/rand/1/bin F=0.5 CR=0.9 NP=50,ok,,de,10,10,748207123,77.81143616339077,22.87143616339077,20000,20000,1.1283
BBOB_f10,DE/rand/1/bin F=0.5 CR=0.9 NP=50,ok,,de,10,11,826507117,5.893422403163527,-49.04657759683647,20000,20000,1.0783
BBOB_f10,DE/rand/1/bin F=0.5 CR=0.9 NP=50,ok,,de,10,12,3925964373,30.926388692449823,-24.013611307550175,20000,20000,1.09
BBOB_f10,DE/rand/1/bin F=0.5 CR=0.9 NP=50,ok,,de,10,13,4202495714,135.9432031946418,81.0032031946418,20000,20000,1.0828
BBOB_f10,DE/rand/1/bin F=0.5 CR=0.9 NP=50,ok,,de,10,14,3219162714,2.9742601286573063,-51.96573987134269,20000,20000,1.0472
BBOB_f10,DE/rand/1/bin F=0.5 CR=0.9 NP=50,ok,,de,10,15,3032798493,0.26547102611926476,-54.67452897388073,20000,20000,1.1027
BBOB_f10,DE/rand/1/bin F=0.5 CR=0.9 NP=50,ok,,de,10,16,5531356,4.313450629243512,-50.626549370756486,20000,20000,1.1104
BBOB_f10,DE/rand/1/bin F=0.5 CR=0.9 NP=50,ok,,de,10,17,3543973,3.2600847621495745,-51.67991523785042,20000,20000,1.1479
BBOB_f10,DE/rand/1/bin F=0.5 CR=0.9 NP=50,ok,,de,10,18,3287672200,1.6713041023668254,-53.26869589763317,20000,20000,1.2288
BBOB_f10,DE/rand/1/bin F=0.5 CR=0.9 NP=50,ok,,de,10,19,2866963478,29.904580251080198,-25.0354197489198,20000,20000,1.2115
BBOB_f10,DE/rand/1/bin F=0.5 CR=0.9 NP=50,ok,,de,10,20,2206195904,425.86146751744377,370.9214675174438,20000,20000,1.2138
BBOB_f10,DE/rand/1/bin F=0.5 CR=0.9 NP=50,ok,,de,10,21,172020680,19.968630908602037,-34.97136909139796,20000,20000,1.2145
BBOB_f10,DE/rand/1/bin F=0.5 CR=0.9 NP=50,ok,,de,10,22,2749005787,103.66556172076817,48.72556172076817,20000,20000,1.0837
BBOB_f10,DE/rand/1/bin F=0.5 CR=0.9 NP=50,ok,,de,10,23,17104508,68.74067366382187,13.800673663821868,20000,20000,1.2528
BBOB_f10,DE/rand/1/bin F=0.5 CR=0.9 NP=50,ok,,de,10,24,2944154827,33.57791908870189,-21.362080911298108,20000,20000,1.1488
BBOB_f10,DE/rand/1/bin F=0.5 CR=0.9 NP=50,ok,,de,10,25,1937788687,2.325456589081874,-52.614543410918124,20000,20000,1.2002
BBOB_f10,DE/rand/1/bin F=0.5 CR=0.9 NP=50,ok,,de,10,26,2997303554,103.05418771965432,48.114187719654325,20000,20000,1.1417
BBOB_f10,DE/rand/1/bin F=0.5 CR=0.9 NP=50,ok,,de,10,27,3881352316,13.350674436808454,-41.589325563191544,20000,20000,1.144
BBOB_f10,DE/rand/1/bin F=0.5 CR=0.9 NP=50,ok,,de,10,28,2342742390,0.6583711971949242,-54.28162880280507,20000,20000,1.1159
BBOB_f10,DE/rand/1/bin F=0.5 CR=0.9 NP=50,ok,,de,10,29,2406283249,3.092129005814776,-51.84787099418522,20000,20000,1.1242
BBOB_f10,GA/SBX NP=50 pc=0.9 eta_c=20.0 eta_m=20.0,ok,,ga,10,0,2012548094,2397.730771749186,2342.7907717491858,20000,20000,0.8685
BBOB_f10,GA/SBX NP=50 pc=0.9 eta_c=20.0 eta_m=20.0,ok,,ga,10,1,2825665818,9853.571890791383,9798.631890791383,20000,20000,0.8455
BBOB_f10,GA/SBX NP=50 pc=0.9 eta_c=20.0 eta_m=20.0,ok,,ga,10,2,853330921,3370.773198955799,3315.833198955799,20000,20000,0.8513
BBOB_f10,GA/SBX NP=50 pc=0.9 eta_c=20.0 eta_m=20.0,ok,,ga,10,3,4291318700,7751.303500872271,7696.363500872271,20000,20000,0.8687
BBOB_f10,GA/SBX NP=50 pc=0.9 eta_c=20.0 eta_m=20.0,ok,,ga,10,4,1376479932,9590.875506539602,9535.935506539601,20000,20000,0.8597
BBOB_f10,GA/SBX NP=50 pc=0.9 eta_c=20.0 eta_m=20.0,ok,,ga,10,5,2316046732,2533.660138398265,2478.720138398265,20000,20000,0.8928
BBOB_f10,GA/SBX NP=50 pc=0.9 eta_c=20.0 eta_m=20.0,ok,,ga,10,6,4014681979,5013.642532208643,4958.702532208644,20000,20000,0.8909
BBOB_f10,GA/SBX NP=50 pc=0.9 eta_c=20.0 eta_m=20.0,ok,,ga,10,7,2931113276,8070.857642749077,8015.9176427490775,20000,20000,0.8636
BBOB_f10,GA/SBX NP=50 pc=0.9 eta_c=20.0 eta_m=20.0,ok,,ga,10,8,139188216,10707.809218228263,10652.869218228263,20000,20000,0.9117
BBOB_f10,GA/SBX NP=50 pc=0.9 eta_c=20.0 eta_m=20.0,ok,,ga,10,9,3638102052,9525.60638738881,9470.66638738881,20000,20000,0.8252
BBOB_f10,GA/SBX NP=50 pc=0.9 eta_c=20.0 eta_m=20.0,ok,,ga,10,10,994145584,7761.123932784788,7706.183932784788,20000,20000,0.7705
BBOB_f10,GA/SBX NP=50 pc=0.9 eta_c=20.0 eta_m=20.0,ok,,ga,10,11,3882032424,4699.79481269623,4644.8548126962305,20000,20000,0.8553
BBOB_f10,GA/SBX NP=50 pc=0.9 eta_c=20.0 eta_m=20.0,ok,,ga,10,12,1260057767,7034.494118343403,6979.554118343403,20000,20000,0.8526
BBOB_f10,GA/SBX NP=50 pc=0.9 eta_c=20.0 eta_m=20.0,ok,,ga,10,13,2410730588,2272.687230968287,2217.747230968287,20000,20000,0.8745
BBOB_f10,GA/SBX NP=50 pc=0.9 eta_c=20.0 eta_m=20.0,ok,,ga,10,14,533885540,1225.7068432161961,1170.766843216196,20000,20000,0.924
BBOB_f10,GA/SBX NP=50 pc=0.9 eta_c=20.0 eta_m=20.0,ok,,ga,10,15,3384710385,8304.37407980694,8249.434079806939,20000,20000,0.8486
BBOB_f10,GA/SBX NP=50 pc=0.9 eta_c=20.0 eta_m=20.0,ok,,ga,10,16,4255567170,2338.038659852945,2283.098659852945,20000,20000,0.9416
BBOB_f10,GA/SBX NP=50 pc=0.9 eta_c=20.0 eta_m=20.0,ok,,ga,10,17,1958397944,8236.206552249525,8181.266552249525,20000,20000,0.9155
BBOB_f10,GA/SBX NP=50 pc=0.9 eta_c=20.0 eta_m=20.0,ok,,ga,10,18,3599418485,1861.657431112598,1806.717431112598,20000,20000,0.921
BBOB_f10,GA/SBX NP=50 pc=0.9 eta_c=20.0 eta_m=20.0,ok,,ga,10,19,729708157,4258.2349698790895,4203.29496987909,20000,20000,0.9773
BBOB_f10,GA/SBX NP=50 pc=0.9 eta_c=20.0 eta_m=20.0,ok,,ga,10,20,3889704541,610.6078669964918,555.6678669964917,20000,20000,0.9109
BBOB_f10,GA/SBX NP=50 pc=0.9 eta_c=20.0 eta_m=20.0,ok,,ga,10,21,2521109116,10616.816703880197,10561.876703880196,20000,20000,0.9138
BBOB_f10,GA/SBX NP=50 pc=0.9 eta_c=20.0 eta_m=20.0,ok,,ga,10,22,360386383,2973.361103316837,2918.421103316837,20000,20000,0.9387
BBOB_f10,GA/SBX NP=50 pc=0.9 eta_c=20.0 eta_m=20.0,ok,,ga,10,23,1714518926,12043.247355193289,11988.307355193288,20000,20000,0.9029
BBOB_f10,GA/SBX NP=50 pc=0.9 eta_c=20.0 eta_m=20.0,ok,,ga,10,24,1781232794,7888.649073875567,7833.709073875568,20000,20000,0.8965
BBOB_f10,GA/SBX NP=50 pc=0.9 eta_c=20.0 eta_m=20.0,ok,,ga,10,25,2106156659,4953.859845038023,4898.919845038024,20000,20000,0.8813
BBOB_f10,GA/SBX NP=50 pc=0.9 eta_c=20.0 eta_m=20.0,ok,,ga,10,26,96021800,9030.622393237509,8975.682393237508,20000,20000,0.9194
BBOB_f10,GA/SBX NP=50 pc=0.9 eta_c=20.0 eta_m=20.0,ok,,ga,10,27,3557631854,4733.077185210762,4678.137185210762,20000,20000,0.8318
BBOB_f10,GA/SBX NP=50 pc=0.9 eta_c=20.0 eta_m=20.0,ok,,ga,10,28,2872466733,6071.81802280112,6016.87802280112,20000,20000,0.9372
BBOB_f10,GA/SBX NP=50 pc=0.9 eta_c=20.0 eta_m=20.0,ok,,ga,10,29,954312854,7210.42306622458,7155.48306622458,20000,20000,0.902
BBOB_f10,PSO/constriction N=40 c1=2.05 c2=2.05 chi=0.7298,ok,,pso,10,0,4156654058,3696.2954413259204,3641.3554413259203,20000,20000,0.1474
BBOB_f10,PSO/constriction N=40 c1=2.05 c2=2.05 chi=0.7298,ok,,pso,10,1,1237901208,7032.954560827343,6978.014560827343,20000,20000,0.1765
BBOB_f10,PSO/constriction N=40 c1=2.05 c2=2.05 chi=0.7298,ok,,pso,10,2,2764776657,3261.4086075161235,3206.4686075161235,20000,20000,0.1527
BBOB_f10,PSO/constriction N=40 c1=2.05 c2=2.05 chi=0.7298,ok,,pso,10,3,967519928,8610.021693009532,8555.081693009532,20000,20000,0.1524
BBOB_f10,PSO/constriction N=40 c1=2.05 c2=2.05 chi=0.7298,ok,,pso,10,4,3187121554,1450.471431453496,1395.531431453496,20000,20000,0.1907
BBOB_f10,PSO/constriction N=40 c1=2.05 c2=2.05 chi=0.7298,ok,,pso,10,5,1928520063,12682.993330172374,12628.053330172374,20000,20000,0.1865
BBOB_f10,PSO/constriction N=40 c1=2.05 c2=2.05 chi=0.7298,ok,,pso,10,6,112067823,8160.740356870909,8105.800356870909,20000,20000,0.1628
BBOB_f10,PSO/constriction N=40 c1=2.05 c2=2.05 chi=0.7298,ok,,pso,10,7,1704275096,361.1304162616888,306.1904162616888,20000,20000,0.1482
BBOB_f10,PSO/constriction N=40 c1=2.05 c2=2.05 chi=0.7298,ok,,pso,10,8,3784701189,5282.735290118126,5227.795290118126,20000,20000,0.1829
BBOB_f10,PSO/constriction N=40 c1=2.05 c2=2.05 chi=0.7298,ok,,pso,10,9,3322092422,2026.8268189801329,1971.8868189801328,20000,20000,0.1553
BBOB_f10,PSO/constriction N=40 c1=2.05 c2=2.05 chi=0.7298,ok,,pso,10,10,3002992755,16011.2303014229,15956.2903014229,20000,20000,0.1559
BBOB_f10,PSO/constriction N=40 c1=2.05 c2=2.05 chi=0.7298,ok,,pso,10,11,2401817058,2414.33776654564,2359.39776654564,20000,20000,0.1449
BBOB_f10,PSO/constriction N=40 c1=2.05 c2=2.05 chi=0.7298,ok,,pso,10,12,1956923039,2554.180104587932,2499.240104587932,20000,20000,0.1439
BBOB_f10,PSO/constriction N=40 c1=2.05 c2=2.05 chi=0.7298,ok,,pso,10,13,3110178387,322.0146609027873,267.0746609027873,20000,20000,0.1715
BBOB_f10,PSO/constriction N=40 c1=2.05 c2=2.05 chi=0.7298,ok,,pso,10,14,3813212859,679.2179049983522,624.2779049983521,20000,20000,0.1497
BBOB_f10,PSO/constriction N=40 c1=2.05 c2=2.05 chi=0.7298,ok,,pso,10,15,238773317,7155.18130540589,7100.241305405891,20000,20000,0.1447
BBOB_f10,PSO/constriction N=40 c1=2.05 c2=2.05 chi=0.7298,ok,,pso,10,16,4161867544,2352.828658981424,2297.8886589814238,20000,20000,0.1585
BBOB_f10,PSO/constriction N=40 c1=2.05 c2=2.05 chi=0.7298,ok,,pso,10,17,3097502222,1475.434786315222,1420.494786315222,20000,20000,0.1536
BBOB_f10,PSO/constriction N=40 c1=2.05 c2=2.05 chi=0.7298,ok,,pso,10,18,3135865103,1127.3131975510166,1072.3731975510166,20000,20000,0.1467
BBOB_f10,PSO/constriction N=40 c1=2.05 c2=2.05 chi=0.7298,ok,,pso,10,19,1858323774,197.99358831842855,143.05358831842855,20000,20000,0.1485
BBOB_f10,PSO/constriction N=40 c1=2.05 c2=2.05 chi=0.7298,ok,,pso,10,20,2250125739,2386.777310479812,2331.837310479812,20000,20000,0.1506
BBOB_f10,PSO/constriction N=40 c1=2.05 c2=2.05 chi=0.7298,ok,,pso,10,21,170397092,2079.7738645195377,2024.8338645195377,20000,20000,0.149
BBOB_f10,PSO/constriction N=40 c1=2.05 c2=2.05 chi=0.7298,ok,,pso,10,22,2753772071,6380.763899500323,6325.823899500323,20000,20000,0.1548
BBOB_f10,PSO/constriction N=40 c1=2.05 c2=2.05 chi=0.7298,ok,,pso,10,23,1587515427,7031.196211017294,6976.256211017295,20000,20000,0.1597
BBOB_f10,PSO/constriction N=40 c1=2.05 c2=2.05 chi=0.7298,ok,,pso,10,24,3826124921,5278.878851407242,5223.9388514072425,20000,20000,0.1628
BBOB_f10,PSO/constriction N=40 c1=2.05 c2=2.05 chi=0.7298,ok,,pso,10,25,40853870,2256.6495221607893,2201.709522160789,20000,20000,0.1565
BBOB_f10,PSO/constriction N=40 c1=2.05 c2=2.05 chi=0.7298,ok,,pso,10,26,2023306888,1501.075976048875,1446.135976048875,20000,20000,0.1559
BBOB_f10,PSO/constriction N=40 c1=2.05 c2=2.05 chi=0.7298,ok,,pso,10,27,1023698765,1102.9198182667712,1047.9798182667712,20000,20000,0.1676
BBOB_f10,PSO/constriction N=40 c1=2.05 c2=2.05 chi=0.7298,ok,,pso,10,28,2396175024,7167.611192699132,7112.671192699132,20000,20000,0.1476
BBOB_f10,PSO/constriction N=40 c1=2.05 c2=2.05 chi=0.7298,ok,,pso,10,29,2153813004,9266.310877214197,9211.370877214196,20000,20000,0.1633
BBOB_f10,RandomSearch,ok,,random,10,0,3785346523,22006.28695899039,21951.34695899039,20000,20000,0.4871
BBOB_f10,RandomSearch,ok,,random,10,1,4069384502,100850.6696956019,100795.7296956019,20000,20000,0.4692
BBOB_f10,RandomSearch,ok,,random,10,2,1018587653,9658.597366160551,9603.65736616055,20000,20000,0.4547
BBOB_f10,RandomSearch,ok,,random,10,3,2002394493,85511.27521407888,85456.33521407888,20000,20000,0.5019
BBOB_f10,RandomSearch,ok,,random,10,4,298936896,103366.2845747996,103311.3445747996,20000,20000,0.4827
BBOB_f10,RandomSearch,ok,,random,10,5,3831656665,72367.37559553536,72312.43559553535,20000,20000,0.5399
BBOB_f10,RandomSearch,ok,,random,10,6,3303050335,53248.99363715014,53194.05363715014,20000,20000,0.5083
BBOB_f10,RandomSearch,ok,,random,10,7,4141535116,35866.788806913675,35811.84880691367,20000,20000,0.5099
BBOB_f10,RandomSearch,ok,,random,10,8,3232555087,56936.120731319024,56881.18073131902,20000,20000,0.5111
BBOB_f10,RandomSearch,ok,,random,10,9,891863497,47833.34562367714,47778.405623677136,20000,20000,0.4735
BBOB_f10,RandomSearch,ok,,random,10,10,3836590210,43490.48397208439,43435.543972084386,20000,20000,0.4732
BBOB_f10,RandomSearch,ok,,random,10,11,3021864088,56553.02141354405,56498.081413544045,20000,20000,0.492
BBOB_f10,RandomSearch,ok,,random,10,12,4274147829,46135.20825334745,46080.26825334745,20000,20000,0.5107
BBOB_f10,RandomSearch,ok,,random,10,13,652039197,50533.610509075304,50478.6705090753,20000,20000,0.4949
BBOB_f10,RandomSearch,ok,,random,10,14,1475258339,52443.76167783255,52388.821677832544,20000,20000,0.5029
BBOB_f10,RandomSearch,ok,,random,10,15,3797302618,73673.341261038,73618.401261038,20000,20000,0.4749
BBOB_f10,RandomSearch,ok,,random,10,16,2669373972,32045.652916684558,31990.71291668456,20000,20000,0.4969
BBOB_f10,RandomSearch,ok,,random,10,17,3246580408,55132.06890510746,55077.12890510746,20000,20000,0.4914
BBOB_f10,RandomSearch,ok,,random,10,18,3345646397,56169.495708689225,56114.55570868922,20000,20000,0.4804
BBOB_f10,RandomSearch,ok,,random,10,19,3011414166,62033.16356081722,61978.22356081722,20000,20000,0.4954
BBOB_f10,RandomSearch,ok,,random,10,20,2771554088,77335.08065033371,77280.1406503337,20000,20000,0.4918
BBOB_f10,RandomSearch,ok,,random,10,21,570033780,53323.73711266145,53268.79711266145,20000,20000,0.4955
BBOB_f10,RandomSearch,ok,,random,10,22,1607466818,75881.76435369019,75826.82435369019,20000,20000,0.4823
BBOB_f10,RandomSearch,ok,,random,10,23,114818471,58829.74144486016,58774.80144486016,20000,20000,0.4914
BBOB_f10,RandomSearch,ok,,random,10,24,3212881324,71378.63975841318,71323.69975841318,20000,20000,0.5003
BBOB_f10,RandomSearch,ok,,random,10,25,2826310815,33018.488362016134,32963.54836201613,20000,20000,0.4895
BBOB_f10,RandomSearch,ok,,random,10,26,3596472658,54179.46114060506,54124.52114060506,20000,20000,0.4666
BBOB_f10,RandomSearch,ok,,random,10,27,2545238710,60141.312167163,60086.372167163,20000,20000,0.4935
BBOB_f10,RandomSearch,ok,,random,10,28,1704557903,57903.768526484186,57848.82852648418,20000,20000,0.5285
BBOB_f10,RandomSearch,ok,,random,10,29,2857128700,43535.55160688523,43480.61160688523,20000,20000,0.5038
BBOB_f11,CMA-ES/IPOP sigma0=0.3*span ipop=x2,ok,,cmaes,10,0,632222043,4.263256414560601e-14,76.27000000000004,20000,20000,2.6371
BBOB_f11,CMA-ES/IPOP sigma0=0.3*span ipop=x2,ok,,cmaes,10,1,1199955831,1.4210854715202004e-14,76.27000000000001,20000,20000,2.5023
BBOB_f11,CMA-ES/IPOP sigma0=0.3*span ipop=x2,ok,,cmaes,10,2,2814779272,0.0,76.27,20000,20000,2.9375
BBOB_f11,CMA-ES/IPOP sigma0=0.3*span ipop=x2,ok,,cmaes,10,3,1347297422,2.842170943040401e-14,76.27000000000002,20000,20000,2.8174
BBOB_f11,CMA-ES/IPOP sigma0=0.3*span ipop=x2,ok,,cmaes,10,4,3874014225,2.842170943040401e-14,76.27000000000002,20000,20000,2.3028
BBOB_f11,CMA-ES/IPOP sigma0=0.3*span ipop=x2,ok,,cmaes,10,5,4145022062,1.4210854715202004e-14,76.27000000000001,20000,20000,2.1749
BBOB_f11,CMA-ES/IPOP sigma0=0.3*span ipop=x2,ok,,cmaes,10,6,3389960653,2.842170943040401e-14,76.27000000000002,20000,20000,2.3102
BBOB_f11,CMA-ES/IPOP sigma0=0.3*span ipop=x2,ok,,cmaes,10,7,2915880454,1.4210854715202004e-14,76.27000000000001,20000,20000,2.6524
BBOB_f11,CMA-ES/IPOP sigma0=0.3*span ipop=x2,ok,,cmaes,10,8,95518755,2.842170943040401e-14,76.27000000000002,20000,20000,2.5654
BBOB_f11,CMA-ES/IPOP sigma0=0.3*span ipop=x2,ok,,cmaes,10,9,884511196,5.684341886080802e-14,76.27000000000005,20000,20000,2.5415
BBOB_f11,CMA-ES/IPOP sigma0=0.3*span ipop=x2,ok,,cmaes,10,10,4105944827,1.4210854715202004e-14,76.27000000000001,20000,20000,2.9652
BBOB_f11,CMA-ES/IPOP sigma0=0.3*span ipop=x2,ok,,cmaes,10,11,1267240572,1.4210854715202004e-14,76.27000000000001,20000,20000,2.9264
BBOB_f11,CMA-ES/IPOP sigma0=0.3*span ipop=x2,ok,,cmaes,10,12,3453383298,2.842170943040401e-14,76.27000000000002,20000,20000,2.5931
BBOB_f11,CMA-ES/IPOP sigma0=0.3*span ipop=x2,ok,,cmaes,10,13,3715725176,1.4210854715202004e-14,76.27000000000001,20000,20000,2.7274
BBOB_f11,CMA-ES/IPOP sigma0=0.3*span ipop=x2,ok,,cmaes,10,14,4166894459,1.4210854715202004e-14,76.27000000000001,20000,20000,3.1005
BBOB_f11,CMA-ES/IPOP sigma0=0.3*span ipop=x2,ok,,cmaes,10,15,996481762,2.842170943040401e-14,76.27000000000002,20000,20000,2.6786
BBOB_f11,CMA-ES/IPOP sigma0=0.3*span ipop=x2,ok,,cmaes,10,16,3299126680,1.4210854715202004e-14,76.27000000000001,20000,20000,2.2974
BBOB_f11,CMA-ES/IPOP sigma0=0.3*span ipop=x2,ok,,cmaes,10,17,2235124645,1.4210854715202004e-14,76.27000000000001,20000,20000,2.7596
BBOB_f11,CMA-ES/IPOP sigma0=0.3*span ipop=x2,ok,,cmaes,10,18,2573711734,1.4210854715202004e-14,76.27000000000001,20000,20000,2.5005
BBOB_f11,CMA-ES/IPOP sigma0=0.3*span ipop=x2,ok,,cmaes,10,19,1600129641,1.4210854715202004e-14,76.27000000000001,20000,20000,2.2839
BBOB_f11,CMA-ES/IPOP sigma0=0.3*span ipop=x2,ok,,cmaes,10,20,3333420811,0.0,76.27,20000,20000,2.4731
BBOB_f11,CMA-ES/IPOP sigma0=0.3*span ipop=x2,ok,,cmaes,10,21,4076316061,1.4210854715202004e-14,76.27000000000001,20000,20000,2.6422
BBOB_f11,CMA-ES/IPOP sigma0=0.3*span ipop=x2,ok,,cmaes,10,22,2609813637,1.4210854715202004e-14,76.27000000000001,20000,20000,2.4288
BBOB_f11,CMA-ES/IPOP sigma0=0.3*span ipop=x2,ok,,cmaes,10,23,2399010405,1.4210854715202004e-14,76.27000000000001,20000,20000,2.5379
BBOB_f11,CMA-ES/IPOP sigma0=0.3*span ipop=x2,ok,,cmaes,10,24,2041457050,1.4210854715202004e-14,76.27000000000001,20000,20000,2.3892
BBOB_f11,CMA-ES/IPOP sigma0=0.3*span ipop=x2,ok,,cmaes,10,25,2732198291,2.842170943040401e-14,76.27000000000002,20000,20000,2.4447
BBOB_f11,CMA-ES/IPOP sigma0=0.3*span ipop=x2,ok,,cmaes,10,26,2589248828,1.4210854715202004e-14,76.27000000000001,20000,20000,2.3277
BBOB_f11,CMA-ES/IPOP sigma0=0.3*span ipop=x2,ok,,cmaes,10,27,3132961974,4.263256414560601e-14,76.27000000000004,20000,20000,2.3582
BBOB_f11,CMA-ES/IPOP sigma0=0.3*span ipop=x2,ok,,cmaes,10,28,3327219237,1.4210854715202004e-14,76.27000000000001,20000,20000,2.5249
BBOB_f11,CMA-ES/IPOP sigma0=0.3*span ipop=x2,ok,,cmaes,10,29,2358599179,1.4210854715202004e-14,76.27000000000001,20000,20000,2.9893
BBOB_f11,DE/rand/1/bin F=0.5 CR=0.9 NP=50,ok,,de,10,0,489584201,0.7667551321876971,77.0367551321877,20000,20000,0.9192
BBOB_f11,DE/rand/1/bin F=0.5 CR=0.9 NP=50,ok,,de,10,1,1411962461,0.005298102578109365,76.2752981025781,20000,20000,0.8666
BBOB_f11,DE/rand/1/bin F=0.5 CR=0.9 NP=50,ok,,de,10,2,463080130,6.985260685525489,83.25526068552549,20000,20000,0.8754
BBOB_f11,DE/rand/1/bin F=0.5 CR=0.9 NP=50,ok,,de,10,3,49414541,0.014529582799454488,76.28452958279945,20000,20000,0.9033
BBOB_f11,DE/rand/1/bin F=0.5 CR=0.9 NP=50,ok,,de,10,4,2376804155,0.17515762402287294,76.44515762402287,20000,20000,0.8982
BBOB_f11,DE/rand/1/bin F=0.5 CR=0.9 NP=50,ok,,de,10,5,1204182152,2.347158550968956,78.61715855096895,20000,20000,0.8722
BBOB_f11,DE/rand/1/bin F=0.5 CR=0.9 NP=50,ok,,de,10,6,1035667780,0.11713156483232012,76.38713156483232,20000,20000,1.0889
BBOB_f11,DE/rand/1/bin F=0.5 CR=0.9 NP=50,ok,,de,10,7,130285371,0.8386508232329248,77.10865082323292,20000,20000,1.0745
BBOB_f11,DE/rand/1/bin F=0.5 CR=0.9 NP=50,ok,,de,10,8,3515647043,2.1741674648818616,78.44416746488186,20000,20000,1.0874
BBOB_f11,DE/rand/1/bin F=0.5 CR=0.9 NP=50,ok,,de,10,9,1488199719,0.5332878672612793,76.80328786726128,20000,20000,1.1171
BBOB_f11,DE/rand/1/bin F=0.5 CR=0.9 NP=50,ok,,de,10,10,1023827099,5.921469906411403e-05,76.27005921469906,20000,20000,1.1304
BBOB_f11,DE/rand/1/bin F=0.5 CR=0.9 NP=50,ok,,de,10,11,4247928967,0.13482648021350485,76.4048264802135,20000,20000,1.0817
BBOB_f11,DE/rand/1/bin F=0.5 CR=0.9 NP=50,ok,,de,10,12,192375324,0.1630638587442519,76.43306385874425,20000,20000,1.1376
BBOB_f11,DE/rand/1/bin F=0.5 CR=0.9 NP=50,ok,,de,10,13,1529822893,0.2544766252154176,76.52447662521541,20000,20000,1.1061
BBOB_f11,DE/rand/1/bin F=0.5 CR=0.9 NP=50,ok,,de,10,14,2133711026,0.061511174859887774,76.33151117485988,20000,20000,0.914
BBOB_f11,DE/rand/1/bin F=0.5 CR=0.9 NP=50,ok,,de,10,15,2363462900,0.0005391265002430146,76.27053912650024,20000,20000,0.8805
BBOB_f11,DE/rand/1/bin F=0.5 CR=0.9 NP=50,ok,,de,10,16,1421385095,2.345844972808351,78.61584497280835,20000,20000,0.8769
BBOB_f11,DE/rand/1/bin F=0.5 CR=0.9 NP=50,ok,,de,10,17,819408962,0.24961637711318474,76.51961637711318,20000,20000,0.8825
BBOB_f11,DE/rand/1/bin F=0.5 CR=0.9 NP=50,ok,,de,10,18,3846917974,0.8406107944997814,77.11061079449978,20000,20000,0.9133
BBOB_f11,DE/rand/1/bin F=0.5 CR=0.9 NP=50,ok,,de,10,19,1426532731,0.21622017237137925,76.48622017237138,20000,20000,0.9221
BBOB_f11,DE/rand/1/bin F=0.5 CR=0.9 NP=50,ok,,de,10,20,711047992,0.030826788968809637,76.3008267889688,20000,20000,0.8831
BBOB_f11,DE/rand/1/bin F=0.5 CR=0.9 NP=50,ok,,de,10,21,918954890,4.018123533455764e-06,76.27000401812353,20000,20000,0.9312
BBOB_f11,DE/rand/1/bin F=0.5 CR=0.9 NP=50,ok,,de,10,22,2420111711,0.21495120142729718,76.4849512014273,20000,20000,0.8654
BBOB_f11,DE/rand/1/bin F=0.5 CR=0.9 NP=50,ok,,de,10,23,57280755,0.01915132717849133,76.28915132717849,20000,20000,0.8887
BBOB_f11,DE/rand/1/bin F=0.5 CR=0.9 NP=50,ok,,de,10,24,1282794113,0.05494620548699913,76.324946205487,20000,20000,0.8745
BBOB_f11,DE/rand/1/bin F=0.5 CR=0.9 NP=50,ok,,de,10,25,386007988,0.3790385517853281,76.64903855178532,20000,20000,0.9045
BBOB_f11,DE/rand/1/bin F=0.5 CR=0.9 NP=50,ok,,de,10,26,2813329432,0.8562669248331929,77.12626692483319,20000,20000,0.8685
BBOB_f11,DE/rand/1/bin F=0.5 CR=0.9 NP=50,ok,,de,10,27,4097009075,0.19206706363308967,76.46206706363309,20000,20000,0.8722
BBOB_f11,DE/rand/1/bin F=0.5 CR=0.9 NP=50,ok,,de,10,28,1501593377,0.0523576027650563,76.32235760276505,20000,20000,0.8569
BBOB_f11,DE/rand/1/bin F=0.5 CR=0.9 NP=50,ok,,de,10,29,137808171,0.0700526557247656,76.34005265572476,20000,20000,0.8982
BBOB_f11,GA/SBX NP=50 pc=0.9 eta_c=20.0 eta_m=20.0,ok,,ga,10,0,3981173777,51.59165861919004,127.86165861919004,20000,20000,0.7203
BBOB_f11,GA/SBX NP=50 pc=0.9 eta_c=20.0 eta_m=20.0,ok,,ga,10,1,4068075810,44.20032867822566,120.47032867822566,20000,20000,0.7036
BBOB_f11,GA/SBX NP=50 pc=0.9 eta_c=20.0 eta_m=20.0,ok,,ga,10,2,3939037974,17.317046200250374,93.58704620025037,20000,20000,0.7273
BBOB_f11,GA/SBX NP=50 pc=0.9 eta_c=20.0 eta_m=20.0,ok,,ga,10,3,2591781098,22.84446676291158,99.11446676291158,20000,20000,0.7305
BBOB_f11,GA/SBX NP=50 pc=0.9 eta_c=20.0 eta_m=20.0,ok,,ga,10,4,526213090,52.491865063134426,128.76186506313442,20000,20000,0.7151
BBOB_f11,GA/SBX NP=50 pc=0.9 eta_c=20.0 eta_m=20.0,ok,,ga,10,5,2262367640,38.77812606309119,115.04812606309119,20000,20000,0.7165
BBOB_f11,GA/SBX NP=50 pc=0.9 eta_c=20.0 eta_m=20.0,ok,,ga,10,6,2621198885,36.45559289091163,112.72559289091163,20000,20000,0.7125
BBOB_f11,GA/SBX NP=50 pc=0.9 eta_c=20.0 eta_m=20.0,ok,,ga,10,7,4130966870,84.77284917722905,161.04284917722904,20000,20000,0.7159
BBOB_f11,GA/SBX NP=50 pc=0.9 eta_c=20.0 eta_m=20.0,ok,,ga,10,8,1720955475,67.31074544755852,143.5807454475585,20000,20000,0.7625
BBOB_f11,GA/SBX NP=50 pc=0.9 eta_c=20.0 eta_m=20.0,ok,,ga,10,9,2480725291,47.69777526313236,123.96777526313235,20000,20000,0.7717
BBOB_f11,GA/SBX NP=50 pc=0.9 eta_c=20.0 eta_m=20.0,ok,,ga,10,10,520522648,30.623642773568974,106.89364277356897,20000,20000,0.7759
BBOB_f11,GA/SBX NP=50 pc=0.9 eta_c=20.0 eta_m=20.0,ok,,ga,10,11,3500604124,55.69055667899731,131.9605566789973,20000,20000,0.7935
BBOB_f11,GA/SBX NP=50 pc=0.9 eta_c=20.0 eta_m=20.0,ok,,ga,10,12,3027752456,45.22154535886297,121.49154535886296,20000,20000,0.8025
BBOB_f11,GA/SBX NP=50 pc=0.9 eta_c=20.0 eta_m=20.0,ok,,ga,10,13,2478510564,15.733461589198242,92.00346158919824,20000,20000,0.8559
BBOB_f11,GA/SBX NP=50 pc=0.9 eta_c=20.0 eta_m=20.0,ok,,ga,10,14,395443408,29.037640961753468,105.30764096175346,20000,20000,0.8053
BBOB_f11,GA/SBX NP=50 pc=0.9 eta_c=20.0 eta_m=20.0,ok,,ga,10,15,4157888089,23.63523132724295,99.90523132724294,20000,20000,0.8406
BBOB_f11,GA/SBX NP=50 pc=0.9 eta_c=20.0 eta_m=20.0,ok,,ga,10,16,1030065228,34.98856796726962,111.25856796726961,20000,20000,0.9591
BBOB_f11,GA/SBX NP=50 pc=0.9 eta_c=20.0 eta_m=20.0,ok,,ga,10,17,1153281587,19.268773933411424,95.53877393341142,20000,20000,0.9593
BBOB_f11,GA/SBX NP=50 pc=0.9 eta_c=20.0 eta_m=20.0,ok,,ga,10,18,2991470827,25.029347546327443,101.29934754632744,20000,20000,0.9318
BBOB_f11,GA/SBX NP=50 pc=0.9 eta_c=20.0 eta_m=20.0,ok,,ga,10,19,1521154227,26.64799585056413,102.91799585056413,20000,20000,0.9467
BBOB_f11,GA/SBX NP=50 pc=0.9 eta_c=20.0 eta_m=20.0,ok,,ga,10,20,3070264054,27.843862580357737,104.11386258035773,20000,20000,1.0481
BBOB_f11,GA/SBX NP=50 pc=0.9 eta_c=20.0 eta_m=20.0,ok,,ga,10,21,1242946340,28.668385815517254,104.93838581551725,20000,20000,0.978
BBOB_f11,GA/SBX NP=50 pc=0.9 eta_c=20.0 eta_m=20.0,ok,,ga,10,22,1910355814,35.068677921819514,111.33867792181951,20000,20000,0.9155
BBOB_f11,GA/SBX NP=50 pc=0.9 eta_c=20.0 eta_m=20.0,ok,,ga,10,23,3020984921,20.79221930947739,97.06221930947738,20000,20000,0.9202
BBOB_f11,GA/SBX NP=50 pc=0.9 eta_c=20.0 eta_m=20.0,ok,,ga,10,24,2637524430,35.66203352448399,111.93203352448398,20000,20000,0.9535
BBOB_f11,GA/SBX NP=50 pc=0.9 eta_c=20.0 eta_m=20.0,ok,,ga,10,25,2401736878,39.185207102584414,115.45520710258441,20000,20000,0.9354
BBOB_f11,GA/SBX NP=50 pc=0.9 eta_c=20.0 eta_m=20.0,ok,,ga,10,26,2391453450,19.800785644966524,96.07078564496652,20000,20000,0.957
BBOB_f11,GA/SBX NP=50 pc=0.9 eta_c=20.0 eta_m=20.0,ok,,ga,10,27,2322817993,45.223219588197935,121.49321958819793,20000,20000,0.9869
BBOB_f11,GA/SBX NP=50 pc=0.9 eta_c=20.0 eta_m=20.0,ok,,ga,10,28,612181193,57.582086422583856,133.85208642258385,20000,20000,0.9076
BBOB_f11,GA/SBX NP=50 pc=0.9 eta_c=20.0 eta_m=20.0,ok,,ga,10,29,2885046221,21.342745135617406,97.6127451356174,20000,20000,0.9187
BBOB_f11,PSO/constriction N=40 c1=2.05 c2=2.05 chi=0.7298,ok,,pso,10,0,1966441463,50.99684813634252,127.26684813634252,20000,20000,0.1271
BBOB_f11,PSO/constriction N=40 c1=2.05 c2=2.05 chi=0.7298,ok,,pso,10,1,2148263482,34.89838835643165,111.16838835643165,20000,20000,0.1173
BBOB_f11,PSO/constriction N=40 c1=2.05 c2=2.05 chi=0.7298,ok,,pso,10,2,3301512240,31.061790323026727,107.33179032302672,20000,20000,0.1242
BBOB_f11,PSO/constriction N=40 c1=2.05 c2=2.05 chi=0.7298,ok,,pso,10,3,4075552842,9.68007319195948,85.95007319195948,20000,20000,0.1185
BBOB_f11,PSO/constriction N=40 c1=2.05 c2=2.05 chi=0.7298,ok,,pso,10,4,3358312129,93.78038277119715,170.05038277119715,20000,20000,0.1195
BBOB_f11,PSO/constriction N=40 c1=2.05 c2=2.05 chi=0.7298,ok,,pso,10,5,3398510872,41.373371180605346,117.64337118060534,20000,20000,0.1151
BBOB_f11,PSO/constriction N=40 c1=2.05 c2=2.05 chi=0.7298,ok,,pso,10,6,836745112,45.49021225809555,121.76021225809555,20000,20000,0.1212
BBOB_f11,PSO/constriction N=40 c1=2.05 c2=2.05 chi=0.7298,ok,,pso,10,7,1923490157,37.6560243643672,113.9260243643672,20000,20000,0.1363
BBOB_f11,PSO/constriction N=40 c1=2.05 c2=2.05 chi=0.7298,ok,,pso,10,8,711108122,6.3568172911248695,82.62681729112487,20000,20000,0.1308
BBOB_f11,PSO/constriction N=40 c1=2.05 c2=2.05 chi=0.7298,ok,,pso,10,9,4045180323,30.196672874200146,106.46667287420014,20000,20000,0.1462
BBOB_f11,PSO/constriction N=40 c1=2.05 c2=2.05 chi=0.7298,ok,,pso,10,10,1265550246,25.527514745643586,101.79751474564358,20000,20000,0.1416
BBOB_f11,PSO/constriction N=40 c1=2.05 c2=2.05 chi=0.7298,ok,,pso,10,11,567241466,54.081481773090005,130.35148177309,20000,20000,0.1345
BBOB_f11,PSO/constriction N=40 c1=2.05 c2=2.05 chi=0.7298,ok,,pso,10,12,1267619595,15.075298502942971,91.34529850294297,20000,20000,0.2122
BBOB_f11,PSO/constriction N=40 c1=2.05 c2=2.05 chi=0.7298,ok,,pso,10,13,2754191622,59.21346165412278,135.48346165412278,20000,20000,0.1146
BBOB_f11,PSO/constriction N=40 c1=2.05 c2=2.05 chi=0.7298,ok,,pso,10,14,3313582272,57.48918855116041,133.7591885511604,20000,20000,0.1181
BBOB_f11,PSO/constriction N=40 c1=2.05 c2=2.05 chi=0.7298,ok,,pso,10,15,3446936992,28.078258228113995,104.34825822811399,20000,20000,0.1223
BBOB_f11,PSO/constriction N=40 c1=2.05 c2=2.05 chi=0.7298,ok,,pso,10,16,437993905,56.31520938749337,132.58520938749336,20000,20000,0.1161
BBOB_f11,PSO/constriction N=40 c1=2.05 c2=2.05 chi=0.7298,ok,,pso,10,17,855856730,46.43154588091022,122.70154588091022,20000,20000,0.1364
BBOB_f11,PSO/constriction N=40 c1=2.05 c2=2.05 chi=0.7298,ok,,pso,10,18,4093033586,64.34292456798725,140.61292456798725,20000,20000,0.1231
BBOB_f11,PSO/constriction N=40 c1=2.05 c2=2.05 chi=0.7298,ok,,pso,10,19,2691628901,54.93693041484816,131.20693041484816,20000,20000,0.1311
BBOB_f11,PSO/constriction N=40 c1=2.05 c2=2.05 chi=0.7298,ok,,pso,10,20,489843517,55.16393034994279,131.43393034994278,20000,20000,0.1279
BBOB_f11,PSO/constriction N=40 c1=2.05 c2=2.05 chi=0.7298,ok,,pso,10,21,4031912525,24.568776630783717,100.83877663078371,20000,20000,0.1284
BBOB_f11,PSO/constriction N=40 c1=2.05 c2=2.05 chi=0.7298,ok,,pso,10,22,697982993,9.648262275835663,85.91826227583566,20000,20000,0.1279
BBOB_f11,PSO/constriction N=40 c1=2.05 c2=2.05 chi=0.7298,ok,,pso,10,23,2679699557,24.705080935139165,100.97508093513916,20000,20000,0.125
BBOB_f11,PSO/constriction N=40 c1=2.05 c2=2.05 chi=0.7298,ok,,pso,10,24,857722150,27.834113713136148,104.10411371313614,20000,20000,0.1242
BBOB_f11,PSO/constriction N=40 c1=2.05 c2=2.05 chi=0.7298,ok,,pso,10,25,1351621384,15.530151467544115,91.80015146754411,20000,20000,0.1272
BBOB_f11,PSO/constriction N=40 c1=2.05 c2=2.05 chi=0.7298,ok,,pso,10,26,4072979021,27.476328095150933,103.74632809515093,20000,20000,0.1203
BBOB_f11,PSO/constriction N=40 c1=2.05 c2=2.05 chi=0.7298,ok,,pso,10,27,2020373094,22.066153164097074,98.33615316409707,20000,20000,0.1358
BBOB_f11,PSO/constriction N=40 c1=2.05 c2=2.05 chi=0.7298,ok,,pso,10,28,2643299325,33.338128871128234,109.60812887112823,20000,20000,0.1359
BBOB_f11,PSO/constriction N=40 c1=2.05 c2=2.05 chi=0.7298,ok,,pso,10,29,4084679435,50.165865437646644,126.43586543764664,20000,20000,0.1413
BBOB_f11,RandomSearch,ok,,random,10,0,83729463,54.0298953148144,130.2998953148144,20000,20000,0.4433
BBOB_f11,RandomSearch,ok,,random,10,1,2009235716,42.34239864046769,118.61239864046769,20000,20000,0.4928
BBOB_f11,RandomSearch,ok,,random,10,2,3925760046,33.195738395100975,109.46573839510097,20000,20000,0.4804
BBOB_f11,RandomSearch,ok,,random,10,3,3287681663,47.83171429639275,124.10171429639274,20000,20000,0.5117
BBOB_f11,RandomSearch,ok,,random,10,4,1653809748,50.248879021377164,126.51887902137716,20000,20000,0.5083
BBOB_f11,RandomSearch,ok,,random,10,5,327082552,52.75328554616182,129.02328554616182,20000,20000,0.4814
BBOB_f11,RandomSearch,ok,,random,10,6,1411133517,53.55889625944728,129.82889625944728,20000,20000,0.4844
BBOB_f11,RandomSearch,ok,,random,10,7,2005317449,27.713271620462635,103.98327162046263,20000,20000,0.4691
BBOB_f11,RandomSearch,ok,,random,10,8,4034184605,49.63792468847062,125.90792468847062,20000,20000,0.4975
BBOB_f11,RandomSearch,ok,,random,10,9,3489079469,40.87499310082248,117.14499310082248,20000,20000,0.4749
BBOB_f11,RandomSearch,ok,,random,10,10,1285568522,41.77886965197719,118.04886965197718,20000,20000,0.5113
BBOB_f11,RandomSearch,ok,,random,10,11,4168622476,33.564239224445686,109.83423922444568,20000,20000,0.478
BBOB_f11,RandomSearch,ok,,random,10,12,922384398,35.87424553439254,112.14424553439254,20000,20000,0.4571
BBOB_f11,RandomSearch,ok,,random,10,13,174327316,40.40887652209672,116.67887652209672,20000,20000,0.5528
BBOB_f11,RandomSearch,ok,,random,10,14,139721533,37.56093232431569,113.83093232431568,20000,20000,0.5133
BBOB_f11,RandomSearch,ok,,random,10,15,112548314,55.95225839567006,132.22225839567005,20000,20000,0.4909
BBOB_f11,RandomSearch,ok,,random,10,16,1218274311,35.568241795091026,111.83824179509102,20000,20000,0.5219
BBOB_f11,RandomSearch,ok,,random,10,17,4230379657,38.216057992740744,114.48605799274074,20000,20000,0.5127
BBOB_f11,RandomSearch,ok,,random,10,18,3961345573,46.719091960745274,122.98909196074527,20000,20000,0.5234
BBOB_f11,RandomSearch,ok,,random,10,19,1021163355,49.33292970356521,125.60292970356521,20000,20000,0.4953
BBOB_f11,RandomSearch,ok,,random,10,20,287082918,30.70631179018342,106.97631179018342,20000,20000,0.4794
BBOB_f11,RandomSearch,ok,,random,10,21,1500725172,53.138098147652,129.408098147652,20000,20000,0.4554
BBOB_f11,RandomSearch,ok,,random,10,22,368469104,67.08917025150684,143.35917025150684,20000,20000,0.4282
BBOB_f11,RandomSearch,ok,,random,10,23,1481421653,54.96026771395633,131.23026771395632,20000,20000,0.417
BBOB_f11,RandomSearch,ok,,random,10,24,3647499674,36.875771648279155,113.14577164827915,20000,20000,0.393
BBOB_f11,RandomSearch,ok,,random,10,25,899202236,47.202107958373844,123.47210795837384,20000,20000,0.4065
BBOB_f11,RandomSearch,ok,,random,10,26,525966072,55.385120951424355,131.65512095142435,20000,20000,0.3974
BBOB_f11,RandomSearch,ok,,random,10,27,2268348596,27.578874800834868,103.84887480083486,20000,20000,0.3892
BBOB_f11,RandomSearch,ok,,random,10,28,369841142,71.03811504738006,147.30811504738006,20000,20000,0.4093
BBOB_f11,RandomSearch,ok,,random,10,29,2691550910,25.51804579181602,101.78804579181602,20000,20000,0.405
BBOB_f12,CMA-ES/IPOP sigma0=0.3*span ipop=x2,ok,,cmaes,10,0,4195601342,4.547473508864641e-13,-621.1099999999996,20000,20000,2.6686
BBOB_f12,CMA-ES/IPOP sigma0=0.3*span ipop=x2,ok,,cmaes,10,1,2056846071,2.2737367544323206e-13,-621.1099999999998,20000,20000,2.712
BBOB_f12,CMA-ES/IPOP sigma0=0.3*span ipop=x2,ok,,cmaes,10,2,1844096280,4.547473508864641e-13,-621.1099999999996,20000,20000,2.9975
BBOB_f12,CMA-ES/IPOP sigma0=0.3*span ipop=x2,ok,,cmaes,10,3,473542109,4.547473508864641e-13,-621.1099999999996,20000,20000,2.8156
BBOB_f12,CMA-ES/IPOP sigma0=0.3*span ipop=x2,ok,,cmaes,10,4,974633316,2.2737367544323206e-13,-621.1099999999998,20000,20000,3.1368
BBOB_f12,CMA-ES/IPOP sigma0=0.3*span ipop=x2,ok,,cmaes,10,5,4028274289,1.1368683772161603e-13,-621.1099999999999,20000,20000,2.7325
BBOB_f12,CMA-ES/IPOP sigma0=0.3*span ipop=x2,ok,,cmaes,10,6,1094736338,1.1368683772161603e-13,-621.1099999999999,20000,20000,2.9916
BBOB_f12,CMA-ES/IPOP sigma0=0.3*span ipop=x2,ok,,cmaes,10,7,3366955061,1.1368683772161603e-13,-621.1099999999999,20000,20000,2.5319
BBOB_f12,CMA-ES/IPOP sigma0=0.3*span ipop=x2,ok,,cmaes,10,8,4036708437,6.499476512544788e-10,-621.1099999993501,20000,20000,2.9371
BBOB_f12,CMA-ES/IPOP sigma0=0.3*span ipop=x2,ok,,cmaes,10,9,2174900957,1.1368683772161603e-13,-621.1099999999999,20000,20000,3.0917
BBOB_f12,CMA-ES/IPOP sigma0=0.3*span ipop=x2,ok,,cmaes,10,10,2473734638,2.2737367544323206e-13,-621.1099999999998,20000,20000,3.23
BBOB_f12,CMA-ES/IPOP sigma0=0.3*span ipop=x2,ok,,cmaes,10,11,3343686077,2.2737367544323206e-13,-621.1099999999998,20000,20000,3.1889
BBOB_f12,CMA-ES/IPOP sigma0=0.3*span ipop=x2,ok,,cmaes,10,12,3166686329,0.0,-621.11,20000,20000,2.7778
BBOB_f12,CMA-ES/IPOP sigma0=0.3*span ipop=x2,ok,,cmaes,10,13,2407578340,1.1368683772161603e-13,-621.1099999999999,20000,20000,2.5958
BBOB_f12,CMA-ES/IPOP sigma0=0.3*span ipop=x2,ok,,cmaes,10,14,2733696573,2.2737367544323206e-13,-621.1099999999998,20000,20000,2.4746
BBOB_f12,CMA-ES/IPOP sigma0=0.3*span ipop=x2,ok,,cmaes,10,15,58340847,2.2737367544323206e-13,-621.1099999999998,20000,20000,2.7551
BBOB_f12,CMA-ES/IPOP sigma0=0.3*span ipop=x2,ok,,cmaes,10,16,945268572,0.0,-621.11,20000,20000,2.8409
BBOB_f12,CMA-ES/IPOP sigma0=0.3*span ipop=x2,ok,,cmaes,10,17,3084614164,1.1368683772161603e-13,-621.1099999999999,20000,20000,3.2849
BBOB_f12,CMA-ES/IPOP sigma0=0.3*span ipop=x2,ok,,cmaes,10,18,3311432695,0.0002696628569083259,-621.1097303371431,20000,20000,3.4715
BBOB_f12,CMA-ES/IPOP sigma0=0.3*span ipop=x2,ok,,cmaes,10,19,1862723457,3.410605131648481e-13,-621.1099999999997,20000,20000,2.6781
BBOB_f12,CMA-ES/IPOP sigma0=0.3*span ipop=x2,ok,,cmaes,10,20,2402467305,3.410605131648481e-13,-621.1099999999997,20000,20000,3.3411
BBOB_f12,CMA-ES/IPOP sigma0=0.3*span ipop=x2,ok,,cmaes,10,21,1746430178,2.2737367544323206e-13,-621.1099999999998,20000,20000,3.2608
BBOB_f12,CMA-ES/IPOP sigma0=0.3*span ipop=x2,ok,,cmaes,10,22,1512140247,2.4556356947869062e-11,-621.1099999999755,20000,20000,3.5343
BBOB_f12,CMA-ES/IPOP sigma0=0.3*span ipop=x2,ok,,cmaes,10,23,4212308572,0.0,-621.11,20000,20000,3.1485
BBOB_f12,CMA-ES/IPOP sigma0=0.3*span ipop=x2,ok,,cmaes,10,24,3090463072,2.2737367544323206e-13,-621.1099999999998,20000,20000,3.0358
BBOB_f12,CMA-ES/IPOP sigma0=0.3*span ipop=x2,ok,,cmaes,10,25,4021784232,2.2737367544323206e-13,-621.1099999999998,20000,20000,3.148
BBOB_f12,CMA-ES/IPOP sigma0=0.3*span ipop=x2,ok,,cmaes,10,26,401269955,1.1368683772161603e-13,-621.1099999999999,20000,20000,2.9601
BBOB_f12,CMA-ES/IPOP sigma0=0.3*span ipop=x2,ok,,cmaes,10,27,345654585,1.1368683772161603e-13,-621.1099999999999,20000,20000,2.447
BBOB_f12,CMA-ES/IPOP sigma0=0.3*span ipop=x2,ok,,cmaes,10,28,1498983973,2.2737367544323206e-13,-621.1099999999998,20000,20000,2.7345
BBOB_f12,CMA-ES/IPOP sigma0=0.3*span ipop=x2,ok,,cmaes,10,29,3091671885,6.821210263296962e-13,-621.1099999999993,20000,20000,2.7664
BBOB_f12,DE/rand/1/bin F=0.5 CR=0.9 NP=50,ok,,de,10,0,3373349516,0.9837377269525405,-620.1262622730475,20000,20000,1.1131
BBOB_f12,DE/rand/1/bin F=0.5 CR=0.9 NP=50,ok,,de,10,1,846580798,1.7054947955861053,-619.4045052044139,20000,20000,1.1392
BBOB_f12,DE/rand/1/bin F=0.5 CR=0.9 NP=50,ok,,de,10,2,2881981843,0.2156761475195026,-620.8943238524805,20000,20000,0.9862
BBOB_f12,DE/rand/1/bin F=0.5 CR=0.9 NP=50,ok,,de,10,3,4161685568,8.973238059465416,-612.1367619405346,20000,20000,1.1185
BBOB_f12,DE/rand/1/bin F=0.5 CR=0.9 NP=50,ok,,de,10,4,1452280689,0.1543950851992122,-620.9556049148008,20000,20000,1.1215
BBOB_f12,DE/rand/1/bin F=0.5 CR=0.9 NP=50,ok,,de,10,5,4155911119,0.06813788126623876,-621.0418621187338,20000,20000,1.2502
BBOB_f12,DE/rand/1/bin F=0.5 CR=0.9 NP=50,ok,,de,10,6,3475096634,0.02600594824491509,-621.0839940517551,20000,20000,1.1868
BBOB_f12,DE/rand/1/bin F=0.5 CR=0.9 NP=50,ok,,de,10,7,784126097,20.26621658923682,-600.8437834107632,20000,20000,1.2339
BBOB_f12,DE/rand/1/bin F=0.5 CR=0.9 NP=50,ok,,de,10,8,4177575383,1.231917313275403,-619.8780826867246,20000,20000,1.3114
BBOB_f12,DE/rand/1/bin F=0.5 CR=0.9 NP=50,ok,,de,10,9,2727619012,0.12384791001625217,-620.9861520899838,20000,20000,1.4194
BBOB_f12,DE/rand/1/bin F=0.5 CR=0.9 NP=50,ok,,de,10,10,1296395433,0.649055547065359,-620.4609444529347,20000,20000,1.3218
BBOB_f12,DE/rand/1/bin F=0.5 CR=0.9 NP=50,ok,,de,10,11,1411236370,0.9069039231389979,-620.203096076861,20000,20000,1.3131
BBOB_f12,DE/rand/1/bin F=0.5 CR=0.9 NP=50,ok,,de,10,12,732764572,0.2239592342530159,-620.886040765747,20000,20000,1.1999
BBOB_f12,DE/rand/1/bin F=0.5 CR=0.9 NP=50,ok,,de,10,13,3326333487,0.017059896269984165,-621.09294010373,20000,20000,1.2529
BBOB_f12,DE/rand/1/bin F=0.5 CR=0.9 NP=50,ok,,de,10,14,1718700479,0.006165262778722536,-621.1038347372213,20000,20000,1.3958
BBOB_f12,DE/rand/1/bin F=0.5 CR=0.9 NP=50,ok,,de,10,15,4071709071,0.0029083817800028555,-621.10709161822,20000,20000,1.2299
BBOB_f12,DE/rand/1/bin F=0.5 CR=0.9 NP=50,ok,,de,10,16,1394767416,6.309759078314642,-614.8002409216854,20000,20000,1.324
BBOB_f12,DE/rand/1/bin F=0.5 CR=0.9 NP=50,ok,,de,10,17,469850423,0.6008552709392916,-620.5091447290607,20000,20000,1.2994
BBOB_f12,DE/rand/1/bin F=0.5 CR=0.9 NP=50,ok,,de,10,18,1268040701,0.8193500164803709,-620.2906499835196,20000,20000,1.2469
BBOB_f12,DE/rand/1/bin F=0.5 CR=0.9 NP=50,ok,,de,10,19,1190760719,0.2406587546732908,-620.8693412453267,20000,20000,1.3356
BBOB_f12,DE/rand/1/bin F=0.5 CR=0.9 NP=50,ok,,de,10,20,375486248,0.05894268545421255,-621.0510573145458,20000,20000,1.4642
BBOB_f12,DE/rand/1/bin F=0.5 CR=0.9 NP=50,ok,,de,10,21,2573937189,0.013678911981287456,-621.0963210880187,20000,20000,1.4261
BBOB_f12,DE/rand/1/bin F=0.5 CR=0.9 NP=50,ok,,de,10,22,3596454129,0.07351958314529838,-621.0364804168547,20000,20000,1.2226
BBOB_f12,DE/rand/1/bin F=0.5 CR=0.9 NP=50,ok,,de,10,23,152554263,0.5636821728074892,-620.5463178271925,20000,20000,1.2851
BBOB_f12,DE/rand/1/bin F=0.5 CR=0.9 NP=50,ok,,de,10,24,692755388,0.09745053176925467,-621.0125494682308,20000,20000,1.2829
BBOB_f12,DE/rand/1/bin F=0.5 CR=0.9 NP=50,ok,,de,10,25,3265738028,0.1345134644797099,-620.9754865355203,20000,20000,1.2744
BBOB_f12,DE/rand/1/bin F=0.5 CR=0.9 NP=50,ok,,de,10,26,2488124730,0.04084848279421749,-621.0691515172058,20000,20000,1.2166
BBOB_f12,DE/rand/1/bin F=0.5 CR=0.9 NP=50,ok,,de,10,27,3132380616,0.007159370653084807,-621.1028406293469,20000,20000,1.2317
BBOB_f12,DE/rand/1/bin F=0.5 CR=0.9 NP=50,ok,,de,10,28,1192769617,0.8741009788218435,-620.2358990211782,20000,20000,1.4537
BBOB_f12,DE/rand/1/bin F=0.5 CR=0.9 NP=50,ok,,de,10,29,639912491,0.29018188309134985,-620.8198181169087,20000,20000,1.3082
BBOB_f12,GA/SBX NP=50 pc=0.9 eta_c=20.0 eta_m=20.0,ok,,ga,10,0,1969129850,12.531276345593028,-608.578723654407,20000,20000,0.8706
BBOB_f12,GA/SBX NP=50 pc=0.9 eta_c=20.0 eta_m=20.0,ok,,ga,10,1,3407830458,41.1636957698654,-579.9463042301346,20000,20000,0.8394
BBOB_f12,GA/SBX NP=50 pc=0.9 eta_c=20.0 eta_m=20.0,ok,,ga,10,2,2893185567,55.36504506045776,-565.7449549395423,20000,20000,0.8353
BBOB_f12,GA/SBX NP=50 pc=0.9 eta_c=20.0 eta_m=20.0,ok,,ga,10,3,2150937740,52.89188069396573,-568.2181193060343,20000,20000,0.8503
BBOB_f12,GA/SBX NP=50 pc=0.9 eta_c=20.0 eta_m=20.0,ok,,ga,10,4,1199456453,20.994002828015596,-600.1159971719844,20000,20000,0.8518
BBOB_f12,GA/SBX NP=50 pc=0.9 eta_c=20.0 eta_m=20.0,ok,,ga,10,5,1885134961,136.22644353749945,-484.88355646250056,20000,20000,0.8639
BBOB_f12,GA/SBX NP=50 pc=0.9 eta_c=20.0 eta_m=20.0,ok,,ga,10,6,1827165673,18.276150131284794,-602.8338498687152,20000,20000,0.8448
BBOB_f12,GA/SBX NP=50 pc=0.9 eta_c=20.0 eta_m=20.0,ok,,ga,10,7,53031107,15.17329398015977,-605.9367060198402,20000,20000,0.8636
BBOB_f12,GA/SBX NP=50 pc=0.9 eta_c=20.0 eta_m=20.0,ok,,ga,10,8,1524897546,77.25478224613926,-543.8552177538608,20000,20000,0.8443
BBOB_f12,GA/SBX NP=50 pc=0.9 eta_c=20.0 eta_m=20.0,ok,,ga,10,9,787299063,7.044051336456732,-614.0659486635433,20000,20000,0.8369
BBOB_f12,GA/SBX NP=50 pc=0.9 eta_c=20.0 eta_m=20.0,ok,,ga,10,10,342016343,12.08028726264979,-609.0297127373502,20000,20000,0.8805
BBOB_f12,GA/SBX NP=50 pc=0.9 eta_c=20.0 eta_m=20.0,ok,,ga,10,11,1783343687,143.23582126745276,-477.87417873254725,20000,20000,0.8797
BBOB_f12,GA/SBX NP=50 pc=0.9 eta_c=20.0 eta_m=20.0,ok,,ga,10,12,614574690,14.09309321290391,-607.0169067870961,20000,20000,0.8568
BBOB_f12,GA/SBX NP=50 pc=0.9 eta_c=20.0 eta_m=20.0,ok,,ga,10,13,2081562586,14.88473281701215,-606.2252671829879,20000,20000,0.8596
BBOB_f12,GA/SBX NP=50 pc=0.9 eta_c=20.0 eta_m=20.0,ok,,ga,10,14,180129529,22.45473349468068,-598.6552665053193,20000,20000,0.8509
BBOB_f12,GA/SBX NP=50 pc=0.9 eta_c=20.0 eta_m=20.0,ok,,ga,10,15,870627055,130.89751098417474,-490.21248901582527,20000,20000,0.8692
BBOB_f12,GA/SBX NP=50 pc=0.9 eta_c=20.0 eta_m=20.0,ok,,ga,10,16,3746133984,14.669998433435808,-606.4400015665642,20000,20000,0.7797
BBOB_f12,GA/SBX NP=50 pc=0.9 eta_c=20.0 eta_m=20.0,ok,,ga,10,17,3076603082,13.184592278694595,-607.9254077213054,20000,20000,0.8517
BBOB_f12,GA/SBX NP=50 pc=0.9 eta_c=20.0 eta_m=20.0,ok,,ga,10,18,1761354734,19.871926562675753,-601.2380734373243,20000,20000,0.9096
BBOB_f12,GA/SBX NP=50 pc=0.9 eta_c=20.0 eta_m=20.0,ok,,ga,10,19,62232739,320.6746336297967,-300.4353663702033,20000,20000,0.8764
BBOB_f12,GA/SBX NP=50 pc=0.9 eta_c=20.0 eta_m=20.0,ok,,ga,10,20,4085445888,35.94174122634263,-585.1682587736574,20000,20000,0.8978
BBOB_f12,GA/SBX NP=50 pc=0.9 eta_c=20.0 eta_m=20.0,ok,,ga,10,21,292304104,8.727100849313501,-612.3828991506865,20000,20000,0.8781
BBOB_f12,GA/SBX NP=50 pc=0.9 eta_c=20.0 eta_m=20.0,ok,,ga,10,22,2382235600,173.3306407497521,-447.7793592502479,20000,20000,0.8857
BBOB_f12,GA/SBX NP=50 pc=0.9 eta_c=20.0 eta_m=20.0,ok,,ga,10,23,598215932,19.286584046433404,-601.8234159535666,20000,20000,0.8856
BBOB_f12,GA/SBX NP=50 pc=0.9 eta_c=20.0 eta_m=20.0,ok,,ga,10,24,2001533077,17.955120545115847,-603.1548794548842,20000,20000,0.8482
BBOB_f12,GA/SBX NP=50 pc=0.9 eta_c=20.0 eta_m=20.0,ok,,ga,10,25,3343361664,36.90315512081918,-584.2068448791808,20000,20000,0.8443
BBOB_f12,GA/SBX NP=50 pc=0.9 eta_c=20.0 eta_m=20.0,ok,,ga,10,26,996386142,7067.186320510441,6446.076320510441,20000,20000,0.8818
BBOB_f12,GA/SBX NP=50 pc=0.9 eta_c=20.0 eta_m=20.0,ok,,ga,10,27,364232020,54.743101664539495,-566.3668983354605,20000,20000,0.828
BBOB_f12,GA/SBX NP=50 pc=0.9 eta_c=20.0 eta_m=20.0,ok,,ga,10,28,3565458005,19.33068707228597,-601.779312927714,20000,20000,0.8433
BBOB_f12,GA/SBX NP=50 pc=0.9 eta_c=20.0 eta_m=20.0,ok,,ga,10,29,147131981,13.094100791400251,-608.0158992085998,20000,20000,0.8611
BBOB_f12,PSO/constriction N=40 c1=2.05 c2=2.05 chi=0.7298,ok,,pso,10,0,472297986,7.829305309314805e-05,-621.1099217069469,20000,20000,0.1615
BBOB_f12,PSO/constriction N=40 c1=2.05 c2=2.05 chi=0.7298,ok,,pso,10,1,2279116037,923607.2381363647,922986.1281363647,20000,20000,0.1903
BBOB_f12,PSO/constriction N=40 c1=2.05 c2=2.05 chi=0.7298,ok,,pso,10,2,100617670,3.3297086294638802,-617.7802913705361,20000,20000,0.1655
BBOB_f12,PSO/constriction N=40 c1=2.05 c2=2.05 chi=0.7298,ok,,pso,10,3,1362023055,760560.2168824801,759939.1068824801,20000,20000,0.1635
BBOB_f12,PSO/constriction N=40 c1=2.05 c2=2.05 chi=0.7298,ok,,pso,10,4,369757510,760560.2168824803,759939.1068824803,20000,20000,0.1817
BBOB_f12,PSO/constriction N=40 c1=2.05 c2=2.05 chi=0.7298,ok,,pso,10,5,3935082812,1.2524788376646256,-619.8575211623354,20000,20000,0.1931
BBOB_f12,PSO/constriction N=40 c1=2.05 c2=2.05 chi=0.7298,ok,,pso,10,6,2551667918,28.779062154778103,-592.3309378452219,20000,20000,0.2015
BBOB_f12,PSO/constriction N=40 c1=2.05 c2=2.05 chi=0.7298,ok,,pso,10,7,721309522,923607.2383161674,922986.1283161674,20000,20000,0.168
BBOB_f12,PSO/constriction N=40 c1=2.05 c2=2.05 chi=0.7298,ok,,pso,10,8,1951863,923607.238136511,922986.128136511,20000,20000,0.1422
BBOB_f12,PSO/constriction N=40 c1=2.05 c2=2.05 chi=0.7298,ok,,pso,10,9,3885069285,11.924239632274748,-609.1857603677253,20000,20000,0.1421
BBOB_f12,PSO/constriction N=40 c1=2.05 c2=2.05 chi=0.7298,ok,,pso,10,10,61995839,46.74786100495044,-574.3621389950496,20000,20000,0.1487
BBOB_f12,PSO/constriction N=40 c1=2.05 c2=2.05 chi=0.7298,ok,,pso,10,11,263484424,24.066943365952397,-597.0430566340476,20000,20000,0.1474
BBOB_f12,PSO/constriction N=40 c1=2.05 c2=2.05 chi=0.7298,ok,,pso,10,12,1382842006,24.06694336595251,-597.0430566340475,20000,20000,0.1289
BBOB_f12,PSO/constriction N=40 c1=2.05 c2=2.05 chi=0.7298,ok,,pso,10,13,3125432680,9.238412559901349,-611.8715874400987,20000,20000,0.1365
BBOB_f12,PSO/constriction N=40 c1=2.05 c2=2.05 chi=0.7298,ok,,pso,10,14,3778309721,923607.238136363,922986.128136363,20000,20000,0.1333
BBOB_f12,PSO/constriction N=40 c1=2.05 c2=2.05 chi=0.7298,ok,,pso,10,15,2829174927,923607.2381363789,922986.128136379,20000,20000,0.1341
BBOB_f12,PSO/constriction N=40 c1=2.05 c2=2.05 chi=0.7298,ok,,pso,10,16,2891455000,1.1054766131202314,-620.0045233868798,20000,20000,0.1476
BBOB_f12,PSO/constriction N=40 c1=2.05 c2=2.05 chi=0.7298,ok,,pso,10,17,3886604576,74.43245014030549,-546.6775498596945,20000,20000,0.1451
BBOB_f12,PSO/constriction N=40 c1=2.05 c2=2.05 chi=0.7298,ok,,pso,10,18,4246591999,24.06694336595251,-597.0430566340475,20000,20000,0.1398
BBOB_f12,PSO/constriction N=40 c1=2.05 c2=2.05 chi=0.7298,ok,,pso,10,19,1213658701,1.362101753825641,-619.7478982461744,20000,20000,0.152
BBOB_f12,PSO/constriction N=40 c1=2.05 c2=2.05 chi=0.7298,ok,,pso,10,20,1940174136,9.990570608431995,-611.119429391568,20000,20000,0.1377
BBOB_f12,PSO/constriction N=40 c1=2.05 c2=2.05 chi=0.7298,ok,,pso,10,21,2399698474,397421.79758269875,396800.68758269877,20000,20000,0.1363
BBOB_f12,PSO/constriction N=40 c1=2.05 c2=2.05 chi=0.7298,ok,,pso,10,22,1966282210,0.19142472274745614,-620.9185752772526,20000,20000,0.1714
BBOB_f12,PSO/constriction N=40 c1=2.05 c2=2.05 chi=0.7298,ok,,pso,10,23,3082378560,24.066943365952625,-597.0430566340474,20000,20000,0.1302
BBOB_f12,PSO/constriction N=40 c1=2.05 c2=2.05 chi=0.7298,ok,,pso,10,24,805962480,24.066943365953875,-597.0430566340461,20000,20000,0.191
BBOB_f12,PSO/constriction N=40 c1=2.05 c2=2.05 chi=0.7298,ok,,pso,10,25,2847383114,923607.2381363788,922986.1281363788,20000,20000,0.1397
BBOB_f12,PSO/constriction N=40 c1=2.05 c2=2.05 chi=0.7298,ok,,pso,10,26,5403984,923607.2381365215,922986.1281365216,20000,20000,0.1602
BBOB_f12,PSO/constriction N=40 c1=2.05 c2=2.05 chi=0.7298,ok,,pso,10,27,771383708,24.066943365952284,-597.0430566340477,20000,20000,0.1674
BBOB_f12,PSO/constriction N=40 c1=2.05 c2=2.05 chi=0.7298,ok,,pso,10,28,2760669840,760560.2168824812,759939.1068824813,20000,20000,0.1601
BBOB_f12,PSO/constriction N=40 c1=2.05 c2=2.05 chi=0.7298,ok,,pso,10,29,1413141159,923607.2381363764,922986.1281363764,20000,20000,0.1543
BBOB_f12,RandomSearch,ok,,random,10,0,605679312,6131866.743832153,6131245.633832153,20000,20000,0.4569
BBOB_f12,RandomSearch,ok,,random,10,1,3132731214,10876773.650051506,10876152.540051507,20000,20000,0.4852
BBOB_f12,RandomSearch,ok,,random,10,2,2867006299,7282479.695740447,7281858.585740447,20000,20000,0.4613
BBOB_f12,RandomSearch,ok,,random,10,3,1348034443,12371247.256486477,12370626.146486478,20000,20000,0.463
BBOB_f12,RandomSearch,ok,,random,10,4,4145725766,10711845.959275808,10711224.849275809,20000,20000,0.4428
BBOB_f12,RandomSearch,ok,,random,10,5,2327381122,9648749.373687929,9648128.26368793,20000,20000,0.5848
BBOB_f12,RandomSearch,ok,,random,10,6,3823383499,11695285.775235837,11694664.665235838,20000,20000,0.4442
BBOB_f12,RandomSearch,ok,,random,10,7,3361666139,6131370.347338331,6130749.237338331,20000,20000,0.4418
BBOB_f12,RandomSearch,ok,,random,10,8,3013479437,9392274.509465126,9391653.399465127,20000,20000,0.4689
BBOB_f12,RandomSearch,ok,,random,10,9,1711170321,6880646.302883309,6880025.192883309,20000,20000,0.4608
BBOB_f12,RandomSearch,ok,,random,10,10,2037110609,10287687.23624127,10287066.12624127,20000,20000,0.4703
BBOB_f12,RandomSearch,ok,,random,10,11,3470858066,5920141.289352797,5919520.179352797,20000,20000,0.4616
BBOB_f12,RandomSearch,ok,,random,10,12,2019850041,13890531.067417629,13889909.95741763,20000,20000,0.4514
BBOB_f12,RandomSearch,ok,,random,10,13,2185179907,7975958.874326009,7975337.764326009,20000,20000,0.4385
BBOB_f12,RandomSearch,ok,,random,10,14,4081252088,10900884.269519769,10900263.15951977,20000,20000,0.4669
BBOB_f12,RandomSearch,ok,,random,10,15,522840905,9046769.52318191,9046148.41318191,20000,20000,0.4507
BBOB_f12,RandomSearch,ok,,random,10,16,134821961,11999535.930374168,11998914.820374168,20000,20000,0.4524
BBOB_f12,RandomSearch,ok,,random,10,17,4104213525,8440751.048066767,8440129.938066768,20000,20000,0.4806
BBOB_f12,RandomSearch,ok,,random,10,18,3292943692,4128817.058602328,4128195.948602328,20000,20000,0.4606
BBOB_f12,RandomSearch,ok,,random,10,19,3414776151,9930274.5492695,9929653.4392695,20000,20000,0.4672
BBOB_f12,RandomSearch,ok,,random,10,20,2602898660,11389901.08324206,11389279.973242061,20000,20000,0.4736
BBOB_f12,RandomSearch,ok,,random,10,21,3412653119,11084649.531010142,11084028.421010142,20000,20000,0.4869
BBOB_f12,RandomSearch,ok,,random,10,22,2761542773,6317041.370021861,6316420.260021861,20000,20000,0.5097
BBOB_f12,RandomSearch,ok,,random,10,23,1849442656,12508386.72887658,12507765.61887658,20000,20000,0.5336
BBOB_f12,RandomSearch,ok,,random,10,24,1875663969,8744835.305118917,8744214.195118917,20000,20000,0.5389
BBOB_f12,RandomSearch,ok,,random,10,25,1742840672,11787533.561673649,11786912.45167365,20000,20000,0.5307
BBOB_f12,RandomSearch,ok,,random,10,26,3972366252,11525659.27470058,11525038.16470058,20000,20000,0.4506
BBOB_f12,RandomSearch,ok,,random,10,27,3767540119,6890475.615711982,6889854.505711982,20000,20000,0.5318
BBOB_f12,RandomSearch,ok,,random,10,28,886384070,11492354.11475669,11491733.004756691,20000,20000,0.5055
BBOB_f12,RandomSearch,ok,,random,10,29,4066943631,12747573.458119223,12746952.348119223,20000,20000,0.4792
BBOB_f13,CMA-ES/IPOP sigma0=0.3*span ipop=x2,ok,,cmaes,10,0,735006053,6.179661227179167e-10,29.970000000617965,20000,20000,2.699
BBOB_f13,CMA-ES/IPOP sigma0=0.3*span ipop=x2,ok,,cmaes,10,1,3838419531,6.468781066359952e-11,29.970000000064687,20000,20000,2.5323
BBOB_f13,CMA-ES/IPOP sigma0=0.3*span ipop=x2,ok,,cmaes,10,2,4039167910,2.8083029235403956e-09,29.970000002808302,20000,20000,3.0487
BBOB_f13,CMA-ES/IPOP sigma0=0.3*span ipop=x2,ok,,cmaes,10,3,3653791947,2.702087442685297e-10,29.970000000270208,20000,20000,3.1878
BBOB_f13,CMA-ES/IPOP sigma0=0.3*span ipop=x2,ok,,cmaes,10,4,3387315572,1.5606111958277324e-09,29.97000000156061,20000,20000,3.4662
BBOB_f13,CMA-ES/IPOP sigma0=0.3*span ipop=x2,ok,,cmaes,10,5,2921535455,8.963851882981544e-11,29.970000000089637,20000,20000,3.5312
BBOB_f13,CMA-ES/IPOP sigma0=0.3*span ipop=x2,ok,,cmaes,10,6,1050601234,1.9268497908342397e-10,29.970000000192684,20000,20000,3.6979
BBOB_f13,CMA-ES/IPOP sigma0=0.3*span ipop=x2,ok,,cmaes,10,7,2165376300,2.3009860683487204e-09,29.970000002300985,20000,20000,2.7867
BBOB_f13,CMA-ES/IPOP sigma0=0.3*span ipop=x2,ok,,cmaes,10,8,848055843,3.914308877028816e-10,29.97000000039143,20000,20000,2.7812
BBOB_f13,CMA-ES/IPOP sigma0=0.3*span ipop=x2,ok,,cmaes,10,9,3098874648,2.9198155004905857e-09,29.970000002919814,20000,20000,2.5151
BBOB_f13,CMA-ES/IPOP sigma0=0.3*span ipop=x2,ok,,cmaes,10,10,3136419308,2.558017797582579e-09,29.970000002558017,20000,20000,2.9501
BBOB_f13,CMA-ES/IPOP sigma0=0.3*span ipop=x2,ok,,cmaes,10,11,1469452989,1.4718004592850775e-09,29.9700000014718,20000,20000,2.8545
BBOB_f13,CMA-ES/IPOP sigma0=0.3*span ipop=x2,ok,,cmaes,10,12,1995245684,9.417405522071931e-09,29.970000009417404,20000,20000,2.9281
BBOB_f13,CMA-ES/IPOP sigma0=0.3*span ipop=x2,ok,,cmaes,10,13,3019286333,2.681872501852922e-10,29.970000000268186,20000,20000,3.1889
BBOB_f13,CMA-ES/IPOP sigma0=0.3*span ipop=x2,ok,,cmaes,10,14,1554400463,1.6258283608294732e-10,29.97000000016258,20000,20000,3.2922
BBOB_f13,CMA-ES/IPOP sigma0=0.3*span ipop=x2,ok,,cmaes,10,15,2799210236,8.72759642334131e-11,29.970000000087275,20000,20000,2.5164
BBOB_f13,CMA-ES/IPOP sigma0=0.3*span ipop=x2,ok,,cmaes,10,16,2964850113,1.3114238583966653e-09,29.970000001311423,20000,20000,2.9743
BBOB_f13,CMA-ES/IPOP sigma0=0.3*span ipop=x2,ok,,cmaes,10,17,3077514908,3.7084895154748665e-09,29.97000000370849,20000,20000,2.9504
BBOB_f13,CMA-ES/IPOP sigma0=0.3*span ipop=x2,ok,,cmaes,10,18,3345071598,2.6981794576386164e-09,29.97000000269818,20000,20000,3.1799
BBOB_f13,CMA-ES/IPOP sigma0=0.3*span ipop=x2,ok,,cmaes,10,19,2367035017,1.952329853338597e-09,29.97000000195233,20000,20000,3.1878
BBOB_f13,CMA-ES/IPOP sigma0=0.3*span ipop=x2,ok,,cmaes,10,20,2803470104,5.915978817938594e-11,29.97000000005916,20000,20000,3.2149
BBOB_f13,CMA-ES/IPOP sigma0=0.3*span ipop=x2,ok,,cmaes,10,21,1931795368,1.5708323530816415e-09,29.97000000157083,20000,20000,3.2232
BBOB_f13,CMA-ES/IPOP sigma0=0.3*span ipop=x2,ok,,cmaes,10,22,91110330,5.485709664299065e-10,29.97000000054857,20000,20000,3.0742
BBOB_f13,CMA-ES/IPOP sigma0=0.3*span ipop=x2,ok,,cmaes,10,23,4203204207,2.2081536599216633e-10,29.970000000220814,20000,20000,2.6681
BBOB_f13,CMA-ES/IPOP sigma0=0.3*span ipop=x2,ok,,cmaes,10,24,1132747601,3.4589220376801677e-10,29.97000000034589,20000,20000,2.791
BBOB_f13,CMA-ES/IPOP sigma0=0.3*span ipop=x2,ok,,cmaes,10,25,4151141208,1.185114228974271e-10,29.97000000011851,20000,20000,2.7206
BBOB_f13,CMA-ES/IPOP sigma0=0.3*span ipop=x2,ok,,cmaes,10,26,3645571879,3.8185987705219304e-10,29.97000000038186,20000,20000,2.841
BBOB_f13,CMA-ES/IPOP sigma0=0.3*span ipop=x2,ok,,cmaes,10,27,60802628,1.1998224636045052e-10,29.97000000011998,20000,20000,2.5753
BBOB_f13,CMA-ES/IPOP sigma0=0.3*span ipop=x2,ok,,cmaes,10,28,1868489790,4.756088856083807e-10,29.970000000475608,20000,20000,2.6542
BBOB_f13,CMA-ES/IPOP sigma0=0.3*span ipop=x2,ok,,cmaes,10,29,647054829,4.165556788393587e-09,29.970000004165556,20000,20000,2.9255
BBOB_f13,DE/rand/1/bin F=0.5 CR=0.9 NP=50,ok,,de,10,0,4149226780,0.01049622497236058,29.98049622497236,20000,20000,1.1039
BBOB_f13,DE/rand/1/bin F=0.5 CR=0.9 NP=50,ok,,de,10,1,2830900193,0.00871959869874317,29.978719598698742,20000,20000,1.0983
BBOB_f13,DE/rand/1/bin F=0.5 CR=0.9 NP=50,ok,,de,10,2,1880214664,0.0045488117726151245,29.974548811772614,20000,20000,1.0975
BBOB_f13,DE/rand/1/bin F=0.5 CR=0.9 NP=50,ok,,de,10,3,311506395,0.004343372737640294,29.97434337273764,20000,20000,1.0762
BBOB_f13,DE/rand/1/bin F=0.5 CR=0.9 NP=50,ok,,de,10,4,4011564034,0.003570698283468232,29.973570698283467,20000,20000,1.0926
BBOB_f13,DE/rand/1/bin F=0.5 CR=0.9 NP=50,ok,,de,10,5,3056234689,0.00995647504010222,29.9799564750401,20000,20000,1.1075
BBOB_f13,DE/rand/1/bin F=0.5 CR=0.9 NP=50,ok,,de,10,6,3992928553,0.0939101746592037,30.063910174659203,20000,20000,1.1084
BBOB_f13,DE/rand/1/bin F=0.5 CR=0.9 NP=50,ok,,de,10,7,1605954924,0.001018946937406895,29.971018946937406,20000,20000,1.0904
BBOB_f13,DE/rand/1/bin F=0.5 CR=0.9 NP=50,ok,,de,10,8,3513915310,0.00279052568539484,29.972790525685394,20000,20000,1.0635
BBOB_f13,DE/rand/1/bin F=0.5 CR=0.9 NP=50,ok,,de,10,9,3381381537,0.013278220103831728,29.98327822010383,20000,20000,1.0765
BBOB_f13,DE/rand/1/bin F=0.5 CR=0.9 NP=50,ok,,de,10,10,799379062,0.004741352357875428,29.974741352357874,20000,20000,1.0819
BBOB_f13,DE/rand/1/bin F=0.5 CR=0.9 NP=50,ok,,de,10,11,3415823563,0.004935034547084882,29.974935034547084,20000,20000,1.056
BBOB_f13,DE/rand/1/bin F=0.5 CR=0.9 NP=50,ok,,de,10,12,344004086,0.014468383304681254,29.98446838330468,20000,20000,1.0302
BBOB_f13,DE/rand/1/bin F=0.5 CR=0.9 NP=50,ok,,de,10,13,1360089536,0.005835216016269129,29.975835216016268,20000,20000,1.0253
BBOB_f13,DE/rand/1/bin F=0.5 CR=0.9 NP=50,ok,,de,10,14,1433555418,0.01114571159797606,29.981145711597975,20000,20000,1.08
BBOB_f13,DE/rand/1/bin F=0.5 CR=0.9 NP=50,ok,,de,10,15,3902617258,0.00870816272027497,29.978708162720274,20000,20000,1.1339
BBOB_f13,DE/rand/1/bin F=0.5 CR=0.9 NP=50,ok,,de,10,16,2480073562,0.0034762682563389546,29.973476268256338,20000,20000,1.0386
BBOB_f13,DE/rand/1/bin F=0.5 CR=0.9 NP=50,ok,,de,10,17,618400109,0.0053350329640089456,29.975335032964008,20000,20000,1.028
BBOB_f13,DE/rand/1/bin F=0.5 CR=0.9 NP=50,ok,,de,10,18,4134865146,0.0044024182039095194,29.97440241820391,20000,20000,1.0441
BBOB_f13,DE/rand/1/bin F=0.5 CR=0.9 NP=50,ok,,de,10,19,2475231080,0.0034163108390501407,29.97341631083905,20000,20000,1.0408
BBOB_f13,DE/rand/1/bin F=0.5 CR=0.9 NP=50,ok,,de,10,20,4146961419,0.004243719682104796,29.974243719682104,20000,20000,1.0218
BBOB_f13,DE/rand/1/bin F=0.5 CR=0.9 NP=50,ok,,de,10,21,3749219209,0.0011817727098737407,29.971181772709873,20000,20000,1.0265
BBOB_f13,DE/rand/1/bin F=0.5 CR=0.9 NP=50,ok,,de,10,22,3184089984,0.004895108537233739,29.974895108537233,20000,20000,1.0348
BBOB_f13,DE/rand/1/bin F=0.5 CR=0.9 NP=50,ok,,de,10,23,1008722921,0.006737290140101493,29.9767372901401,20000,20000,0.9963
BBOB_f13,DE/rand/1/bin F=0.5 CR=0.9 NP=50,ok,,de,10,24,2238862838,0.003897567507905819,29.973897567507905,20000,20000,1.0856
BBOB_f13,DE/rand/1/bin F=0.5 CR=0.9 NP=50,ok,,de,10,25,3393682479,0.006186010720057311,29.976186010720056,20000,20000,1.07
BBOB_f13,DE/rand/1/bin F=0.5 CR=0.9 NP=50,ok,,de,10,26,562160621,0.005044903814095392,29.975044903814094,20000,20000,1.1058
BBOB_f13,DE/rand/1/bin F=0.5 CR=0.9 NP=50,ok,,de,10,27,1390245508,0.09086519371721735,30.060865193717216,20000,20000,1.0427
BBOB_f13,DE/rand/1/bin F=0.5 CR=0.9 NP=50,ok,,de,10,28,941946288,0.008127148608281232,29.97812714860828,20000,20000,1.0508
BBOB_f13,DE/rand/1/bin F=0.5 CR=0.9 NP=50,ok,,de,10,29,1183818753,0.004916255370677192,29.974916255370676,20000,20000,1.0375
BBOB_f13,GA/SBX NP=50 pc=0.9 eta_c=20.0 eta_m=20.0,ok,,ga,10,0,1542799128,1.594767657601981,31.56476765760198,20000,20000,0.8034
BBOB_f13,GA/SBX NP=50 pc=0.9 eta_c=20.0 eta_m=20.0,ok,,ga,10,1,1029172469,0.8127044083820607,30.78270440838206,20000,20000,0.801
BBOB_f13,GA/SBX NP=50 pc=0.9 eta_c=20.0 eta_m=20.0,ok,,ga,10,2,357151702,6.338747972366249,36.30874797236625,20000,20000,0.7963
BBOB_f13,GA/SBX NP=50 pc=0.9 eta_c=20.0 eta_m=20.0,ok,,ga,10,3,2471679054,8.616785070949973,38.58678507094997,20000,20000,0.809
BBOB_f13,GA/SBX NP=50 pc=0.9 eta_c=20.0 eta_m=20.0,ok,,ga,10,4,4238682442,3.045268235970397,33.015268235970396,20000,20000,0.8122
BBOB_f13,GA/SBX NP=50 pc=0.9 eta_c=20.0 eta_m=20.0,ok,,ga,10,5,379828362,5.791772603738558,35.76177260373856,20000,20000,0.797
BBOB_f13,GA/SBX NP=50 pc=0.9 eta_c=20.0 eta_m=20.0,ok,,ga,10,6,3383290115,8.069246489508132,38.03924648950813,20000,20000,0.8162
BBOB_f13,GA/SBX NP=50 pc=0.9 eta_c=20.0 eta_m=20.0,ok,,ga,10,7,1346066979,39.04955532452689,69.01955532452689,20000,20000,0.835
BBOB_f13,GA/SBX NP=50 pc=0.9 eta_c=20.0 eta_m=20.0,ok,,ga,10,8,767692459,8.355152664840553,38.32515266484055,20000,20000,0.9071
BBOB_f13,GA/SBX NP=50 pc=0.9 eta_c=20.0 eta_m=20.0,ok,,ga,10,9,589015100,3.0885854308552325,33.05858543085523,20000,20000,0.9045
BBOB_f13,GA/SBX NP=50 pc=0.9 eta_c=20.0 eta_m=20.0,ok,,ga,10,10,1898479771,20.851486766355308,50.82148676635531,20000,20000,0.9304
BBOB_f13,GA/SBX NP=50 pc=0.9 eta_c=20.0 eta_m=20.0,ok,,ga,10,11,1086299986,3.729887303742821,33.69988730374282,20000,20000,0.9084
BBOB_f13,GA/SBX NP=50 pc=0.9 eta_c=20.0 eta_m=20.0,ok,,ga,10,12,804516859,7.6748637879197545,37.64486378791975,20000,20000,0.9535
BBOB_f13,GA/SBX NP=50 pc=0.9 eta_c=20.0 eta_m=20.0,ok,,ga,10,13,4175925856,29.12068533409085,59.09068533409085,20000,20000,0.8887
BBOB_f13,GA/SBX NP=50 pc=0.9 eta_c=20.0 eta_m=20.0,ok,,ga,10,14,3343010479,21.81984534788557,51.78984534788557,20000,20000,1.0065
BBOB_f13,GA/SBX NP=50 pc=0.9 eta_c=20.0 eta_m=20.0,ok,,ga,10,15,1671158552,1.8493507256385655,31.819350725638564,20000,20000,0.9797
BBOB_f13,GA/SBX NP=50 pc=0.9 eta_c=20.0 eta_m=20.0,ok,,ga,10,16,2462405706,25.799456363973142,55.76945636397314,20000,20000,0.7966
BBOB_f13,GA/SBX NP=50 pc=0.9 eta_c=20.0 eta_m=20.0,ok,,ga,10,17,1578664406,2.4861648098873346,32.45616480988733,20000,20000,0.7628
BBOB_f13,GA/SBX NP=50 pc=0.9 eta_c=20.0 eta_m=20.0,ok,,ga,10,18,495133062,10.12652427063211,40.09652427063211,20000,20000,0.7798
BBOB_f13,GA/SBX NP=50 pc=0.9 eta_c=20.0 eta_m=20.0,ok,,ga,10,19,3611620898,14.36912125959772,44.33912125959772,20000,20000,0.7609
BBOB_f13,GA/SBX NP=50 pc=0.9 eta_c=20.0 eta_m=20.0,ok,,ga,10,20,762928194,1.4960848515668204,31.46608485156682,20000,20000,0.7534
BBOB_f13,GA/SBX NP=50 pc=0.9 eta_c=20.0 eta_m=20.0,ok,,ga,10,21,456297846,3.262065048869353,33.23206504886935,20000,20000,0.7209
BBOB_f13,GA/SBX NP=50 pc=0.9 eta_c=20.0 eta_m=20.0,ok,,ga,10,22,1209532806,2.195427021395062,32.16542702139506,20000,20000,0.7126
BBOB_f13,GA/SBX NP=50 pc=0.9 eta_c=20.0 eta_m=20.0,ok,,ga,10,23,3168390584,13.770364909891015,43.740364909891014,20000,20000,0.6982
BBOB_f13,GA/SBX NP=50 pc=0.9 eta_c=20.0 eta_m=20.0,ok,,ga,10,24,2047645086,1.646650616279313,31.616650616279312,20000,20000,0.655
BBOB_f13,GA/SBX NP=50 pc=0.9 eta_c=20.0 eta_m=20.0,ok,,ga,10,25,3584922672,11.289955506083835,41.259955506083834,20000,20000,0.6415
BBOB_f13,GA/SBX NP=50 pc=0.9 eta_c=20.0 eta_m=20.0,ok,,ga,10,26,156994622,34.91470915855366,64.88470915855366,20000,20000,0.6475
BBOB_f13,GA/SBX NP=50 pc=0.9 eta_c=20.0 eta_m=20.0,ok,,ga,10,27,3042023342,42.13079425595379,72.10079425595379,20000,20000,0.6567
BBOB_f13,GA/SBX NP=50 pc=0.9 eta_c=20.0 eta_m=20.0,ok,,ga,10,28,1575832400,5.404558533051237,35.374558533051236,20000,20000,0.634
BBOB_f13,GA/SBX NP=50 pc=0.9 eta_c=20.0 eta_m=20.0,ok,,ga,10,29,1565555352,36.51921812308922,66.48921812308922,20000,20000,0.655
BBOB_f13,PSO/constriction N=40 c1=2.05 c2=2.05 chi=0.7298,ok,,pso,10,0,2537134234,156.87673510963174,186.84673510963174,20000,20000,0.1153
BBOB_f13,PSO/constriction N=40 c1=2.05 c2=2.05 chi=0.7298,ok,,pso,10,1,3849688401,98.90515604757383,128.87515604757382,20000,20000,0.1259
BBOB_f13,PSO/constriction N=40 c1=2.05 c2=2.05 chi=0.7298,ok,,pso,10,2,991638375,98.90515604757383,128.87515604757382,20000,20000,0.1272
BBOB_f13,PSO/constriction N=40 c1=2.05 c2=2.05 chi=0.7298,ok,,pso,10,3,3786812767,37.35640832416854,67.32640832416854,20000,20000,0.1266
BBOB_f13,PSO/constriction N=40 c1=2.05 c2=2.05 chi=0.7298,ok,,pso,10,4,3250391456,0.749755987949019,30.719755987949018,20000,20000,0.1238
BBOB_f13,PSO/constriction N=40 c1=2.05 c2=2.05 chi=0.7298,ok,,pso,10,5,3118581008,98.90515604757383,128.87515604757382,20000,20000,0.1299
BBOB_f13,PSO/constriction N=40 c1=2.05 c2=2.05 chi=0.7298,ok,,pso,10,6,3755949521,37.179107449993126,67.14910744999312,20000,20000,0.1168
BBOB_f13,PSO/constriction N=40 c1=2.05 c2=2.05 chi=0.7298,ok,,pso,10,7,3954224063,37.17910744916239,67.14910744916239,20000,20000,0.1205
BBOB_f13,PSO/constriction N=40 c1=2.05 c2=2.05 chi=0.7298,ok,,pso,10,8,3861536664,226.12271153031,256.09271153031,20000,20000,0.132
BBOB_f13,PSO/constriction N=40 c1=2.05 c2=2.05 chi=0.7298,ok,,pso,10,9,2814243866,98.9051560475738,128.8751560475738,20000,20000,0.1543
BBOB_f13,PSO/constriction N=40 c1=2.05 c2=2.05 chi=0.7298,ok,,pso,10,10,463046522,156.8766844495912,186.8466844495912,20000,20000,0.1515
BBOB_f13,PSO/constriction N=40 c1=2.05 c2=2.05 chi=0.7298,ok,,pso,10,11,868509816,161.324648672988,191.294648672988,20000,20000,0.1338
BBOB_f13,PSO/constriction N=40 c1=2.05 c2=2.05 chi=0.7298,ok,,pso,10,12,2399245948,222.2782330387701,252.2482330387701,20000,20000,0.1016
BBOB_f13,PSO/constriction N=40 c1=2.05 c2=2.05 chi=0.7298,ok,,pso,10,13,2914798826,156.87667977725988,186.84667977725988,20000,20000,0.1161
BBOB_f13,PSO/constriction N=40 c1=2.05 c2=2.05 chi=0.7298,ok,,pso,10,14,2225628530,0.6380550014522335,30.608055001452232,20000,20000,0.122
BBOB_f13,PSO/constriction N=40 c1=2.05 c2=2.05 chi=0.7298,ok,,pso,10,15,1677550438,98.90515604757385,128.87515604757385,20000,20000,0.124
BBOB_f13,PSO/constriction N=40 c1=2.05 c2=2.05 chi=0.7298,ok,,pso,10,16,74955272,37.17910745101088,67.14910745101088,20000,20000,0.1371
BBOB_f13,PSO/constriction N=40 c1=2.05 c2=2.05 chi=0.7298,ok,,pso,10,17,3808262665,156.87667834691467,186.84667834691467,20000,20000,0.1463
BBOB_f13,PSO/constriction N=40 c1=2.05 c2=2.05 chi=0.7298,ok,,pso,10,18,1006388993,37.179107450580005,67.14910745058,20000,20000,0.1421
BBOB_f13,PSO/constriction N=40 c1=2.05 c2=2.05 chi=0.7298,ok,,pso,10,19,112030582,37.087389294643415,67.05738929464341,20000,20000,0.1231
BBOB_f13,PSO/constriction N=40 c1=2.05 c2=2.05 chi=0.7298,ok,,pso,10,20,3874990438,37.17910744992122,67.14910744992122,20000,20000,0.121
BBOB_f13,PSO/constriction N=40 c1=2.05 c2=2.05 chi=0.7298,ok,,pso,10,21,2359820637,6.16350985528571,36.13350985528571,20000,20000,0.1342
BBOB_f13,PSO/constriction N=40 c1=2.05 c2=2.05 chi=0.7298,ok,,pso,10,22,1069944712,265.59619477269996,295.5661947727,20000,20000,0.1355
BBOB_f13,PSO/constriction N=40 c1=2.05 c2=2.05 chi=0.7298,ok,,pso,10,23,4072239786,156.8766786042561,186.8466786042561,20000,20000,0.1347
BBOB_f13,PSO/constriction N=40 c1=2.05 c2=2.05 chi=0.7298,ok,,pso,10,24,38187798,161.32464867298802,191.29464867298802,20000,20000,0.1261
BBOB_f13,PSO/constriction N=40 c1=2.05 c2=2.05 chi=0.7298,ok,,pso,10,25,3278612375,468.4434137035237,498.4134137035237,20000,20000,0.1307
BBOB_f13,PSO/constriction N=40 c1=2.05 c2=2.05 chi=0.7298,ok,,pso,10,26,683397888,222.2782330387701,252.2482330387701,20000,20000,0.1317
BBOB_f13,PSO/constriction N=40 c1=2.05 c2=2.05 chi=0.7298,ok,,pso,10,27,2879946630,156.87667218774357,186.84667218774356,20000,20000,0.1342
BBOB_f13,PSO/constriction N=40 c1=2.05 c2=2.05 chi=0.7298,ok,,pso,10,28,25963480,156.87667268667673,186.84667268667673,20000,20000,0.1237
BBOB_f13,PSO/constriction N=40 c1=2.05 c2=2.05 chi=0.7298,ok,,pso,10,29,3719831200,156.87668310738923,186.84668310738923,20000,20000,0.1359
BBOB_f13,RandomSearch,ok,,random,10,0,3972817268,514.847147100892,544.817147100892,20000,20000,0.4562
BBOB_f13,RandomSearch,ok,,random,10,1,711026100,315.9538543507198,345.9238543507198,20000,20000,0.4589
BBOB_f13,RandomSearch,ok,,random,10,2,899946175,668.7778416932823,698.7478416932823,20000,20000,0.4502
BBOB_f13,RandomSearch,ok,,random,10,3,2203815009,456.2286317799832,486.1986317799832,20000,20000,0.4523
BBOB_f13,RandomSearch,ok,,random,10,4,4065561809,375.9161293607127,405.88612936071274,20000,20000,0.4483
BBOB_f13,RandomSearch,ok,,random,10,5,3814852029,575.5719489146613,605.5419489146614,20000,20000,0.4663
BBOB_f13,RandomSearch,ok,,random,10,6,628366284,532.6209426098557,562.5909426098557,20000,20000,0.4574
BBOB_f13,RandomSearch,ok,,random,10,7,2154322364,620.5631758897185,650.5331758897186,20000,20000,0.4323
BBOB_f13,RandomSearch,ok,,random,10,8,2302752785,643.74834435836,673.71834435836,20000,20000,0.443
BBOB_f13,RandomSearch,ok,,random,10,9,225979052,444.8389683752307,474.80896837523073,20000,20000,0.4534
BBOB_f13,RandomSearch,ok,,random,10,10,1760985020,654.8849894713424,684.8549894713424,20000,20000,0.4533
BBOB_f13,RandomSearch,ok,,random,10,11,2054855072,545.0781013401047,575.0481013401047,20000,20000,0.4583
BBOB_f13,RandomSearch,ok,,random,10,12,23641843,684.5596680334402,714.5296680334402,20000,20000,0.4758
BBOB_f13,RandomSearch,ok,,random,10,13,3715661640,559.8296607424793,589.7996607424793,20000,20000,0.4817
BBOB_f13,RandomSearch,ok,,random,10,14,3912394906,504.6015229870119,534.5715229870119,20000,20000,0.48
BBOB_f13,RandomSearch,ok,,random,10,15,3012759062,560.111478491745,590.081478491745,20000,20000,0.4656
BBOB_f13,RandomSearch,ok,,random,10,16,1184144142,499.45515869562803,529.425158695628,20000,20000,0.453
BBOB_f13,RandomSearch,ok,,random,10,17,827316522,503.98748065984057,533.9574806598406,20000,20000,0.4534
BBOB_f13,RandomSearch,ok,,random,10,18,2472227405,407.65669754202463,437.62669754202466,20000,20000,0.4788
BBOB_f13,RandomSearch,ok,,random,10,19,2298076508,496.154441663027,526.124441663027,20000,20000,0.5101
BBOB_f13,RandomSearch,ok,,random,10,20,2357168388,587.3187102476561,617.2887102476561,20000,20000,0.5137
BBOB_f13,RandomSearch,ok,,random,10,21,1861167573,661.3483253506454,691.3183253506454,20000,20000,0.4116
BBOB_f13,RandomSearch,ok,,random,10,22,121520594,576.1751423260501,606.1451423260502,20000,20000,0.4771
BBOB_f13,RandomSearch,ok,,random,10,23,2911626639,570.4472507254275,600.4172507254275,20000,20000,0.4533
BBOB_f13,RandomSearch,ok,,random,10,24,1536805260,665.4031632987984,695.3731632987984,20000,20000,0.508
BBOB_f13,RandomSearch,ok,,random,10,25,2975979453,679.3955094045169,709.365509404517,20000,20000,0.4584
BBOB_f13,RandomSearch,ok,,random,10,26,124566827,548.4210432576792,578.3910432576793,20000,20000,0.4504
BBOB_f13,RandomSearch,ok,,random,10,27,1594198791,642.3777098313578,672.3477098313579,20000,20000,0.4234
BBOB_f13,RandomSearch,ok,,random,10,28,3096114005,524.4309074408457,554.4009074408457,20000,20000,0.4586
BBOB_f13,RandomSearch,ok,,random,10,29,4192892384,542.8684246893781,572.8384246893781,20000,20000,0.4554
BBOB_f14,CMA-ES/IPOP sigma0=0.3*span ipop=x2,ok,,cmaes,10,0,1580313755,1.6015633264032658e-11,-52.349999999983986,20000,20000,3.393
BBOB_f14,CMA-ES/IPOP sigma0=0.3*span ipop=x2,ok,,cmaes,10,1,1345312103,2.6219026949547697e-12,-52.34999999999738,20000,20000,2.5879
BBOB_f14,CMA-ES/IPOP sigma0=0.3*span ipop=x2,ok,,cmaes,10,2,3443218583,4.391154106997419e-12,-52.34999999999561,20000,20000,2.9582
BBOB_f14,CMA-ES/IPOP sigma0=0.3*span ipop=x2,ok,,cmaes,10,3,1342000227,1.3926637620897964e-12,-52.34999999999861,20000,20000,2.6885
BBOB_f14,CMA-ES/IPOP sigma0=0.3*span ipop=x2,ok,,cmaes,10,4,570221374,7.105427357601002e-13,-52.34999999999929,20000,20000,2.7431
BBOB_f14,CMA-ES/IPOP sigma0=0.3*span ipop=x2,ok,,cmaes,10,5,1323979966,2.5721647034515627e-12,-52.34999999999743,20000,20000,2.6489
BBOB_f14,CMA-ES/IPOP sigma0=0.3*span ipop=x2,ok,,cmaes,10,6,3061053213,6.430411758628907e-12,-52.34999999999357,20000,20000,3.1767
BBOB_f14,CMA-ES/IPOP sigma0=0.3*span ipop=x2,ok,,cmaes,10,7,1132724804,3.495870259939693e-12,-52.349999999996506,20000,20000,2.8418
BBOB_f14,CMA-ES/IPOP sigma0=0.3*span ipop=x2,ok,,cmaes,10,8,3556650782,4.732214620162267e-12,-52.34999999999527,20000,20000,3.1628
BBOB_f14,CMA-ES/IPOP sigma0=0.3*span ipop=x2,ok,,cmaes,10,9,179886,4.725109192804666e-12,-52.349999999995276,20000,20000,2.819
BBOB_f14,CMA-ES/IPOP sigma0=0.3*span ipop=x2,ok,,cmaes,10,10,189547544,2.603428583825007e-11,-52.34999999997397,20000,20000,3.1939
BBOB_f14,CMA-ES/IPOP sigma0=0.3*span ipop=x2,ok,,cmaes,10,11,3298719589,2.19841922444175e-11,-52.34999999997802,20000,20000,3.3251
BBOB_f14,CMA-ES/IPOP sigma0=0.3*span ipop=x2,ok,,cmaes,10,12,741695732,2.788169695122633e-11,-52.34999999997212,20000,20000,3.3407
BBOB_f14,CMA-ES/IPOP sigma0=0.3*span ipop=x2,ok,,cmaes,10,13,3590713389,5.9330318435968366e-12,-52.34999999999407,20000,20000,2.788
BBOB_f14,CMA-ES/IPOP sigma0=0.3*span ipop=x2,ok,,cmaes,10,14,2956532671,2.3234747459355276e-12,-52.34999999999768,20000,20000,2.4227
BBOB_f14,CMA-ES/IPOP sigma0=0.3*span ipop=x2,ok,,cmaes,10,15,2575189195,2.3732127374387346e-12,-52.34999999999763,20000,20000,2.8604
BBOB_f14,CMA-ES/IPOP sigma0=0.3*span ipop=x2,ok,,cmaes,10,16,1583432959,2.1671553440683056e-12,-52.349999999997834,20000,20000,2.5904
BBOB_f14,CMA-ES/IPOP sigma0=0.3*span ipop=x2,ok,,cmaes,10,17,4017849941,1.780620095814811e-11,-52.349999999982195,20000,20000,2.9102
BBOB_f14,CMA-ES/IPOP sigma0=0.3*span ipop=x2,ok,,cmaes,10,18,2424593394,3.851141627819743e-12,-52.34999999999615,20000,20000,2.8094
BBOB_f14,CMA-ES/IPOP sigma0=0.3*span ipop=x2,ok,,cmaes,10,19,4280109831,4.447997525858227e-12,-52.34999999999555,20000,20000,3.029
BBOB_f14,CMA-ES/IPOP sigma0=0.3*span ipop=x2,ok,,cmaes,10,20,831911760,3.353761712787673e-12,-52.34999999999665,20000,20000,2.5577
BBOB_f14,CMA-ES/IPOP sigma0=0.3*span ipop=x2,ok,,cmaes,10,21,2434361822,2.8705926524708048e-12,-52.34999999999713,20000,20000,2.4986
BBOB_f14,CMA-ES/IPOP sigma0=0.3*span ipop=x2,ok,,cmaes,10,22,2979900764,2.8492763703980017e-12,-52.34999999999715,20000,20000,2.2854
BBOB_f14,CMA-ES/IPOP sigma0=0.3*span ipop=x2,ok,,cmaes,10,23,1183826326,2.9274360713316128e-12,-52.349999999997074,20000,20000,2.3562
BBOB_f14,CMA-ES/IPOP sigma0=0.3*span ipop=x2,ok,,cmaes,10,24,378385209,2.8919089345436078e-12,-52.34999999999711,20000,20000,2.6643
BBOB_f14,CMA-ES/IPOP sigma0=0.3*span ipop=x2,ok,,cmaes,10,25,1030886480,1.3940848475613166e-11,-52.34999999998606,20000,20000,2.9837
BBOB_f14,CMA-ES/IPOP sigma0=0.3*span ipop=x2,ok,,cmaes,10,26,2234849258,1.9682033780554775e-12,-52.34999999999803,20000,20000,2.857
BBOB_f14,CMA-ES/IPOP sigma0=0.3*span ipop=x2,ok,,cmaes,10,27,4223365070,2.0961010704922955e-12,-52.349999999997905,20000,20000,2.8387
BBOB_f14,CMA-ES/IPOP sigma0=0.3*span ipop=x2,ok,,cmaes,10,28,1793294000,2.1600499167107046e-12,-52.34999999999784,20000,20000,2.4817
BBOB_f14,CMA-ES/IPOP sigma0=0.3*span ipop=x2,ok,,cmaes,10,29,379713767,1.1581846592889633e-11,-52.34999999998842,20000,20000,2.7879
BBOB_f14,DE/rand/1/bin F=0.5 CR=0.9 NP=50,ok,,de,10,0,2178214441,1.4454509411621075e-06,-52.34999855454906,20000,20000,1.0766
BBOB_f14,DE/rand/1/bin F=0.5 CR=0.9 NP=50,ok,,de,10,1,744319474,1.5488867433077758e-07,-52.34999984511133,20000,20000,1.0683
BBOB_f14,DE/rand/1/bin F=0.5 CR=0.9 NP=50,ok,,de,10,2,2177465552,4.307113862012102e-06,-52.34999569288614,20000,20000,1.0049
BBOB_f14,DE/rand/1/bin F=0.5 CR=0.9 NP=50,ok,,de,10,3,2842551439,5.326303096353513e-07,-52.34999946736969,20000,20000,1.091
BBOB_f14,DE/rand/1/bin F=0.5 CR=0.9 NP=50,ok,,de,10,4,1673967282,3.258353039825579e-05,-52.3499674164696,20000,20000,1.0818
BBOB_f14,DE/rand/1/bin F=0.5 CR=0.9 NP=50,ok,,de,10,5,1074371647,5.401490668077713e-07,-52.349999459850935,20000,20000,1.0649
BBOB_f14,DE/rand/1/bin F=0.5 CR=0.9 NP=50,ok,,de,10,6,4174844125,1.9867342295754042e-05,-52.349980132657706,20000,20000,1.0411
BBOB_f14,DE/rand/1/bin F=0.5 CR=0.9 NP=50,ok,,de,10,7,1530423159,1.06400456445499e-06,-52.34999893599544,20000,20000,1.0911
BBOB_f14,DE/rand/1/bin F=0.5 CR=0.9 NP=50,ok,,de,10,8,1706557734,7.1697634496104e-08,-52.34999992830237,20000,20000,1.1427
BBOB_f14,DE/rand/1/bin F=0.5 CR=0.9 NP=50,ok,,de,10,9,2666756570,1.0320238025940398e-05,-52.349989679761975,20000,20000,1.0945
BBOB_f14,DE/rand/1/bin F=0.5 CR=0.9 NP=50,ok,,de,10,10,3975261264,2.319888608326437e-06,-52.34999768011139,20000,20000,1.1904
BBOB_f14,DE/rand/1/bin F=0.5 CR=0.9 NP=50,ok,,de,10,11,512932723,7.2167700793102085e-06,-52.34999278322992,20000,20000,1.0982
BBOB_f14,DE/rand/1/bin F=0.5 CR=0.9 NP=50,ok,,de,10,12,723511027,7.495171530536027e-06,-52.34999250482847,20000,20000,1.1633
BBOB_f14,DE/rand/1/bin F=0.5 CR=0.9 NP=50,ok,,de,10,13,1877335517,1.8551337532812795e-06,-52.34999814486625,20000,20000,1.1406
BBOB_f14,DE/rand/1/bin F=0.5 CR=0.9 NP=50,ok,,de,10,14,3295111282,3.005760973451288e-06,-52.34999699423903,20000,20000,1.0796
BBOB_f14,DE/rand/1/bin F=0.5 CR=0.9 NP=50,ok,,de,10,15,3999448644,5.083378297854324e-06,-52.349994916621704,20000,20000,1.1589
BBOB_f14,DE/rand/1/bin F=0.5 CR=0.9 NP=50,ok,,de,10,16,1117454919,1.4267377252963342e-06,-52.349998573262276,20000,20000,1.064
BBOB_f14,DE/rand/1/bin F=0.5 CR=0.9 NP=50,ok,,de,10,17,9042426,9.169981119327986e-06,-52.34999083001888,20000,20000,1.0508
BBOB_f14,DE/rand/1/bin F=0.5 CR=0.9 NP=50,ok,,de,10,18,1655862681,1.8843461404571826e-06,-52.34999811565386,20000,20000,1.0622
BBOB_f14,DE/rand/1/bin F=0.5 CR=0.9 NP=50,ok,,de,10,19,4028004991,7.35987839561858e-08,-52.34999992640122,20000,20000,1.0525
BBOB_f14,DE/rand/1/bin F=0.5 CR=0.9 NP=50,ok,,de,10,20,1366737278,1.556166573379869e-06,-52.34999844383343,20000,20000,1.0838
BBOB_f14,DE/rand/1/bin F=0.5 CR=0.9 NP=50,ok,,de,10,21,559354051,3.7715424952011745e-06,-52.349996228457506,20000,20000,1.0723
BBOB_f14,DE/rand/1/bin F=0.5 CR=0.9 NP=50,ok,,de,10,22,85748360,1.039584951456618e-06,-52.34999896041505,20000,20000,1.0939
BBOB_f14,DE/rand/1/bin F=0.5 CR=0.9 NP=50,ok,,de,10,23,3496369759,2.2811341089834514e-05,-52.34997718865891,20000,20000,1.1285
BBOB_f14,DE/rand/1/bin F=0.5 CR=0.9 NP=50,ok,,de,10,24,1581134732,3.82458880210379e-06,-52.3499961754112,20000,20000,1.1296
BBOB_f14,DE/rand/1/bin F=0.5 CR=0.9 NP=50,ok,,de,10,25,2705137748,1.2327711203852232e-05,-52.3499876722888,20000,20000,1.128
BBOB_f14,DE/rand/1/bin F=0.5 CR=0.9 NP=50,ok,,de,10,26,4106738793,1.9044605181761654e-07,-52.34999980955395,20000,20000,1.1157
BBOB_f14,DE/rand/1/bin F=0.5 CR=0.9 NP=50,ok,,de,10,27,3399424739,5.1928850552940276e-08,-52.34999994807115,20000,20000,1.1022
BBOB_f14,DE/rand/1/bin F=0.5 CR=0.9 NP=50,ok,,de,10,28,277400198,4.354850482002348e-06,-52.34999564514952,20000,20000,1.1203
BBOB_f14,DE/rand/1/bin F=0.5 CR=0.9 NP=50,ok,,de,10,29,1746891819,1.7233129838700734e-06,-52.34999827668702,20000,20000,1.0362
BBOB_f14,GA/SBX NP=50 pc=0.9 eta_c=20.0 eta_m=20.0,ok,,ga,10,0,3176813311,0.007650536049858658,-52.34234946395014,20000,20000,0.8687
BBOB_f14,GA/SBX NP=50 pc=0.9 eta_c=20.0 eta_m=20.0,ok,,ga,10,1,454396353,0.0065955470395309135,-52.34340445296047,20000,20000,0.8672
BBOB_f14,GA/SBX NP=50 pc=0.9 eta_c=20.0 eta_m=20.0,ok,,ga,10,2,2624562946,0.007276019407626677,-52.342723980592375,20000,20000,0.8708
BBOB_f14,GA/SBX NP=50 pc=0.9 eta_c=20.0 eta_m=20.0,ok,,ga,10,3,949744025,0.0030549558798114163,-52.34694504412019,20000,20000,0.9396
BBOB_f14,GA/SBX NP=50 pc=0.9 eta_c=20.0 eta_m=20.0,ok,,ga,10,4,804186349,0.009199516347841552,-52.34080048365216,20000,20000,0.9113
BBOB_f14,GA/SBX NP=50 pc=0.9 eta_c=20.0 eta_m=20.0,ok,,ga,10,5,784038813,0.0064252342880095625,-52.34357476571199,20000,20000,0.9221
BBOB_f14,GA/SBX NP=50 pc=0.9 eta_c=20.0 eta_m=20.0,ok,,ga,10,6,1756289023,0.008400043236584054,-52.34159995676342,20000,20000,0.8544
BBOB_f14,GA/SBX NP=50 pc=0.9 eta_c=20.0 eta_m=20.0,ok,,ga,10,7,3058428305,0.009181202251987486,-52.340818797748014,20000,20000,0.8777
BBOB_f14,GA/SBX NP=50 pc=0.9 eta_c=20.0 eta_m=20.0,ok,,ga,10,8,1432950101,0.010600072783468306,-52.33939992721653,20000,20000,0.837
BBOB_f14,GA/SBX NP=50 pc=0.9 eta_c=20.0 eta_m=20.0,ok,,ga,10,9,4005803546,0.010895708749195876,-52.339104291250806,20000,20000,0.8014
BBOB_f14,GA/SBX NP=50 pc=0.9 eta_c=20.0 eta_m=20.0,ok,,ga,10,10,2832656612,0.005422716376983772,-52.34457728362302,20000,20000,0.8249
BBOB_f14,GA/SBX NP=50 pc=0.9 eta_c=20.0 eta_m=20.0,ok,,ga,10,11,1989393429,0.005820848216366414,-52.344179151783635,20000,20000,0.8689
BBOB_f14,GA/SBX NP=50 pc=0.9 eta_c=20.0 eta_m=20.0,ok,,ga,10,12,3729625406,0.0036605317959939043,-52.34633946820401,20000,20000,0.8297
BBOB_f14,GA/SBX NP=50 pc=0.9 eta_c=20.0 eta_m=20.0,ok,,ga,10,13,1754727725,0.0048316443754217175,-52.34516835562458,20000,20000,0.8317
BBOB_f14,GA/SBX NP=50 pc=0.9 eta_c=20.0 eta_m=20.0,ok,,ga,10,14,2182442927,0.009387050937384345,-52.34061294906262,20000,20000,0.8248
BBOB_f14,GA/SBX NP=50 pc=0.9 eta_c=20.0 eta_m=20.0,ok,,ga,10,15,590254523,0.005536962055849415,-52.34446303794415,20000,20000,0.8532
BBOB_f14,GA/SBX NP=50 pc=0.9 eta_c=20.0 eta_m=20.0,ok,,ga,10,16,429986179,0.005574552898302443,-52.3444254471017,20000,20000,0.8984
BBOB_f14,GA/SBX NP=50 pc=0.9 eta_c=20.0 eta_m=20.0,ok,,ga,10,17,258678810,0.007137710485501714,-52.3428622895145,20000,20000,0.9018
BBOB_f14,GA/SBX NP=50 pc=0.9 eta_c=20.0 eta_m=20.0,ok,,ga,10,18,4279618067,0.007803304901692343,-52.34219669509831,20000,20000,0.8859
BBOB_f14,GA/SBX NP=50 pc=0.9 eta_c=20.0 eta_m=20.0,ok,,ga,10,19,156461686,0.008462493885815547,-52.341537506114186,20000,20000,0.8748
BBOB_f14,GA/SBX NP=50 pc=0.9 eta_c=20.0 eta_m=20.0,ok,,ga,10,20,1138493424,0.013183244806789673,-52.33681675519321,20000,20000,0.8344
BBOB_f14,GA/SBX NP=50 pc=0.9 eta_c=20.0 eta_m=20.0,ok,,ga,10,21,4259747060,0.0060373579099888275,-52.34396264209001,20000,20000,0.871
BBOB_f14,GA/SBX NP=50 pc=0.9 eta_c=20.0 eta_m=20.0,ok,,ga,10,22,2778800283,0.006413258713543257,-52.34358674128646,20000,20000,0.865
BBOB_f14,GA/SBX NP=50 pc=0.9 eta_c=20.0 eta_m=20.0,ok,,ga,10,23,502521728,0.01314123691029323,-52.33685876308971,20000,20000,0.8521
BBOB_f14,GA/SBX NP=50 pc=0.9 eta_c=20.0 eta_m=20.0,ok,,ga,10,24,3829059229,0.007714055732670033,-52.34228594426733,20000,20000,0.8485
BBOB_f14,GA/SBX NP=50 pc=0.9 eta_c=20.0 eta_m=20.0,ok,,ga,10,25,1632981261,0.003241726163729197,-52.34675827383627,20000,20000,0.8751
BBOB_f14,GA/SBX NP=50 pc=0.9 eta_c=20.0 eta_m=20.0,ok,,ga,10,26,262098986,0.0091222998755498,-52.34087770012445,20000,20000,0.8423
BBOB_f14,GA/SBX NP=50 pc=0.9 eta_c=20.0 eta_m=20.0,ok,,ga,10,27,1017021150,0.005776661869141719,-52.34422333813086,20000,20000,0.8731
BBOB_f14,GA/SBX NP=50 pc=0.9 eta_c=20.0 eta_m=20.0,ok,,ga,10,28,79247831,0.006119570114044848,-52.34388042988596,20000,20000,0.8917
BBOB_f14,GA/SBX NP=50 pc=0.9 eta_c=20.0 eta_m=20.0,ok,,ga,10,29,84132488,0.005250878328034503,-52.34474912167197,20000,20000,0.8959
BBOB_f14,PSO/constriction N=40 c1=2.05 c2=2.05 chi=0.7298,ok,,pso,10,0,474936684,0.0002333440339228332,-52.34976665596608,20000,20000,0.1652
BBOB_f14,PSO/constriction N=40 c1=2.05 c2=2.05 chi=0.7298,ok,,pso,10,1,1100843526,0.792307715705391,-51.55769228429461,20000,20000,0.1363
BBOB_f14,PSO/constriction N=40 c1=2.05 c2=2.05 chi=0.7298,ok,,pso,10,2,2549589357,0.792307715705391,-51.55769228429461,20000,20000,0.1286
BBOB_f14,PSO/constriction N=40 c1=2.05 c2=2.05 chi=0.7298,ok,,pso,10,3,4115061958,0.00016665348797317847,-52.34983334651203,20000,20000,0.1206
BBOB_f14,PSO/constriction N=40 c1=2.05 c2=2.05 chi=0.7298,ok,,pso,10,4,1950434056,0.00015297106350686818,-52.349847028936495,20000,20000,0.1376
BBOB_f14,PSO/constriction N=40 c1=2.05 c2=2.05 chi=0.7298,ok,,pso,10,5,4282294990,0.00011542036396150479,-52.34988457963604,20000,20000,0.1517
BBOB_f14,PSO/constriction N=40 c1=2.05 c2=2.05 chi=0.7298,ok,,pso,10,6,3704596162,0.39384947692033734,-51.956150523079664,20000,20000,0.146
BBOB_f14,PSO/constriction N=40 c1=2.05 c2=2.05 chi=0.7298,ok,,pso,10,7,987482754,0.39384947692033023,-51.95615052307967,20000,20000,0.1373
BBOB_f14,PSO/constriction N=40 c1=2.05 c2=2.05 chi=0.7298,ok,,pso,10,8,752185796,0.39384947692033734,-51.956150523079664,20000,20000,0.1398
BBOB_f14,PSO/constriction N=40 c1=2.05 c2=2.05 chi=0.7298,ok,,pso,10,9,2916407004,0.39384947692033734,-51.956150523079664,20000,20000,0.1413
BBOB_f14,PSO/constriction N=40 c1=2.05 c2=2.05 chi=0.7298,ok,,pso,10,10,4020312315,0.00012599130467805253,-52.34987400869532,20000,20000,0.1181
BBOB_f14,PSO/constriction N=40 c1=2.05 c2=2.05 chi=0.7298,ok,,pso,10,11,401375689,0.000126697685693955,-52.34987330231431,20000,20000,0.1224
BBOB_f14,PSO/constriction N=40 c1=2.05 c2=2.05 chi=0.7298,ok,,pso,10,12,2842914946,0.39384947692033734,-51.956150523079664,20000,20000,0.1332
BBOB_f14,PSO/constriction N=40 c1=2.05 c2=2.05 chi=0.7298,ok,,pso,10,13,4189433174,0.00021311758604980469,-52.34978688241395,20000,20000,0.1318
BBOB_f14,PSO/constriction N=40 c1=2.05 c2=2.05 chi=0.7298,ok,,pso,10,14,3607849446,0.00010040449082282521,-52.34989959550918,20000,20000,0.124
BBOB_f14,PSO/constriction N=40 c1=2.05 c2=2.05 chi=0.7298,ok,,pso,10,15,3230930332,2.3327696286654387,-50.01723037133456,20000,20000,0.1216
BBOB_f14,PSO/constriction N=40 c1=2.05 c2=2.05 chi=0.7298,ok,,pso,10,16,3275971338,0.00010317692795780431,-52.349896823072044,20000,20000,0.1362
BBOB_f14,PSO/constriction N=40 c1=2.05 c2=2.05 chi=0.7298,ok,,pso,10,17,3201195157,0.00019351480536755616,-52.349806485194634,20000,20000,0.1357
BBOB_f14,PSO/constriction N=40 c1=2.05 c2=2.05 chi=0.7298,ok,,pso,10,18,439245524,0.39384947692034444,-51.95615052307966,20000,20000,0.1325
BBOB_f14,PSO/constriction N=40 c1=2.05 c2=2.05 chi=0.7298,ok,,pso,10,19,1594217202,0.39384947692033023,-51.95615052307967,20000,20000,0.1376
BBOB_f14,PSO/constriction N=40 c1=2.05 c2=2.05 chi=0.7298,ok,,pso,10,20,803134725,1.323569595100345,-51.026430404899656,20000,20000,0.141
BBOB_f14,PSO/constriction N=40 c1=2.05 c2=2.05 chi=0.7298,ok,,pso,10,21,1836047849,0.39384947692033734,-51.956150523079664,20000,20000,0.1442
BBOB_f14,PSO/constriction N=40 c1=2.05 c2=2.05 chi=0.7298,ok,,pso,10,22,4132978163,5.2585065468235825e-05,-52.34994741493453,20000,20000,0.2031
BBOB_f14,PSO/constriction N=40 c1=2.05 c2=2.05 chi=0.7298,ok,,pso,10,23,68453338,0.39384947692033734,-51.956150523079664,20000,20000,0.124
BBOB_f14,PSO/constriction N=40 c1=2.05 c2=2.05 chi=0.7298,ok,,pso,10,24,3835525838,0.00023962528153731455,-52.349760374718464,20000,20000,0.1182
BBOB_f14,PSO/constriction N=40 c1=2.05 c2=2.05 chi=0.7298,ok,,pso,10,25,3203582858,4.531225484594515,-47.81877451540549,20000,20000,0.1209
BBOB_f14,PSO/constriction N=40 c1=2.05 c2=2.05 chi=0.7298,ok,,pso,10,26,3801760837,0.792307715705391,-51.55769228429461,20000,20000,0.1189
BBOB_f14,PSO/constriction N=40 c1=2.05 c2=2.05 chi=0.7298,ok,,pso,10,27,3116658384,0.00013853032169919288,-52.3498614696783,20000,20000,0.1206
BBOB_f14,PSO/constriction N=40 c1=2.05 c2=2.05 chi=0.7298,ok,,pso,10,28,677164475,0.000144472402659801,-52.34985552759734,20000,20000,0.1109
BBOB_f14,PSO/constriction N=40 c1=2.05 c2=2.05 chi=0.7298,ok,,pso,10,29,3796897530,0.0001740153011979828,-52.3498259846988,20000,20000,0.1043
BBOB_f14,RandomSearch,ok,,random,10,0,3786850624,4.810625555558666,-47.539374444441336,20000,20000,0.4552
BBOB_f14,RandomSearch,ok,,random,10,1,2601531407,4.895379014236404,-47.4546209857636,20000,20000,0.452
BBOB_f14,RandomSearch,ok,,random,10,2,25683343,5.445932395995122,-46.90406760400488,20000,20000,0.436
BBOB_f14,RandomSearch,ok,,random,10,3,4180827823,4.124466504583324,-48.22553349541668,20000,20000,0.4639
BBOB_f14,RandomSearch,ok,,random,10,4,1105352446,5.322515774970292,-47.02748422502971,20000,20000,0.4396
BBOB_f14,RandomSearch,ok,,random,10,5,1028008331,5.071480288510095,-47.278519711489906,20000,20000,0.4683
BBOB_f14,RandomSearch,ok,,random,10,6,2779974703,3.90110042027068,-48.44889957972932,20000,20000,0.5046
BBOB_f14,RandomSearch,ok,,random,10,7,723010903,4.922035566526297,-47.427964433473704,20000,20000,0.4372
BBOB_f14,RandomSearch,ok,,random,10,8,87943335,5.098965242358723,-47.25103475764128,20000,20000,0.5145
BBOB_f14,RandomSearch,ok,,random,10,9,3469125029,2.422393817225405,-49.927606182774596,20000,20000,0.5126
BBOB_f14,RandomSearch,ok,,random,10,10,2281378631,3.459435551494373,-48.89056444850563,20000,20000,0.4789
BBOB_f14,RandomSearch,ok,,random,10,11,2394497865,6.2938832042589965,-46.056116795741005,20000,20000,0.5319
BBOB_f14,RandomSearch,ok,,random,10,12,3139192188,4.8746295855347554,-47.475370414465246,20000,20000,0.5047
BBOB_f14,RandomSearch,ok,,random,10,13,3019856051,1.6813281005998704,-50.66867189940013,20000,20000,0.4961
BBOB_f14,RandomSearch,ok,,random,10,14,1395565318,3.7669159363847697,-48.58308406361523,20000,20000,0.4815
BBOB_f14,RandomSearch,ok,,random,10,15,1230323922,3.68837869040032,-48.66162130959968,20000,20000,0.359
BBOB_f14,RandomSearch,ok,,random,10,16,1881400166,4.714606629866061,-47.63539337013394,20000,20000,0.4756
BBOB_f14,RandomSearch,ok,,random,10,17,754810172,4.933819438927962,-47.41618056107204,20000,20000,0.4716
BBOB_f14,RandomSearch,ok,,random,10,18,3247758729,5.112562808863892,-47.23743719113611,20000,20000,0.4291
BBOB_f14,RandomSearch,ok,,random,10,19,3481498536,3.5661561693436354,-48.783843830656366,20000,20000,0.4821
BBOB_f14,RandomSearch,ok,,random,10,20,510010348,4.238736694987928,-48.11126330501207,20000,20000,0.5196
BBOB_f14,RandomSearch,ok,,random,10,21,581826296,4.382228112362519,-47.96777188763748,20000,20000,0.466
BBOB_f14,RandomSearch,ok,,random,10,22,1619378781,4.878159405750466,-47.471840594249535,20000,20000,0.4679
BBOB_f14,RandomSearch,ok,,random,10,23,4045534529,5.372636587010113,-46.97736341298989,20000,20000,0.5068
BBOB_f14,RandomSearch,ok,,random,10,24,751385979,4.05596413562354,-48.29403586437646,20000,20000,0.4711
BBOB_f14,RandomSearch,ok,,random,10,25,604800930,2.7492172450858376,-49.600782754914164,20000,20000,0.4465
BBOB_f14,RandomSearch,ok,,random,10,26,3948897611,3.050229736791941,-49.29977026320806,20000,20000,0.4661
BBOB_f14,RandomSearch,ok,,random,10,27,3802208408,4.474011083755592,-47.87598891624441,20000,20000,0.4461
BBOB_f14,RandomSearch,ok,,random,10,28,3396759168,4.24807378966198,-48.10192621033802,20000,20000,0.4872
BBOB_f14,RandomSearch,ok,,random,10,29,3565089619,3.875889092416756,-48.474110907583245,20000,20000,0.4852
BBOB_f15,CMA-ES/IPOP sigma0=0.3*span ipop=x2,ok,,cmaes,10,0,4275476515,3.9798362285521307,1003.9798362285521,20000,20000,2.4957
BBOB_f15,CMA-ES/IPOP sigma0=0.3*span ipop=x2,ok,,cmaes,10,1,3353521022,1.9899181141998952,1001.9899181141999,20000,20000,2.8194
BBOB_f15,CMA-ES/IPOP sigma0=0.3*span ipop=x2,ok,,cmaes,10,2,2140009003,2.9848983113240593,1002.9848983113241,20000,20000,2.593
BBOB_f15,CMA-ES/IPOP sigma0=0.3*span ipop=x2,ok,,cmaes,10,3,1771467838,4.974795374390624,1004.9747953743906,20000,20000,2.8112
BBOB_f15,CMA-ES/IPOP sigma0=0.3*span ipop=x2,ok,,cmaes,10,4,924391447,3.979836254321185,1003.9798362543212,20000,20000,2.8779
BBOB_f15,CMA-ES/IPOP sigma0=0.3*span ipop=x2,ok,,cmaes,10,5,678867140,3.9798362284440145,1003.979836228444,20000,20000,2.4094
BBOB_f15,CMA-ES/IPOP sigma0=0.3*span ipop=x2,ok,,cmaes,10,6,1949059112,3.9798362283731876,1003.9798362283732,20000,20000,2.6118
BBOB_f15,CMA-ES/IPOP sigma0=0.3*span ipop=x2,ok,,cmaes,10,7,4170463765,3.9798362344441784,1003.9798362344442,20000,20000,2.8948
BBOB_f15,CMA-ES/IPOP sigma0=0.3*span ipop=x2,ok,,cmaes,10,8,484473240,2.9848771727897656,1002.9848771727898,20000,20000,2.5945
BBOB_f15,CMA-ES/IPOP sigma0=0.3*span ipop=x2,ok,,cmaes,10,9,2846133494,5.969754344549642,1005.9697543445496,20000,20000,2.2628
BBOB_f15,CMA-ES/IPOP sigma0=0.3*span ipop=x2,ok,,cmaes,10,10,2533629663,3.9798362313584903,1003.9798362313585,20000,20000,2.4789
BBOB_f15,CMA-ES/IPOP sigma0=0.3*span ipop=x2,ok,,cmaes,10,11,2091440358,3.979837225067172,1003.9798372250672,20000,20000,2.744
BBOB_f15,CMA-ES/IPOP sigma0=0.3*span ipop=x2,ok,,cmaes,10,12,1502374946,1.9899181141865938,1001.9899181141866,20000,20000,2.4362
BBOB_f15,CMA-ES/IPOP sigma0=0.3*span ipop=x2,ok,,cmaes,10,13,1083794871,0.9949590570940927,1000.9949590570941,20000,20000,2.2047
BBOB_f15,CMA-ES/IPOP sigma0=0.3*span ipop=x2,ok,,cmaes,10,14,2329798260,5.969754342559781,1005.9697543425598,20000,20000,3.1231
BBOB_f15,CMA-ES/IPOP sigma0=0.3*span ipop=x2,ok,,cmaes,10,15,875392896,2.9848771712798907,1002.9848771712799,20000,20000,2.708
BBOB_f15,CMA-ES/IPOP sigma0=0.3*span ipop=x2,ok,,cmaes,10,16,3573099796,3.9798362293857963,1003.9798362293858,20000,20000,3.3248
BBOB_f15,CMA-ES/IPOP sigma0=0.3*span ipop=x2,ok,,cmaes,10,17,735874773,6.9647083618340275,1006.964708361834,20000,20000,3.7174
BBOB_f15,CMA-ES/IPOP sigma0=0.3*span ipop=x2,ok,,cmaes,10,18,3820277420,4.974795285466598,1004.9747952854666,20000,20000,3.5989
BBOB_f15,CMA-ES/IPOP sigma0=0.3*span ipop=x2,ok,,cmaes,10,19,517178695,2.9848771712798907,1002.9848771712799,20000,20000,3.531
BBOB_f15,CMA-ES/IPOP sigma0=0.3*span ipop=x2,ok,,cmaes,10,20,1825658474,5.969749304740731,1005.9697493047407,20000,20000,3.4736
BBOB_f15,CMA-ES/IPOP sigma0=0.3*span ipop=x2,ok,,cmaes,10,21,1323920326,6.964713399653078,1006.9647133996531,20000,20000,3.6795
BBOB_f15,CMA-ES/IPOP sigma0=0.3*span ipop=x2,ok,,cmaes,10,22,2581079705,1.9899181142941416,1001.9899181142941,20000,20000,3.0749
BBOB_f15,CMA-ES/IPOP sigma0=0.3*span ipop=x2,ok,,cmaes,10,23,558148061,9.949585533113918,1009.9495855331139,20000,20000,2.7821
BBOB_f15,CMA-ES/IPOP sigma0=0.3*span ipop=x2,ok,,cmaes,10,24,1505538832,0.9949590570932969,1000.9949590570933,20000,20000,3.2136
BBOB_f15,CMA-ES/IPOP sigma0=0.3*span ipop=x2,ok,,cmaes,10,25,1348813357,7.815393701093853e-07,1000.0000007815394,20000,20000,3.2444
BBOB_f15,CMA-ES/IPOP sigma0=0.3*span ipop=x2,ok,,cmaes,10,26,1097761128,2.984877255697711,1002.9848772556977,20000,20000,3.0242
BBOB_f15,CMA-ES/IPOP sigma0=0.3*span ipop=x2,ok,,cmaes,10,27,3545699043,2.9848771712800044,1002.98487717128,20000,20000,3.1859
BBOB_f15,CMA-ES/IPOP sigma0=0.3*span ipop=x2,ok,,cmaes,10,28,1314442533,3.9798369688627417,1003.9798369688627,20000,20000,2.9959
BBOB_f15,CMA-ES/IPOP sigma0=0.3*span ipop=x2,ok,,cmaes,10,29,2011298929,4.974795289833537,1004.9747952898335,20000,20000,3.1601
BBOB_f15,DE/rand/1/bin F=0.5 CR=0.9 NP=50,ok,,de,10,0,615829324,30.052295390210702,1030.0522953902107,20000,20000,1.1697
BBOB_f15,DE/rand/1/bin F=0.5 CR=0.9 NP=50,ok,,de,10,1,3715011185,35.293061877956234,1035.2930618779562,20000,20000,1.3173
BBOB_f15,DE/rand/1/bin F=0.5 CR=0.9 NP=50,ok,,de,10,2,1369794126,32.606979386256626,1032.6069793862566,20000,20000,1.1685
BBOB_f15,DE/rand/1/bin F=0.5 CR=0.9 NP=50,ok,,de,10,3,4138316913,28.290748790784846,1028.2907487907848,20000,20000,1.1765
BBOB_f15,DE/rand/1/bin F=0.5 CR=0.9 NP=50,ok,,de,10,4,2793791239,37.327409284410805,1037.3274092844108,20000,20000,1.1669
BBOB_f15,DE/rand/1/bin F=0.5 CR=0.9 NP=50,ok,,de,10,5,133137346,37.32297774590597,1037.322977745906,20000,20000,1.2202
BBOB_f15,DE/rand/1/bin F=0.5 CR=0.9 NP=50,ok,,de,10,6,2796163045,37.051780155484494,1037.0517801554845,20000,20000,1.1152
BBOB_f15,DE/rand/1/bin F=0.5 CR=0.9 NP=50,ok,,de,10,7,2907589377,31.076158078563594,1031.0761580785636,20000,20000,1.1885
BBOB_f15,DE/rand/1/bin F=0.5 CR=0.9 NP=50,ok,,de,10,8,3990169477,35.39101643216304,1035.391016432163,20000,20000,1.1022
BBOB_f15,DE/rand/1/bin F=0.5 CR=0.9 NP=50,ok,,de,10,9,4220398194,31.923819006390204,1031.9238190063902,20000,20000,1.1567
BBOB_f15,DE/rand/1/bin F=0.5 CR=0.9 NP=50,ok,,de,10,10,2450040212,26.136214405529927,1026.13621440553,20000,20000,1.1171
BBOB_f15,DE/rand/1/bin F=0.5 CR=0.9 NP=50,ok,,de,10,11,2336712466,36.86612794309099,1036.866127943091,20000,20000,1.0962
BBOB_f15,DE/rand/1/bin F=0.5 CR=0.9 NP=50,ok,,de,10,12,2882664574,29.103211069680356,1029.1032110696804,20000,20000,1.0737
BBOB_f15,DE/rand/1/bin F=0.5 CR=0.9 NP=50,ok,,de,10,13,1538802160,39.60805846925973,1039.6080584692597,20000,20000,1.1408
BBOB_f15,DE/rand/1/bin F=0.5 CR=0.9 NP=50,ok,,de,10,14,1587269072,43.59367353107859,1043.5936735310786,20000,20000,1.1133
BBOB_f15,DE/rand/1/bin F=0.5 CR=0.9 NP=50,ok,,de,10,15,2349594297,39.13122691546141,1039.1312269154614,20000,20000,1.1383
BBOB_f15,DE/rand/1/bin F=0.5 CR=0.9 NP=50,ok,,de,10,16,1545608155,29.469757264271493,1029.4697572642715,20000,20000,1.1014
BBOB_f15,DE/rand/1/bin F=0.5 CR=0.9 NP=50,ok,,de,10,17,4005177962,34.12330563600426,1034.1233056360043,20000,20000,1.2064
BBOB_f15,DE/rand/1/bin F=0.5 CR=0.9 NP=50,ok,,de,10,18,4131998838,28.83070267142739,1028.8307026714274,20000,20000,1.063
BBOB_f15,DE/rand/1/bin F=0.5 CR=0.9 NP=50,ok,,de,10,19,1952908209,33.00331444093854,1033.0033144409385,20000,20000,1.189
BBOB_f15,DE/rand/1/bin F=0.5 CR=0.9 NP=50,ok,,de,10,20,4094454349,36.09905046789254,1036.0990504678925,20000,20000,1.1194
BBOB_f15,DE/rand/1/bin F=0.5 CR=0.9 NP=50,ok,,de,10,21,2006589109,28.285352599882344,1028.2853525998823,20000,20000,1.1167
BBOB_f15,DE/rand/1/bin F=0.5 CR=0.9 NP=50,ok,,de,10,22,585222445,30.84178404606041,1030.8417840460604,20000,20000,1.0877
BBOB_f15,DE/rand/1/bin F=0.5 CR=0.9 NP=50,ok,,de,10,23,3630011730,11.950247669565329,1011.9502476695653,20000,20000,1.0126
BBOB_f15,DE/rand/1/bin F=0.5 CR=0.9 NP=50,ok,,de,10,24,1850720944,31.85208760661635,1031.8520876066164,20000,20000,1.1321
BBOB_f15,DE/rand/1/bin F=0.5 CR=0.9 NP=50,ok,,de,10,25,1632420752,20.149074740954234,1020.1490747409542,20000,20000,1.088
BBOB_f15,DE/rand/1/bin F=0.5 CR=0.9 NP=50,ok,,de,10,26,901091251,33.41368900739121,1033.4136890073912,20000,20000,1.1065
BBOB_f15,DE/rand/1/bin F=0.5 CR=0.9 NP=50,ok,,de,10,27,3829015458,28.89759285153741,1028.8975928515374,20000,20000,1.1921
BBOB_f15,DE/rand/1/bin F=0.5 CR=0.9 NP=50,ok,,de,10,28,3420654348,38.54997351718862,1038.5499735171886,20000,20000,1.1533
BBOB_f15,DE/rand/1/bin F=0.5 CR=0.9 NP=50,ok,,de,10,29,511863554,34.04648174818385,1034.0464817481839,20000,20000,1.0899
BBOB_f15,GA/SBX NP=50 pc=0.9 eta_c=20.0 eta_m=20.0,ok,,ga,10,0,215190046,122.70990466957619,1122.7099046695762,20000,20000,0.8769
BBOB_f15,GA/SBX NP=50 pc=0.9 eta_c=20.0 eta_m=20.0,ok,,ga,10,1,2149518402,54.14244588543693,1054.142445885437,20000,20000,0.8319
BBOB_f15,GA/SBX NP=50 pc=0.9 eta_c=20.0 eta_m=20.0,ok,,ga,10,2,4014400170,100.60039983534898,1100.600399835349,20000,20000,0.9139
BBOB_f15,GA/SBX NP=50 pc=0.9 eta_c=20.0 eta_m=20.0,ok,,ga,10,3,4205459018,99.01126235277889,1099.0112623527789,20000,20000,0.8702
BBOB_f15,GA/SBX NP=50 pc=0.9 eta_c=20.0 eta_m=20.0,ok,,ga,10,4,1183145072,119.48986541008844,1119.4898654100884,20000,20000,0.8814
BBOB_f15,GA/SBX NP=50 pc=0.9 eta_c=20.0 eta_m=20.0,ok,,ga,10,5,583947021,69.80162026127641,1069.8016202612764,20000,20000,0.8562
BBOB_f15,GA/SBX NP=50 pc=0.9 eta_c=20.0 eta_m=20.0,ok,,ga,10,6,1062061210,119.70185677420955,1119.7018567742095,20000,20000,0.8627
BBOB_f15,GA/SBX NP=50 pc=0.9 eta_c=20.0 eta_m=20.0,ok,,ga,10,7,3468509487,65.98995774519926,1065.9899577451993,20000,20000,0.8699
BBOB_f15,GA/SBX NP=50 pc=0.9 eta_c=20.0 eta_m=20.0,ok,,ga,10,8,3726608081,118.74322662407621,1118.7432266240762,20000,20000,1.4735
BBOB_f15,GA/SBX NP=50 pc=0.9 eta_c=20.0 eta_m=20.0,ok,,ga,10,9,832218727,31.94440749657292,1031.944407496573,20000,20000,1.4541
BBOB_f15,GA/SBX NP=50 pc=0.9 eta_c=20.0 eta_m=20.0,ok,,ga,10,10,146336536,36.1430553793864,1036.1430553793864,20000,20000,1.5781
BBOB_f15,GA/SBX NP=50 pc=0.9 eta_c=20.0 eta_m=20.0,ok,,ga,10,11,2496975096,97.3692313164936,1097.3692313164936,20000,20000,1.5553
BBOB_f15,GA/SBX NP=50 pc=0.9 eta_c=20.0 eta_m=20.0,ok,,ga,10,12,2437793526,97.50919236486175,1097.5091923648617,20000,20000,1.336
BBOB_f15,GA/SBX NP=50 pc=0.9 eta_c=20.0 eta_m=20.0,ok,,ga,10,13,450569545,183.23208900465306,1183.232089004653,20000,20000,1.538
BBOB_f15,GA/SBX NP=50 pc=0.9 eta_c=20.0 eta_m=20.0,ok,,ga,10,14,1916180733,57.046372826135666,1057.0463728261357,20000,20000,1.6205
BBOB_f15,GA/SBX NP=50 pc=0.9 eta_c=20.0 eta_m=20.0,ok,,ga,10,15,904513667,107.47374154406612,1107.4737415440661,20000,20000,1.4912
BBOB_f15,GA/SBX NP=50 pc=0.9 eta_c=20.0 eta_m=20.0,ok,,ga,10,16,3022059032,36.61673797885442,1036.6167379788544,20000,20000,2.1895
BBOB_f15,GA/SBX NP=50 pc=0.9 eta_c=20.0 eta_m=20.0,ok,,ga,10,17,1980853972,44.860279253276985,1044.860279253277,20000,20000,2.723
BBOB_f15,GA/SBX NP=50 pc=0.9 eta_c=20.0 eta_m=20.0,ok,,ga,10,18,3346062591,68.17961502462049,1068.1796150246205,20000,20000,2.8663
BBOB_f15,GA/SBX NP=50 pc=0.9 eta_c=20.0 eta_m=20.0,ok,,ga,10,19,2968046041,54.869248706497274,1054.8692487064973,20000,20000,2.7834
BBOB_f15,GA/SBX NP=50 pc=0.9 eta_c=20.0 eta_m=20.0,ok,,ga,10,20,3354815439,65.35186152340793,1065.351861523408,20000,20000,2.694
BBOB_f15,GA/SBX NP=50 pc=0.9 eta_c=20.0 eta_m=20.0,ok,,ga,10,21,2866640648,137.38794460939607,1137.387944609396,20000,20000,2.7525
BBOB_f15,GA/SBX NP=50 pc=0.9 eta_c=20.0 eta_m=20.0,ok,,ga,10,22,1999235824,106.66977917320264,1106.6697791732026,20000,20000,2.7815
BBOB_f15,GA/SBX NP=50 pc=0.9 eta_c=20.0 eta_m=20.0,ok,,ga,10,23,819794492,39.17050119804344,1039.1705011980434,20000,20000,2.8706
BBOB_f15,GA/SBX NP=50 pc=0.9 eta_c=20.0 eta_m=20.0,ok,,ga,10,24,1066912986,106.7476499075508,1106.7476499075508,20000,20000,1.4821
BBOB_f15,GA/SBX NP=50 pc=0.9 eta_c=20.0 eta_m=20.0,ok,,ga,10,25,903825320,76.6623121267096,1076.6623121267096,20000,20000,1.0527
BBOB_f15,GA/SBX NP=50 pc=0.9 eta_c=20.0 eta_m=20.0,ok,,ga,10,26,1289321779,38.44430066600876,1038.4443006660088,20000,20000,0.945
BBOB_f15,GA/SBX NP=50 pc=0.9 eta_c=20.0 eta_m=20.0,ok,,ga,10,27,4267483353,237.87862791864518,1237.8786279186452,20000,20000,0.9262
BBOB_f15,GA/SBX NP=50 pc=0.9 eta_c=20.0 eta_m=20.0,ok,,ga,10,28,1619528335,43.01237389534799,1043.012373895348,20000,20000,0.8744
BBOB_f15,GA/SBX NP=50 pc=0.9 eta_c=20.0 eta_m=20.0,ok,,ga,10,29,167568710,46.28487283249751,1046.2848728324975,20000,20000,0.9109
BBOB_f15,PSO/constriction N=40 c1=2.05 c2=2.05 chi=0.7298,ok,,pso,10,0,3092732947,22.883952154295912,1022.8839521542959,20000,20000,0.156
BBOB_f15,PSO/constriction N=40 c1=2.05 c2=2.05 chi=0.7298,ok,,pso,10,1,2939547777,22.637869927635393,1022.6378699276354,20000,20000,0.1685
BBOB_f15,PSO/constriction N=40 c1=2.05 c2=2.05 chi=0.7298,ok,,pso,10,2,3149747329,17.371339510923917,1017.3713395109239,20000,20000,0.1867
BBOB_f15,PSO/constriction N=40 c1=2.05 c2=2.05 chi=0.7298,ok,,pso,10,3,4239927021,43.28201301268041,1043.2820130126804,20000,20000,0.169
BBOB_f15,PSO/constriction N=40 c1=2.05 c2=2.05 chi=0.7298,ok,,pso,10,4,45456182,18.904186774601385,1018.9041867746014,20000,20000,0.1703
BBOB_f15,PSO/constriction N=40 c1=2.05 c2=2.05 chi=0.7298,ok,,pso,10,5,2707565878,41.93255720347861,1041.9325572034786,20000,20000,0.1759
BBOB_f15,PSO/constriction N=40 c1=2.05 c2=2.05 chi=0.7298,ok,,pso,10,6,4172861474,38.64459985458666,1038.6445998545867,20000,20000,0.1828
BBOB_f15,PSO/constriction N=40 c1=2.05 c2=2.05 chi=0.7298,ok,,pso,10,7,1058570652,22.903860371270184,1022.9038603712702,20000,20000,0.1724
BBOB_f15,PSO/constriction N=40 c1=2.05 c2=2.05 chi=0.7298,ok,,pso,10,8,662662982,31.84331752853859,1031.8433175285386,20000,20000,0.1871
BBOB_f15,PSO/constriction N=40 c1=2.05 c2=2.05 chi=0.7298,ok,,pso,10,9,550029684,9.949585534097537,1009.9495855340975,20000,20000,0.1702
BBOB_f15,PSO/constriction N=40 c1=2.05 c2=2.05 chi=0.7298,ok,,pso,10,10,1395338758,30.843660149548896,1030.843660149549,20000,20000,0.1714
BBOB_f15,PSO/constriction N=40 c1=2.05 c2=2.05 chi=0.7298,ok,,pso,10,11,183975099,18.90418679937693,1018.9041867993769,20000,20000,0.1677
BBOB_f15,PSO/constriction N=40 c1=2.05 c2=2.05 chi=0.7298,ok,,pso,10,12,119610728,13.929416723668055,1013.929416723668,20000,20000,0.1868
BBOB_f15,PSO/constriction N=40 c1=2.05 c2=2.05 chi=0.7298,ok,,pso,10,13,1483190957,32.86713103943407,1032.867131039434,20000,20000,0.1596
BBOB_f15,PSO/constriction N=40 c1=2.05 c2=2.05 chi=0.7298,ok,,pso,10,14,593054884,19.899145831694227,1019.8991458316942,20000,20000,0.1593
BBOB_f15,PSO/constriction N=40 c1=2.05 c2=2.05 chi=0.7298,ok,,pso,10,15,3081902811,26.863783344849708,1026.8637833448497,20000,20000,0.1529
BBOB_f15,PSO/constriction N=40 c1=2.05 c2=2.05 chi=0.7298,ok,,pso,10,16,2504822271,17.909222679689037,1017.909222679689,20000,20000,0.164
BBOB_f15,PSO/constriction N=40 c1=2.05 c2=2.05 chi=0.7298,ok,,pso,10,17,3912259026,20.894120047682918,1020.8941200476829,20000,20000,0.1709
BBOB_f15,PSO/constriction N=40 c1=2.05 c2=2.05 chi=0.7298,ok,,pso,10,18,1963966857,32.83355806702184,1032.8335580670218,20000,20000,0.1831
BBOB_f15,PSO/constriction N=40 c1=2.05 c2=2.05 chi=0.7298,ok,,pso,10,19,3988561325,25.86889009887136,1025.8688900988714,20000,20000,0.1657
BBOB_f15,PSO/constriction N=40 c1=2.05 c2=2.05 chi=0.7298,ok,,pso,10,20,310175839,38.846083772451266,1038.8460837724513,20000,20000,0.158
BBOB_f15,PSO/constriction N=40 c1=2.05 c2=2.05 chi=0.7298,ok,,pso,10,21,3487038808,23.878987354393303,1023.8789873543933,20000,20000,0.1633
BBOB_f15,PSO/constriction N=40 c1=2.05 c2=2.05 chi=0.7298,ok,,pso,10,22,2207169544,30.468912086679893,1030.46891208668,20000,20000,0.17
BBOB_f15,PSO/constriction N=40 c1=2.05 c2=2.05 chi=0.7298,ok,,pso,10,23,3447492288,65.25310133406856,1065.2531013340686,20000,20000,0.1716
BBOB_f15,PSO/constriction N=40 c1=2.05 c2=2.05 chi=0.7298,ok,,pso,10,24,1088779967,40.91868882519998,1040.9186888252,20000,20000,0.1673
BBOB_f15,PSO/constriction N=40 c1=2.05 c2=2.05 chi=0.7298,ok,,pso,10,25,3763371226,30.81634216686416,1030.8163421668642,20000,20000,0.1591
BBOB_f15,PSO/constriction N=40 c1=2.05 c2=2.05 chi=0.7298,ok,,pso,10,26,2172807873,24.128403889049423,1024.1284038890494,20000,20000,0.1564
BBOB_f15,PSO/constriction N=40 c1=2.05 c2=2.05 chi=0.7298,ok,,pso,10,27,3806249837,48.883293615361254,1048.8832936153613,20000,20000,0.1517
BBOB_f15,PSO/constriction N=40 c1=2.05 c2=2.05 chi=0.7298,ok,,pso,10,28,2987610207,19.932320896597616,1019.9323208965976,20000,20000,0.1726
BBOB_f15,PSO/constriction N=40 c1=2.05 c2=2.05 chi=0.7298,ok,,pso,10,29,1103574447,38.45340208383254,1038.4534020838325,20000,20000,0.1628
BBOB_f15,RandomSearch,ok,,random,10,0,2995398413,143.32403352188226,1143.3240335218823,20000,20000,0.4995
BBOB_f15,RandomSearch,ok,,random,10,1,1653089158,112.34807403712603,1112.348074037126,20000,20000,0.4831
BBOB_f15,RandomSearch,ok,,random,10,2,3603813208,126.74721024295718,1126.7472102429572,20000,20000,0.5428
BBOB_f15,RandomSearch,ok,,random,10,3,1849652760,144.59271073185278,1144.5927107318528,20000,20000,0.5034
BBOB_f15,RandomSearch,ok,,random,10,4,2651038407,122.5153909120329,1122.515390912033,20000,20000,0.5072
BBOB_f15,RandomSearch,ok,,random,10,5,2286935179,140.67234372516896,1140.672343725169,20000,20000,0.5291
BBOB_f15,RandomSearch,ok,,random,10,6,3385114924,120.61459362386745,1120.6145936238674,20000,20000,0.5313
BBOB_f15,RandomSearch,ok,,random,10,7,698948926,99.30142859967395,1099.301428599674,20000,20000,0.5167
BBOB_f15,RandomSearch,ok,,random,10,8,2069862275,135.17200819099435,1135.1720081909943,20000,20000,0.4888
BBOB_f15,RandomSearch,ok,,random,10,9,3113659193,123.3146835596192,1123.3146835596192,20000,20000,0.5212
BBOB_f15,RandomSearch,ok,,random,10,10,3988940117,127.07803364521897,1127.078033645219,20000,20000,0.5413
BBOB_f15,RandomSearch,ok,,random,10,11,1664786446,114.71713297122687,1114.7171329712269,20000,20000,0.5216
BBOB_f15,RandomSearch,ok,,random,10,12,642462207,135.80002290095013,1135.8000229009501,20000,20000,0.5332
BBOB_f15,RandomSearch,ok,,random,10,13,1230391678,113.70057103614295,1113.700571036143,20000,20000,0.4998
BBOB_f15,RandomSearch,ok,,random,10,14,2174020084,105.50703302835814,1105.5070330283581,20000,20000,0.5371
BBOB_f15,RandomSearch,ok,,random,10,15,78796104,139.5532367084029,1139.553236708403,20000,20000,0.4989
BBOB_f15,RandomSearch,ok,,random,10,16,1882127410,113.60585315791536,1113.6058531579154,20000,20000,0.4991
BBOB_f15,RandomSearch,ok,,random,10,17,1020675495,125.28640794034095,1125.286407940341,20000,20000,0.497
BBOB_f15,RandomSearch,ok,,random,10,18,4169240866,104.3574041296672,1104.3574041296672,20000,20000,0.547
BBOB_f15,RandomSearch,ok,,random,10,19,2214210748,110.65765068570659,1110.6576506857066,20000,20000,0.5134
BBOB_f15,RandomSearch,ok,,random,10,20,4263045319,130.94691402814715,1130.9469140281471,20000,20000,0.5164
BBOB_f15,RandomSearch,ok,,random,10,21,584868380,120.92333907526063,1120.9233390752606,20000,20000,0.4854
BBOB_f15,RandomSearch,ok,,random,10,22,1984764806,129.9796699993608,1129.9796699993608,20000,20000,0.4992
BBOB_f15,RandomSearch,ok,,random,10,23,1180741210,86.76581580083007,1086.76581580083,20000,20000,0.4982
BBOB_f15,RandomSearch,ok,,random,10,24,290580782,153.57549361219662,1153.5754936121966,20000,20000,0.5232
BBOB_f15,RandomSearch,ok,,random,10,25,1159710985,135.00239521414346,1135.0023952141435,20000,20000,0.5407
BBOB_f15,RandomSearch,ok,,random,10,26,1311922651,131.57462751098592,1131.574627510986,20000,20000,0.5029
BBOB_f15,RandomSearch,ok,,random,10,27,2233997238,129.36432337126553,1129.3643233712655,20000,20000,0.5567
BBOB_f15,RandomSearch,ok,,random,10,28,557187853,119.68205666925792,1119.682056669258,20000,20000,0.4385
BBOB_f15,RandomSearch,ok,,random,10,29,4005167389,136.291938010296,1136.291938010296,20000,20000,0.4834
BBOB_f16,CMA-ES/IPOP sigma0=0.3*span ipop=x2,ok,,cmaes,10,0,3152231533,0.05628172279737953,71.40628172279737,20000,20000,2.8294
BBOB_f16,CMA-ES/IPOP sigma0=0.3*span ipop=x2,ok,,cmaes,10,1,51146910,0.0,71.35,20000,20000,2.6491
BBOB_f16,CMA-ES/IPOP sigma0=0.3*span ipop=x2,ok,,cmaes,10,2,1846740077,0.004217238039771587,71.35421723803977,20000,20000,2.8353
BBOB_f16,CMA-ES/IPOP sigma0=0.3*span ipop=x2,ok,,cmaes,10,3,2060718192,0.2127536722518215,71.56275367225182,20000,20000,2.8339
BBOB_f16,CMA-ES/IPOP sigma0=0.3*span ipop=x2,ok,,cmaes,10,4,532383676,0.019364308734282076,71.36936430873428,20000,20000,3.21
BBOB_f16,CMA-ES/IPOP sigma0=0.3*span ipop=x2,ok,,cmaes,10,5,2796737282,0.14299234092828783,71.49299234092828,20000,20000,2.7612
BBOB_f16,CMA-ES/IPOP sigma0=0.3*span ipop=x2,ok,,cmaes,10,6,290845532,2.9805046182218575e-06,71.35000298050461,20000,20000,2.6735
BBOB_f16,CMA-ES/IPOP sigma0=0.3*span ipop=x2,ok,,cmaes,10,7,1097400946,0.403041118511851,71.75304111851185,20000,20000,2.7869
BBOB_f16,CMA-ES/IPOP sigma0=0.3*span ipop=x2,ok,,cmaes,10,8,2013594878,0.18357303006733616,71.53357303006733,20000,20000,3.4874
BBOB_f16,CMA-ES/IPOP sigma0=0.3*span ipop=x2,ok,,cmaes,10,9,1199646518,0.13157730449033522,71.48157730449033,20000,20000,3.4053
BBOB_f16,CMA-ES/IPOP sigma0=0.3*span ipop=x2,ok,,cmaes,10,10,2774655627,0.1848342346181795,71.53483423461817,20000,20000,3.158
BBOB_f16,CMA-ES/IPOP sigma0=0.3*span ipop=x2,ok,,cmaes,10,11,747895603,0.532723913651509,71.8827239136515,20000,20000,3.2315
BBOB_f16,CMA-ES/IPOP sigma0=0.3*span ipop=x2,ok,,cmaes,10,12,3474976007,0.26999998972121375,71.61999998972121,20000,20000,3.972
BBOB_f16,CMA-ES/IPOP sigma0=0.3*span ipop=x2,ok,,cmaes,10,13,4097288335,0.06628766463335012,71.41628766463334,20000,20000,3.3358
BBOB_f16,CMA-ES/IPOP sigma0=0.3*span ipop=x2,ok,,cmaes,10,14,3774340538,0.06628766463337854,71.41628766463337,20000,20000,3.2656
BBOB_f16,CMA-ES/IPOP sigma0=0.3*span ipop=x2,ok,,cmaes,10,15,4235653556,0.21946197788102495,71.56946197788102,20000,20000,3.4913
BBOB_f16,CMA-ES/IPOP sigma0=0.3*span ipop=x2,ok,,cmaes,10,16,3418732033,0.002555281746438709,71.35255528174643,20000,20000,3.5923
BBOB_f16,CMA-ES/IPOP sigma0=0.3*span ipop=x2,ok,,cmaes,10,17,3701981131,0.7610502487832207,72.11105024878322,20000,20000,3.6821
BBOB_f16,CMA-ES/IPOP sigma0=0.3*span ipop=x2,ok,,cmaes,10,18,31808671,0.10507193222285593,71.45507193222285,20000,20000,3.6149
BBOB_f16,CMA-ES/IPOP sigma0=0.3*span ipop=x2,ok,,cmaes,10,19,1384264928,0.0013974394740046137,71.351397439474,20000,20000,3.8251
BBOB_f16,CMA-ES/IPOP sigma0=0.3*span ipop=x2,ok,,cmaes,10,20,1242299715,0.011179515791198469,71.36117951579119,20000,20000,3.5134
BBOB_f16,CMA-ES/IPOP sigma0=0.3*span ipop=x2,ok,,cmaes,10,21,1557355313,0.3019378973264679,71.65193789732646,20000,20000,3.9352
BBOB_f16,CMA-ES/IPOP sigma0=0.3*span ipop=x2,ok,,cmaes,10,22,1660187187,0.1463883778651791,71.49638837786517,20000,20000,3.3445
BBOB_f16,CMA-ES/IPOP sigma0=0.3*span ipop=x2,ok,,cmaes,10,23,267069059,0.9124582663560261,72.26245826635602,20000,20000,3.259
BBOB_f16,CMA-ES/IPOP sigma0=0.3*span ipop=x2,ok,,cmaes,10,24,4149598057,0.03374999871519435,71.38374999871519,20000,20000,3.803
BBOB_f16,CMA-ES/IPOP sigma0=0.3*span ipop=x2,ok,,cmaes,10,25,392945652,0.13729921616480567,71.4872992161648,20000,20000,3.6718
BBOB_f16,CMA-ES/IPOP sigma0=0.3*span ipop=x2,ok,,cmaes,10,26,1589619785,0.1338425406280095,71.483842540628,20000,20000,3.9157
BBOB_f16,CMA-ES/IPOP sigma0=0.3*span ipop=x2,ok,,cmaes,10,27,4067179767,0.14207959242011725,71.49207959242011,20000,20000,4.0149
BBOB_f16,CMA-ES/IPOP sigma0=0.3*span ipop=x2,ok,,cmaes,10,28,955702113,0.1792539952762695,71.52925399527626,20000,20000,3.9341
BBOB_f16,CMA-ES/IPOP sigma0=0.3*span ipop=x2,ok,,cmaes,10,29,23221936,0.17892733690538876,71.52892733690538,20000,20000,3.8668
BBOB_f16,DE/rand/1/bin F=0.5 CR=0.9 NP=50,ok,,de,10,0,1761223150,7.1873485310863146,78.53734853108631,20000,20000,1.1297
BBOB_f16,DE/rand/1/bin F=0.5 CR=0.9 NP=50,ok,,de,10,1,1571414981,10.697414865990893,82.04741486599089,20000,20000,1.1464
BBOB_f16,DE/rand/1/bin F=0.5 CR=0.9 NP=50,ok,,de,10,2,3477703878,11.708245474613761,83.05824547461376,20000,20000,1.171
BBOB_f16,DE/rand/1/bin F=0.5 CR=0.9 NP=50,ok,,de,10,3,203980315,8.06715723359946,79.41715723359945,20000,20000,1.1641
BBOB_f16,DE/rand/1/bin F=0.5 CR=0.9 NP=50,ok,,de,10,4,278403638,7.852808924229649,79.20280892422964,20000,20000,1.1796
BBOB_f16,DE/rand/1/bin F=0.5 CR=0.9 NP=50,ok,,de,10,5,2264345464,8.003599211716164,79.35359921171616,20000,20000,1.2038
BBOB_f16,DE/rand/1/bin F=0.5 CR=0.9 NP=50,ok,,de,10,6,2369619757,12.030700976990886,83.38070097699088,20000,20000,1.1732
BBOB_f16,DE/rand/1/bin F=0.5 CR=0.9 NP=50,ok,,de,10,7,2154912489,11.304913822402199,82.6549138224022,20000,20000,1.1282
BBOB_f16,DE/rand/1/bin F=0.5 CR=0.9 NP=50,ok,,de,10,8,166187788,11.184985206840409,82.5349852068404,20000,20000,1.1649
BBOB_f16,DE/rand/1/bin F=0.5 CR=0.9 NP=50,ok,,de,10,9,1467523470,10.574579175108326,81.92457917510832,20000,20000,1.1796
BBOB_f16,DE/rand/1/bin F=0.5 CR=0.9 NP=50,ok,,de,10,10,2039272294,8.496663103640046,79.84666310364004,20000,20000,1.2905
BBOB_f16,DE/rand/1/bin F=0.5 CR=0.9 NP=50,ok,,de,10,11,937163115,8.220634308356978,79.57063430835697,20000,20000,1.1648
BBOB_f16,DE/rand/1/bin F=0.5 CR=0.9 NP=50,ok,,de,10,12,3347607464,6.694453312784489,78.04445331278448,20000,20000,1.1894
BBOB_f16,DE/rand/1/bin F=0.5 CR=0.9 NP=50,ok,,de,10,13,2111824915,6.8080298466936995,78.1580298466937,20000,20000,1.2049
BBOB_f16,DE/rand/1/bin F=0.5 CR=0.9 NP=50,ok,,de,10,14,1148201355,10.60641349992082,81.95641349992081,20000,20000,1.1173
BBOB_f16,DE/rand/1/bin F=0.5 CR=0.9 NP=50,ok,,de,10,15,3193921506,7.840033633256198,79.19003363325619,20000,20000,1.1841
BBOB_f16,DE/rand/1/bin F=0.5 CR=0.9 NP=50,ok,,de,10,16,1612409988,10.166751706288565,81.51675170628856,20000,20000,1.4087
BBOB_f16,DE/rand/1/bin F=0.5 CR=0.9 NP=50,ok,,de,10,17,3275044619,9.417175319368027,80.76717531936802,20000,20000,1.5999
BBOB_f16,DE/rand/1/bin F=0.5 CR=0.9 NP=50,ok,,de,10,18,2756307851,10.270974267608722,81.62097426760872,20000,20000,1.4597
BBOB_f16,DE/rand/1/bin F=0.5 CR=0.9 NP=50,ok,,de,10,19,3098659368,12.339167192757884,83.68916719275788,20000,20000,1.5266
BBOB_f16,DE/rand/1/bin F=0.5 CR=0.9 NP=50,ok,,de,10,20,2157858171,13.632469985965855,84.98246998596585,20000,20000,1.5004
BBOB_f16,DE/rand/1/bin F=0.5 CR=0.9 NP=50,ok,,de,10,21,4214496183,8.693781137887171,80.04378113788717,20000,20000,1.4688
BBOB_f16,DE/rand/1/bin F=0.5 CR=0.9 NP=50,ok,,de,10,22,1591416218,11.154611629819186,82.50461162981918,20000,20000,1.6488
BBOB_f16,DE/rand/1/bin F=0.5 CR=0.9 NP=50,ok,,de,10,23,4029738958,10.541107779961166,81.89110777996116,20000,20000,1.4685
BBOB_f16,DE/rand/1/bin F=0.5 CR=0.9 NP=50,ok,,de,10,24,3933741864,10.761418629497783,82.11141862949778,20000,20000,1.2411
BBOB_f16,DE/rand/1/bin F=0.5 CR=0.9 NP=50,ok,,de,10,25,3705713127,12.151571047019942,83.50157104701994,20000,20000,1.1826
BBOB_f16,DE/rand/1/bin F=0.5 CR=0.9 NP=50,ok,,de,10,26,3827471557,9.640585956576103,80.9905859565761,20000,20000,1.3037
BBOB_f16,DE/rand/1/bin F=0.5 CR=0.9 NP=50,ok,,de,10,27,2307749740,11.487363571881787,82.83736357188178,20000,20000,1.2285
BBOB_f16,DE/rand/1/bin F=0.5 CR=0.9 NP=50,ok,,de,10,28,2864506239,11.181037933026218,82.53103793302621,20000,20000,1.2251
BBOB_f16,DE/rand/1/bin F=0.5 CR=0.9 NP=50,ok,,de,10,29,571804261,8.983987319321699,80.3339873193217,20000,20000,1.2441
BBOB_f16,GA/SBX NP=50 pc=0.9 eta_c=20.0 eta_m=20.0,ok,,ga,10,0,4134342336,3.184338479774695,74.53433847977469,20000,20000,0.8893
BBOB_f16,GA/SBX NP=50 pc=0.9 eta_c=20.0 eta_m=20.0,ok,,ga,10,1,3739389415,3.188456870357669,74.53845687035766,20000,20000,0.9745
BBOB_f16,GA/SBX NP=50 pc=0.9 eta_c=20.0 eta_m=20.0,ok,,ga,10,2,294114924,4.215934330898861,75.56593433089886,20000,20000,0.8791
BBOB_f16,GA/SBX NP=50 pc=0.9 eta_c=20.0 eta_m=20.0,ok,,ga,10,3,735323073,1.9931570748035057,73.3431570748035,20000,20000,0.9687
BBOB_f16,GA/SBX NP=50 pc=0.9 eta_c=20.0 eta_m=20.0,ok,,ga,10,4,1685780728,1.7325971951406416,73.08259719514064,20000,20000,0.9605
BBOB_f16,GA/SBX NP=50 pc=0.9 eta_c=20.0 eta_m=20.0,ok,,ga,10,5,3249942947,7.20922340845469,78.55922340845468,20000,20000,0.9288
BBOB_f16,GA/SBX NP=50 pc=0.9 eta_c=20.0 eta_m=20.0,ok,,ga,10,6,781863700,5.886941891698967,77.23694189169896,20000,20000,0.9368
BBOB_f16,GA/SBX NP=50 pc=0.9 eta_c=20.0 eta_m=20.0,ok,,ga,10,7,3168945792,2.9127799637420395,74.26277996374203,20000,20000,0.9085
BBOB_f16,GA/SBX NP=50 pc=0.9 eta_c=20.0 eta_m=20.0,ok,,ga,10,8,993731783,1.6679811066830723,73.01798110668307,20000,20000,0.8925
BBOB_f16,GA/SBX NP=50 pc=0.9 eta_c=20.0 eta_m=20.0,ok,,ga,10,9,709420608,1.2475888455654598,72.59758884556545,20000,20000,0.901
BBOB_f16,GA/SBX NP=50 pc=0.9 eta_c=20.0 eta_m=20.0,ok,,ga,10,10,595347605,2.2557571719296163,73.60575717192961,20000,20000,0.9125
BBOB_f16,GA/SBX NP=50 pc=0.9 eta_c=20.0 eta_m=20.0,ok,,ga,10,11,1526250311,3.5659375526606567,74.91593755266065,20000,20000,0.926
BBOB_f16,GA/SBX NP=50 pc=0.9 eta_c=20.0 eta_m=20.0,ok,,ga,10,12,2592008698,2.4406991101844113,73.7906991101844,20000,20000,0.9088
BBOB_f16,GA/SBX NP=50 pc=0.9 eta_c=20.0 eta_m=20.0,ok,,ga,10,13,3924201736,3.009089581843483,74.35908958184348,20000,20000,0.8955
BBOB_f16,GA/SBX NP=50 pc=0.9 eta_c=20.0 eta_m=20.0,ok,,ga,10,14,3463305274,2.456472493410061,73.80647249341006,20000,20000,0.9393
BBOB_f16,GA/SBX NP=50 pc=0.9 eta_c=20.0 eta_m=20.0,ok,,ga,10,15,3521678597,1.9399391281369134,73.28993912813691,20000,20000,0.9278
BBOB_f16,GA/SBX NP=50 pc=0.9 eta_c=20.0 eta_m=20.0,ok,,ga,10,16,2753905290,7.63836475165138,78.98836475165137,20000,20000,0.8767
BBOB_f16,GA/SBX NP=50 pc=0.9 eta_c=20.0 eta_m=20.0,ok,,ga,10,17,4259554076,0.8492479876033059,72.1992479876033,20000,20000,0.9129
BBOB_f16,GA/SBX NP=50 pc=0.9 eta_c=20.0 eta_m=20.0,ok,,ga,10,18,2914551970,4.843764030817226,76.19376403081722,20000,20000,0.8947
BBOB_f16,GA/SBX NP=50 pc=0.9 eta_c=20.0 eta_m=20.0,ok,,ga,10,19,2059805751,3.845918930956344,75.19591893095634,20000,20000,0.8972
BBOB_f16,GA/SBX NP=50 pc=0.9 eta_c=20.0 eta_m=20.0,ok,,ga,10,20,1768742652,1.0003251257563477,72.35032512575634,20000,20000,0.879
BBOB_f16,GA/SBX NP=50 pc=0.9 eta_c=20.0 eta_m=20.0,ok,,ga,10,21,3139899044,4.922717314682643,76.27271731468264,20000,20000,0.9073
BBOB_f16,GA/SBX NP=50 pc=0.9 eta_c=20.0 eta_m=20.0,ok,,ga,10,22,880237054,5.714651295027309,77.0646512950273,20000,20000,0.9262
BBOB_f16,GA/SBX NP=50 pc=0.9 eta_c=20.0 eta_m=20.0,ok,,ga,10,23,3593518478,1.2956222945505687,72.64562229455056,20000,20000,0.8702
BBOB_f16,GA/SBX NP=50 pc=0.9 eta_c=20.0 eta_m=20.0,ok,,ga,10,24,3269536189,1.7490619053944414,73.09906190539444,20000,20000,0.9352
BBOB_f16,GA/SBX NP=50 pc=0.9 eta_c=20.0 eta_m=20.0,ok,,ga,10,25,3751822405,4.522981647823514,75.87298164782351,20000,20000,0.9055
BBOB_f16,GA/SBX NP=50 pc=0.9 eta_c=20.0 eta_m=20.0,ok,,ga,10,26,560550742,3.676509410944817,75.02650941094481,20000,20000,0.9334
BBOB_f16,GA/SBX NP=50 pc=0.9 eta_c=20.0 eta_m=20.0,ok,,ga,10,27,2317401225,1.125404381267174,72.47540438126717,20000,20000,0.907
BBOB_f16,GA/SBX NP=50 pc=0.9 eta_c=20.0 eta_m=20.0,ok,,ga,10,28,1660622922,3.689345368499872,75.03934536849987,20000,20000,0.9417
BBOB_f16,GA/SBX NP=50 pc=0.9 eta_c=20.0 eta_m=20.0,ok,,ga,10,29,446812907,2.067110047277211,73.4171100472772,20000,20000,0.9132
BBOB_f16,PSO/constriction N=40 c1=2.05 c2=2.05 chi=0.7298,ok,,pso,10,0,2611277694,3.60565627162471,74.9556562716247,20000,20000,0.2139
BBOB_f16,PSO/constriction N=40 c1=2.05 c2=2.05 chi=0.7298,ok,,pso,10,1,674939627,2.1049243246305167,73.45492432463051,20000,20000,0.2169
BBOB_f16,PSO/constriction N=40 c1=2.05 c2=2.05 chi=0.7298,ok,,pso,10,2,1610166663,2.666960024818863,74.01696002481886,20000,20000,0.2227
BBOB_f16,PSO/constriction N=40 c1=2.05 c2=2.05 chi=0.7298,ok,,pso,10,3,1363869269,3.445504865850225,74.79550486585022,20000,20000,0.2021
BBOB_f16,PSO/constriction N=40 c1=2.05 c2=2.05 chi=0.7298,ok,,pso,10,4,3174345903,1.0434915688747424,72.39349156887474,20000,20000,0.214
BBOB_f16,PSO/constriction N=40 c1=2.05 c2=2.05 chi=0.7298,ok,,pso,10,5,2634402197,2.7399071979129843,74.08990719791298,20000,20000,0.2284
BBOB_f16,PSO/constriction N=40 c1=2.05 c2=2.05 chi=0.7298,ok,,pso,10,6,43197486,1.4093690962001375,72.75936909620013,20000,20000,0.2215
BBOB_f16,PSO/constriction N=40 c1=2.05 c2=2.05 chi=0.7298,ok,,pso,10,7,2945390329,1.9008102142976213,73.25081021429762,20000,20000,0.2437
BBOB_f16,PSO/constriction N=40 c1=2.05 c2=2.05 chi=0.7298,ok,,pso,10,8,2465772865,0.3085292222484526,71.65852922224845,20000,20000,0.2183
BBOB_f16,PSO/constriction N=40 c1=2.05 c2=2.05 chi=0.7298,ok,,pso,10,9,2749897878,1.5690104333397557,72.91901043333975,20000,20000,0.2168
BBOB_f16,PSO/constriction N=40 c1=2.05 c2=2.05 chi=0.7298,ok,,pso,10,10,1247902100,1.5023955040827701,72.85239550408276,20000,20000,0.2196
BBOB_f16,PSO/constriction N=40 c1=2.05 c2=2.05 chi=0.7298,ok,,pso,10,11,130327862,0.3598234591379281,71.70982345913792,20000,20000,0.1987
BBOB_f16,PSO/constriction N=40 c1=2.05 c2=2.05 chi=0.7298,ok,,pso,10,12,4167753184,0.2985129440618408,71.64851294406184,20000,20000,0.2058
BBOB_f16,PSO/constriction N=40 c1=2.05 c2=2.05 chi=0.7298,ok,,pso,10,13,552684724,1.7105674134856486,73.06056741348564,20000,20000,0.1914
BBOB_f16,PSO/constriction N=40 c1=2.05 c2=2.05 chi=0.7298,ok,,pso,10,14,1459484042,0.7264794981823286,72.07647949818232,20000,20000,0.2224
BBOB_f16,PSO/constriction N=40 c1=2.05 c2=2.05 chi=0.7298,ok,,pso,10,15,3453083057,1.9437548743185857,73.29375487431858,20000,20000,0.2234
BBOB_f16,PSO/constriction N=40 c1=2.05 c2=2.05 chi=0.7298,ok,,pso,10,16,2154285150,0.43028848164385636,71.78028848164385,20000,20000,0.2077
BBOB_f16,PSO/constriction N=40 c1=2.05 c2=2.05 chi=0.7298,ok,,pso,10,17,3383781980,0.16291993807102756,71.51291993807102,20000,20000,0.2047
BBOB_f16,PSO/constriction N=40 c1=2.05 c2=2.05 chi=0.7298,ok,,pso,10,18,1104194220,1.0972617395412954,72.44726173954129,20000,20000,0.2026
BBOB_f16,PSO/constriction N=40 c1=2.05 c2=2.05 chi=0.7298,ok,,pso,10,19,2353646191,6.600622500232646,77.95062250023264,20000,20000,0.2054
BBOB_f16,PSO/constriction N=40 c1=2.05 c2=2.05 chi=0.7298,ok,,pso,10,20,2195471933,0.14619093565266894,71.49619093565266,20000,20000,0.2609
BBOB_f16,PSO/constriction N=40 c1=2.05 c2=2.05 chi=0.7298,ok,,pso,10,21,103053704,3.074022388841854,74.42402238884185,20000,20000,0.2247
BBOB_f16,PSO/constriction N=40 c1=2.05 c2=2.05 chi=0.7298,ok,,pso,10,22,2939727501,2.3543445423031244,73.70434454230312,20000,20000,0.2519
BBOB_f16,PSO/constriction N=40 c1=2.05 c2=2.05 chi=0.7298,ok,,pso,10,23,317884419,1.3381601874634867,72.68816018746348,20000,20000,0.2265
BBOB_f16,PSO/constriction N=40 c1=2.05 c2=2.05 chi=0.7298,ok,,pso,10,24,442501797,0.7587293130597317,72.10872931305973,20000,20000,0.2321
BBOB_f16,PSO/constriction N=40 c1=2.05 c2=2.05 chi=0.7298,ok,,pso,10,25,1388376963,0.19075860624423058,71.54075860624422,20000,20000,0.2132
BBOB_f16,PSO/constriction N=40 c1=2.05 c2=2.05 chi=0.7298,ok,,pso,10,26,192213367,4.675351703877396,76.02535170387739,20000,20000,0.2319
BBOB_f16,PSO/constriction N=40 c1=2.05 c2=2.05 chi=0.7298,ok,,pso,10,27,1389437708,0.4301602764472108,71.7801602764472,20000,20000,0.2333
BBOB_f16,PSO/constriction N=40 c1=2.05 c2=2.05 chi=0.7298,ok,,pso,10,28,3155252926,2.083380801423914,73.43338080142391,20000,20000,0.2011
BBOB_f16,PSO/constriction N=40 c1=2.05 c2=2.05 chi=0.7298,ok,,pso,10,29,699926811,4.399721429431622,75.74972142943162,20000,20000,0.1993
BBOB_f16,RandomSearch,ok,,random,10,0,1383482640,9.70397463167589,81.05397463167589,20000,20000,0.7881
BBOB_f16,RandomSearch,ok,,random,10,1,1727074416,11.59631342999063,82.94631342999062,20000,20000,1.0554
BBOB_f16,RandomSearch,ok,,random,10,2,4137443369,10.471041820322412,81.8210418203224,20000,20000,0.9019
BBOB_f16,RandomSearch,ok,,random,10,3,4209347271,4.307023951417193,75.65702395141719,20000,20000,0.7077
BBOB_f16,RandomSearch,ok,,random,10,4,415492173,7.562838281021257,78.91283828102125,20000,20000,0.554
BBOB_f16,RandomSearch,ok,,random,10,5,4281972295,13.074720477193907,84.4247204771939,20000,20000,0.558
BBOB_f16,RandomSearch,ok,,random,10,6,3272977709,12.194676218313262,83.54467621831326,20000,20000,0.5958
BBOB_f16,RandomSearch,ok,,random,10,7,3450127502,9.56463647398651,80.9146364739865,20000,20000,0.5729
BBOB_f16,RandomSearch,ok,,random,10,8,3680199279,11.743959620377623,83.09395962037762,20000,20000,0.5453
BBOB_f16,RandomSearch,ok,,random,10,9,1451055199,11.229907657300416,82.57990765730041,20000,20000,0.5719
BBOB_f16,RandomSearch,ok,,random,10,10,2475168859,5.783198095990713,77.1331980959907,20000,20000,0.532
BBOB_f16,RandomSearch,ok,,random,10,11,2869119412,12.412116016243885,83.76211601624388,20000,20000,0.5484
BBOB_f16,RandomSearch,ok,,random,10,12,3484206606,9.248662012929145,80.59866201292914,20000,20000,0.561
BBOB_f16,RandomSearch,ok,,random,10,13,2550445729,5.532717605587052,76.88271760558705,20000,20000,0.5759
BBOB_f16,RandomSearch,ok,,random,10,14,1774236026,9.724746992438952,81.07474699243895,20000,20000,0.5363
BBOB_f16,RandomSearch,ok,,random,10,15,2802290421,7.314272570946542,78.66427257094654,20000,20000,0.5668
BBOB_f16,RandomSearch,ok,,random,10,16,3545436158,9.770655414656545,81.12065541465654,20000,20000,0.5745
BBOB_f16,RandomSearch,ok,,random,10,17,1760823057,7.830417523548434,79.18041752354843,20000,20000,0.5449
BBOB_f16,RandomSearch,ok,,random,10,18,639547932,9.032936406321511,80.3829364063215,20000,20000,0.5607
BBOB_f16,RandomSearch,ok,,random,10,19,1512287335,10.746015515464094,82.09601551546409,20000,20000,0.5912
BBOB_f16,RandomSearch,ok,,random,10,20,2812752736,12.669822085815241,84.01982208581524,20000,20000,0.5743
BBOB_f16,RandomSearch,ok,,random,10,21,1396900782,9.670712686674648,81.02071268667464,20000,20000,0.5788
BBOB_f16,RandomSearch,ok,,random,10,22,3937722729,11.534875706003959,82.88487570600395,20000,20000,0.4811
BBOB_f16,RandomSearch,ok,,random,10,23,2848110865,11.439403548773512,82.7894035487735,20000,20000,0.5596
BBOB_f16,RandomSearch,ok,,random,10,24,2870548795,7.9883779178495615,79.33837791784956,20000,20000,0.5551
BBOB_f16,RandomSearch,ok,,random,10,25,4078176917,10.698067914585991,82.04806791458599,20000,20000,0.5352
BBOB_f16,RandomSearch,ok,,random,10,26,3197868994,11.362275426174477,82.71227542617447,20000,20000,0.5166
BBOB_f16,RandomSearch,ok,,random,10,27,3378718172,11.096010750946974,82.44601075094697,20000,20000,0.5309
BBOB_f16,RandomSearch,ok,,random,10,28,3725763691,9.521360696636776,80.87136069663677,20000,20000,0.5251
BBOB_f16,RandomSearch,ok,,random,10,29,3316632136,7.122844645957599,78.4728446459576,20000,20000,0.5279
BBOB_f17,CMA-ES/IPOP sigma0=0.3*span ipop=x2,ok,,cmaes,10,0,1836329435,1.5784862956280676e-05,-16.939984215137045,20000,20000,2.4206
BBOB_f17,CMA-ES/IPOP sigma0=0.3*span ipop=x2,ok,,cmaes,10,1,2869680183,0.00042182311488048185,-16.93957817688512,20000,20000,2.3443
BBOB_f17,CMA-ES/IPOP sigma0=0.3*span ipop=x2,ok,,cmaes,10,2,1070859165,0.00010739642949175732,-16.93989260357051,20000,20000,2.5581
BBOB_f17,CMA-ES/IPOP sigma0=0.3*span ipop=x2,ok,,cmaes,10,3,2884360479,0.002935658183833567,-16.937064341816168,20000,20000,3.3409
BBOB_f17,CMA-ES/IPOP sigma0=0.3*span ipop=x2,ok,,cmaes,10,4,3983809271,0.0012903109661586143,-16.938709689033843,20000,20000,2.3929
BBOB_f17,CMA-ES/IPOP sigma0=0.3*span ipop=x2,ok,,cmaes,10,5,299036628,0.02562008111748071,-16.91437991888252,20000,20000,3.0974
BBOB_f17,CMA-ES/IPOP sigma0=0.3*span ipop=x2,ok,,cmaes,10,6,2156696900,3.229569617957395e-06,-16.939996770430383,20000,20000,2.5851
BBOB_f17,CMA-ES/IPOP sigma0=0.3*span ipop=x2,ok,,cmaes,10,7,2304044922,1.1481170837157606e-05,-16.939988518829164,20000,20000,2.4294
BBOB_f17,CMA-ES/IPOP sigma0=0.3*span ipop=x2,ok,,cmaes,10,8,2863195587,0.0012379908733528566,-16.93876200912665,20000,20000,2.8472
BBOB_f17,CMA-ES/IPOP sigma0=0.3*span ipop=x2,ok,,cmaes,10,9,1907597352,0.022823665774154733,-16.917176334225847,20000,20000,2.6674
BBOB_f17,CMA-ES/IPOP sigma0=0.3*span ipop=x2,ok,,cmaes,10,10,1450358789,0.00010990040457414807,-16.939890099595427,20000,20000,2.404
BBOB_f17,CMA-ES/IPOP sigma0=0.3*span ipop=x2,ok,,cmaes,10,11,1483487961,0.014357781841717099,-16.925642218158284,20000,20000,2.3029
BBOB_f17,CMA-ES/IPOP sigma0=0.3*span ipop=x2,ok,,cmaes,10,12,1199688123,3.2836029220106866e-06,-16.93999671639708,20000,20000,3.0701
BBOB_f17,CMA-ES/IPOP sigma0=0.3*span ipop=x2,ok,,cmaes,10,13,685790036,2.0820890927808477e-05,-16.939979179109073,20000,20000,2.2791
BBOB_f17,CMA-ES/IPOP sigma0=0.3*span ipop=x2,ok,,cmaes,10,14,3628031452,2.0814709237981788e-05,-16.939979185290763,20000,20000,2.197
BBOB_f17,CMA-ES/IPOP sigma0=0.3*span ipop=x2,ok,,cmaes,10,15,885018829,0.1053118770697985,-16.834688122930203,20000,20000,3.0068
BBOB_f17,CMA-ES/IPOP sigma0=0.3*span ipop=x2,ok,,cmaes,10,16,877241155,3.0411229090532288e-12,-16.93999999999696,20000,20000,2.5733
BBOB_f17,CMA-ES/IPOP sigma0=0.3*span ipop=x2,ok,,cmaes,10,17,2569130354,1.1454496409157855e-05,-16.939988545503592,20000,20000,2.3682
BBOB_f17,CMA-ES/IPOP sigma0=0.3*span ipop=x2,ok,,cmaes,10,18,1589008263,1.4415647058285685e-06,-16.939998558435295,20000,20000,2.2309
BBOB_f17,CMA-ES/IPOP sigma0=0.3*span ipop=x2,ok,,cmaes,10,19,1775447010,0.0007975551995507146,-16.93920244480045,20000,20000,2.8605
BBOB_f17,CMA-ES/IPOP sigma0=0.3*span ipop=x2,ok,,cmaes,10,20,1438243851,3.1987767208363493e-06,-16.93999680122328,20000,20000,2.7215
BBOB_f17,CMA-ES/IPOP sigma0=0.3*span ipop=x2,ok,,cmaes,10,21,1530644286,0.0051626598930170076,-16.934837340106984,20000,20000,2.0422
BBOB_f17,CMA-ES/IPOP sigma0=0.3*span ipop=x2,ok,,cmaes,10,22,3581824080,1.1375796553636519e-05,-16.939988624203448,20000,20000,1.9703
BBOB_f17,CMA-ES/IPOP sigma0=0.3*span ipop=x2,ok,,cmaes,10,23,1164498150,1.384050268171677e-06,-16.939998615949733,20000,20000,2.8333
BBOB_f17,CMA-ES/IPOP sigma0=0.3*span ipop=x2,ok,,cmaes,10,24,3327759001,0.0007336435732767654,-16.939266356426725,20000,20000,2.3368
BBOB_f17,CMA-ES/IPOP sigma0=0.3*span ipop=x2,ok,,cmaes,10,25,2731685786,5.3961152236325916e-05,-16.939946038847765,20000,20000,2.5974
BBOB_f17,CMA-ES/IPOP sigma0=0.3*span ipop=x2,ok,,cmaes,10,26,1247810913,0.0003179199539822264,-16.93968208004602,20000,20000,2.1099
BBOB_f17,CMA-ES/IPOP sigma0=0.3*span ipop=x2,ok,,cmaes,10,27,3342117073,4.863665026277886e-12,-16.939999999995138,20000,20000,2.2726
BBOB_f17,CMA-ES/IPOP sigma0=0.3*span ipop=x2,ok,,cmaes,10,28,309944154,4.614975068761851e-12,-16.939999999995386,20000,20000,2.2858
BBOB_f17,CMA-ES/IPOP sigma0=0.3*span ipop=x2,ok,,cmaes,10,29,52939765,6.775024985472555e-12,-16.939999999993226,20000,20000,2.475
BBOB_f17,DE/rand/1/bin F=0.5 CR=0.9 NP=50,ok,,de,10,0,1047987908,8.767765292816421e-05,-16.939912322347073,20000,20000,1.1261
BBOB_f17,DE/rand/1/bin F=0.5 CR=0.9 NP=50,ok,,de,10,1,213682507,2.9426491874318117e-05,-16.939970573508127,20000,20000,1.1723
BBOB_f17,DE/rand/1/bin F=0.5 CR=0.9 NP=50,ok,,de,10,2,1355457832,0.0001404037615166942,-16.939859596238485,20000,20000,1.0851
BBOB_f17,DE/rand/1/bin F=0.5 CR=0.9 NP=50,ok,,de,10,3,4006531058,3.405624936547724e-05,-16.939965943750636,20000,20000,1.1381
BBOB_f17,DE/rand/1/bin F=0.5 CR=0.9 NP=50,ok,,de,10,4,3072311992,0.00011784066737519083,-16.939882159332626,20000,20000,1.1086
BBOB_f17,DE/rand/1/bin F=0.5 CR=0.9 NP=50,ok,,de,10,5,3537244079,0.00014505858240809744,-16.939854941417593,20000,20000,1.1329
BBOB_f17,DE/rand/1/bin F=0.5 CR=0.9 NP=50,ok,,de,10,6,1603496266,6.405695561539915e-05,-16.939935943044386,20000,20000,1.1114
BBOB_f17,DE/rand/1/bin F=0.5 CR=0.9 NP=50,ok,,de,10,7,1065871171,9.108337098595598e-05,-16.939908916629015,20000,20000,1.1416
BBOB_f17,DE/rand/1/bin F=0.5 CR=0.9 NP=50,ok,,de,10,8,917789343,0.00013637760908480345,-16.939863622390916,20000,20000,1.1301
BBOB_f17,DE/rand/1/bin F=0.5 CR=0.9 NP=50,ok,,de,10,9,798122067,8.983421204078468e-05,-16.93991016578796,20000,20000,1.1082
BBOB_f17,DE/rand/1/bin F=0.5 CR=0.9 NP=50,ok,,de,10,10,3283644756,0.00011742052037178041,-16.93988257947963,20000,20000,1.2333
BBOB_f17,DE/rand/1/bin F=0.5 CR=0.9 NP=50,ok,,de,10,11,1143675668,0.00017707684019541148,-16.939822923159806,20000,20000,1.1344
BBOB_f17,DE/rand/1/bin F=0.5 CR=0.9 NP=50,ok,,de,10,12,3604717358,8.437146859918698e-05,-16.939915628531402,20000,20000,1.1091
BBOB_f17,DE/rand/1/bin F=0.5 CR=0.9 NP=50,ok,,de,10,13,3062512020,8.04641020764052e-05,-16.939919535897925,20000,20000,1.1113
BBOB_f17,DE/rand/1/bin F=0.5 CR=0.9 NP=50,ok,,de,10,14,724311212,8.590430108412761e-05,-16.939914095698917,20000,20000,1.1044
BBOB_f17,DE/rand/1/bin F=0.5 CR=0.9 NP=50,ok,,de,10,15,3466494801,0.00037783233096178037,-16.93962216766904,20000,20000,1.1776
BBOB_f17,DE/rand/1/bin F=0.5 CR=0.9 NP=50,ok,,de,10,16,237179408,0.000256081403879449,-16.939743918596122,20000,20000,1.0849
BBOB_f17,DE/rand/1/bin F=0.5 CR=0.9 NP=50,ok,,de,10,17,3803076598,4.9618687043562204e-05,-16.939950381312958,20000,20000,1.092
BBOB_f17,DE/rand/1/bin F=0.5 CR=0.9 NP=50,ok,,de,10,18,2002601649,0.00017015551177124166,-16.93982984448823,20000,20000,1.0968
BBOB_f17,DE/rand/1/bin F=0.5 CR=0.9 NP=50,ok,,de,10,19,3518467677,0.0001643310405299303,-16.93983566895947,20000,20000,1.1446
BBOB_f17,DE/rand/1/bin F=0.5 CR=0.9 NP=50,ok,,de,10,20,808071023,6.151927473041496e-05,-16.93993848072527,20000,20000,1.1479
BBOB_f17,DE/rand/1/bin F=0.5 CR=0.9 NP=50,ok,,de,10,21,4070404586,2.7957224482122456e-05,-16.93997204277552,20000,20000,1.0482
BBOB_f17,DE/rand/1/bin F=0.5 CR=0.9 NP=50,ok,,de,10,22,3073403013,0.00010148799126952213,-16.93989851200873,20000,20000,1.1181
BBOB_f17,DE/rand/1/bin F=0.5 CR=0.9 NP=50,ok,,de,10,23,914564266,0.00010916364237090193,-16.93989083635763,20000,20000,1.07
BBOB_f17,DE/rand/1/bin F=0.5 CR=0.9 NP=50,ok,,de,10,24,2778275859,6.873310521626763e-05,-16.939931266894785,20000,20000,1.1253
BBOB_f17,DE/rand/1/bin F=0.5 CR=0.9 NP=50,ok,,de,10,25,2223270708,0.00021827038175104008,-16.93978172961825,20000,20000,1.0215
BBOB_f17,DE/rand/1/bin F=0.5 CR=0.9 NP=50,ok,,de,10,26,2538997543,5.848234016880838e-05,-16.939941517659832,20000,20000,1.089
BBOB_f17,DE/rand/1/bin F=0.5 CR=0.9 NP=50,ok,,de,10,27,3342776918,9.803904360339288e-05,-16.939901960956398,20000,20000,1.0758
BBOB_f17,DE/rand/1/bin F=0.5 CR=0.9 NP=50,ok,,de,10,28,340038693,4.00068050048219e-05,-16.939959993194996,20000,20000,1.1443
BBOB_f17,DE/rand/1/bin F=0.5 CR=0.9 NP=50,ok,,de,10,29,1497567575,0.00014409564469275438,-16.93985590435531,20000,20000,1.0315
BBOB_f17,GA/SBX NP=50 pc=0.9 eta_c=20.0 eta_m=20.0,ok,,ga,10,0,1980021309,5.115640318911893,-11.824359681088108,20000,20000,0.94
BBOB_f17,GA/SBX NP=50 pc=0.9 eta_c=20.0 eta_m=20.0,ok,,ga,10,1,1399989864,2.0172998982381394,-14.922700101761862,20000,20000,0.8895
BBOB_f17,GA/SBX NP=50 pc=0.9 eta_c=20.0 eta_m=20.0,ok,,ga,10,2,3307224245,3.5318040440576546,-13.408195955942347,20000,20000,0.9513
BBOB_f17,GA/SBX NP=50 pc=0.9 eta_c=20.0 eta_m=20.0,ok,,ga,10,3,3997729869,0.8933066565515517,-16.04669334344845,20000,20000,0.9342
BBOB_f17,GA/SBX NP=50 pc=0.9 eta_c=20.0 eta_m=20.0,ok,,ga,10,4,1727495821,6.565721796964224,-10.374278203035777,20000,20000,0.9205
BBOB_f17,GA/SBX NP=50 pc=0.9 eta_c=20.0 eta_m=20.0,ok,,ga,10,5,4190899581,6.1050851568153615,-10.83491484318464,20000,20000,0.8261
BBOB_f17,GA/SBX NP=50 pc=0.9 eta_c=20.0 eta_m=20.0,ok,,ga,10,6,589649682,4.956814717556513,-11.983185282443488,20000,20000,1.0102
BBOB_f17,GA/SBX NP=50 pc=0.9 eta_c=20.0 eta_m=20.0,ok,,ga,10,7,1694165568,2.159966390596848,-14.780033609403153,20000,20000,0.9424
BBOB_f17,GA/SBX NP=50 pc=0.9 eta_c=20.0 eta_m=20.0,ok,,ga,10,8,201595752,5.797913535236077,-11.142086464763924,20000,20000,0.9106
BBOB_f17,GA/SBX NP=50 pc=0.9 eta_c=20.0 eta_m=20.0,ok,,ga,10,9,2635850738,4.885496787352267,-12.054503212647735,20000,20000,0.9435
BBOB_f17,GA/SBX NP=50 pc=0.9 eta_c=20.0 eta_m=20.0,ok,,ga,10,10,1825547250,2.662332795189,-14.277667204811001,20000,20000,0.9086
BBOB_f17,GA/SBX NP=50 pc=0.9 eta_c=20.0 eta_m=20.0,ok,,ga,10,11,283008005,4.846448164348725,-12.093551835651276,20000,20000,0.8691
BBOB_f17,GA/SBX NP=50 pc=0.9 eta_c=20.0 eta_m=20.0,ok,,ga,10,12,608808668,2.516711294436817,-14.423288705563184,20000,20000,0.931
BBOB_f17,GA/SBX NP=50 pc=0.9 eta_c=20.0 eta_m=20.0,ok,,ga,10,13,3260467554,4.103656108894395,-12.836343891105606,20000,20000,0.8828
BBOB_f17,GA/SBX NP=50 pc=0.9 eta_c=20.0 eta_m=20.0,ok,,ga,10,14,4042506323,2.1436138277156402,-14.796386172284361,20000,20000,0.9844
BBOB_f17,GA/SBX NP=50 pc=0.9 eta_c=20.0 eta_m=20.0,ok,,ga,10,15,3661917963,6.2554445867493715,-10.68455541325063,20000,20000,0.8571
BBOB_f17,GA/SBX NP=50 pc=0.9 eta_c=20.0 eta_m=20.0,ok,,ga,10,16,39764261,5.445383085010416,-11.494616914989585,20000,20000,0.8716
BBOB_f17,GA/SBX NP=50 pc=0.9 eta_c=20.0 eta_m=20.0,ok,,ga,10,17,239830407,1.5371317679998295,-15.402868232000172,20000,20000,0.8991
BBOB_f17,GA/SBX NP=50 pc=0.9 eta_c=20.0 eta_m=20.0,ok,,ga,10,18,2187344798,5.642161083508066,-11.297838916491935,20000,20000,0.9066
BBOB_f17,GA/SBX NP=50 pc=0.9 eta_c=20.0 eta_m=20.0,ok,,ga,10,19,1231382801,1.4165230275475924,-15.523476972452409,20000,20000,0.8841
BBOB_f17,GA/SBX NP=50 pc=0.9 eta_c=20.0 eta_m=20.0,ok,,ga,10,20,2386732450,2.2673753965789807,-14.67262460342102,20000,20000,0.8855
BBOB_f17,GA/SBX NP=50 pc=0.9 eta_c=20.0 eta_m=20.0,ok,,ga,10,21,3479570509,4.808162832043351,-12.13183716795665,20000,20000,0.8122
BBOB_f17,GA/SBX NP=50 pc=0.9 eta_c=20.0 eta_m=20.0,ok,,ga,10,22,3561871063,4.465624396376661,-12.47437560362334,20000,20000,0.835
BBOB_f17,GA/SBX NP=50 pc=0.9 eta_c=20.0 eta_m=20.0,ok,,ga,10,23,2826648909,5.0843243640950515,-11.85567563590495,20000,20000,0.8854
BBOB_f17,GA/SBX NP=50 pc=0.9 eta_c=20.0 eta_m=20.0,ok,,ga,10,24,3040292277,3.472733348636508,-13.467266651363493,20000,20000,0.8473
BBOB_f17,GA/SBX NP=50 pc=0.9 eta_c=20.0 eta_m=20.0,ok,,ga,10,25,1447801511,4.439811478379731,-12.50018852162027,20000,20000,0.8441
BBOB_f17,GA/SBX NP=50 pc=0.9 eta_c=20.0 eta_m=20.0,ok,,ga,10,26,3943129262,0.2292378317449426,-16.71076216825506,20000,20000,0.8781
BBOB_f17,GA/SBX NP=50 pc=0.9 eta_c=20.0 eta_m=20.0,ok,,ga,10,27,3936357773,4.2197493399772075,-12.720250660022794,20000,20000,0.8261
BBOB_f17,GA/SBX NP=50 pc=0.9 eta_c=20.0 eta_m=20.0,ok,,ga,10,28,3163454477,2.3034117885749232,-14.636588211425078,20000,20000,0.8284
BBOB_f17,GA/SBX NP=50 pc=0.9 eta_c=20.0 eta_m=20.0,ok,,ga,10,29,2946373789,1.510176212050105,-15.429823787949896,20000,20000,0.982
BBOB_f17,PSO/constriction N=40 c1=2.05 c2=2.05 chi=0.7298,ok,,pso,10,0,333967138,1.136565399303409,-15.803434600696592,20000,20000,0.1495
BBOB_f17,PSO/constriction N=40 c1=2.05 c2=2.05 chi=0.7298,ok,,pso,10,1,1980419685,1.0172159381424066,-15.922784061857595,20000,20000,0.1341
BBOB_f17,PSO/constriction N=40 c1=2.05 c2=2.05 chi=0.7298,ok,,pso,10,2,757513143,0.6080220289182705,-16.33197797108173,20000,20000,0.1485
BBOB_f17,PSO/constriction N=40 c1=2.05 c2=2.05 chi=0.7298,ok,,pso,10,3,3807159190,1.3522451120165613,-15.58775488798344,20000,20000,0.1513
BBOB_f17,PSO/constriction N=40 c1=2.05 c2=2.05 chi=0.7298,ok,,pso,10,4,2201428065,1.1711917120662392,-15.768808287933762,20000,20000,0.1658
BBOB_f17,PSO/constriction N=40 c1=2.05 c2=2.05 chi=0.7298,ok,,pso,10,5,4069937052,0.38706442690641296,-16.55293557309359,20000,20000,0.1616
BBOB_f17,PSO/constriction N=40 c1=2.05 c2=2.05 chi=0.7298,ok,,pso,10,6,805778462,0.7344514765360799,-16.20554852346392,20000,20000,0.1525
BBOB_f17,PSO/constriction N=40 c1=2.05 c2=2.05 chi=0.7298,ok,,pso,10,7,1866479370,0.5074467155523017,-16.4325532844477,20000,20000,0.1714
BBOB_f17,PSO/constriction N=40 c1=2.05 c2=2.05 chi=0.7298,ok,,pso,10,8,1503059102,1.0242746039175863,-15.915725396082415,20000,20000,0.1558
BBOB_f17,PSO/constriction N=40 c1=2.05 c2=2.05 chi=0.7298,ok,,pso,10,9,2562474188,0.8691358602306671,-16.070864139769334,20000,20000,0.1465
BBOB_f17,PSO/constriction N=40 c1=2.05 c2=2.05 chi=0.7298,ok,,pso,10,10,3910394792,2.4021735724939326,-14.537826427506069,20000,20000,0.166
BBOB_f17,PSO/constriction N=40 c1=2.05 c2=2.05 chi=0.7298,ok,,pso,10,11,2934081145,1.296737577332241,-15.64326242266776,20000,20000,0.1556
BBOB_f17,PSO/constriction N=40 c1=2.05 c2=2.05 chi=0.7298,ok,,pso,10,12,3635984427,1.5041648420620195,-15.435835157937982,20000,20000,0.1492
BBOB_f17,PSO/constriction N=40 c1=2.05 c2=2.05 chi=0.7298,ok,,pso,10,13,4292417576,2.538985895829523,-14.401014104170478,20000,20000,0.1586
BBOB_f17,PSO/constriction N=40 c1=2.05 c2=2.05 chi=0.7298,ok,,pso,10,14,2108341644,0.497923203586204,-16.442076796413797,20000,20000,0.1528
BBOB_f17,PSO/constriction N=40 c1=2.05 c2=2.05 chi=0.7298,ok,,pso,10,15,1298121896,1.8136331898174127,-15.126366810182589,20000,20000,0.1463
BBOB_f17,PSO/constriction N=40 c1=2.05 c2=2.05 chi=0.7298,ok,,pso,10,16,329102320,2.0992292872800977,-14.840770712719904,20000,20000,0.1472
BBOB_f17,PSO/constriction N=40 c1=2.05 c2=2.05 chi=0.7298,ok,,pso,10,17,179958401,0.39964147341729017,-16.54035852658271,20000,20000,0.1506
BBOB_f17,PSO/constriction N=40 c1=2.05 c2=2.05 chi=0.7298,ok,,pso,10,18,2643042643,1.3193626436182075,-15.620637356381794,20000,20000,0.1423
BBOB_f17,PSO/constriction N=40 c1=2.05 c2=2.05 chi=0.7298,ok,,pso,10,19,1855392740,0.41026048462832065,-16.52973951537168,20000,20000,0.1497
BBOB_f17,PSO/constriction N=40 c1=2.05 c2=2.05 chi=0.7298,ok,,pso,10,20,3438249854,0.8098364839568468,-16.130163516043154,20000,20000,0.1416
BBOB_f17,PSO/constriction N=40 c1=2.05 c2=2.05 chi=0.7298,ok,,pso,10,21,913021604,0.49036138806397744,-16.449638611936024,20000,20000,0.1418
BBOB_f17,PSO/constriction N=40 c1=2.05 c2=2.05 chi=0.7298,ok,,pso,10,22,1515818248,1.173474456933878,-15.766525543066123,20000,20000,0.1364
BBOB_f17,PSO/constriction N=40 c1=2.05 c2=2.05 chi=0.7298,ok,,pso,10,23,2098793074,0.11346614990103987,-16.82653385009896,20000,20000,0.1627
BBOB_f17,PSO/constriction N=40 c1=2.05 c2=2.05 chi=0.7298,ok,,pso,10,24,1289405132,1.4816406628121612,-15.45835933718784,20000,20000,0.1514
BBOB_f17,PSO/constriction N=40 c1=2.05 c2=2.05 chi=0.7298,ok,,pso,10,25,205647856,0.7396203022820877,-16.200379697717914,20000,20000,0.1435
BBOB_f17,PSO/constriction N=40 c1=2.05 c2=2.05 chi=0.7298,ok,,pso,10,26,2069467757,2.5808756744276007,-14.3591243255724,20000,20000,0.1451
BBOB_f17,PSO/constriction N=40 c1=2.05 c2=2.05 chi=0.7298,ok,,pso,10,27,4262106236,0.9828905231598402,-15.957109476840161,20000,20000,0.1481
BBOB_f17,PSO/constriction N=40 c1=2.05 c2=2.05 chi=0.7298,ok,,pso,10,28,1079276671,1.5218994759576212,-15.41810052404238,20000,20000,0.1528
BBOB_f17,PSO/constriction N=40 c1=2.05 c2=2.05 chi=0.7298,ok,,pso,10,29,3356059125,0.7381642017741292,-16.201835798225872,20000,20000,0.1609
BBOB_f17,RandomSearch,ok,,random,10,0,402639609,4.594018560925711,-12.34598143907429,20000,20000,0.769
BBOB_f17,RandomSearch,ok,,random,10,1,846163374,3.290557664628853,-13.649442335371148,20000,20000,0.8202
BBOB_f17,RandomSearch,ok,,random,10,2,4293040286,4.593438187595201,-12.3465618124048,20000,20000,0.9619
BBOB_f17,RandomSearch,ok,,random,10,3,1817372982,5.262062024370856,-11.677937975629145,20000,20000,0.988
BBOB_f17,RandomSearch,ok,,random,10,4,3411398007,4.9198474043152025,-12.020152595684799,20000,20000,0.6325
BBOB_f17,RandomSearch,ok,,random,10,5,2087102829,4.594674068458616,-12.345325931541385,20000,20000,0.5483
BBOB_f17,RandomSearch,ok,,random,10,6,407869621,2.9429476429969696,-13.997052357003032,20000,20000,0.4817
BBOB_f17,RandomSearch,ok,,random,10,7,1016580102,5.10871460364741,-11.831285396352591,20000,20000,0.4963
BBOB_f17,RandomSearch,ok,,random,10,8,149051733,4.280916293195451,-12.65908370680455,20000,20000,0.4791
BBOB_f17,RandomSearch,ok,,random,10,9,996574019,3.1991896253836423,-13.740810374616359,20000,20000,0.4972
BBOB_f17,RandomSearch,ok,,random,10,10,1374041003,4.9424890857318005,-11.9975109142682,20000,20000,0.5557
BBOB_f17,RandomSearch,ok,,random,10,11,1871573224,4.744547788862491,-12.19545221113751,20000,20000,0.5352
BBOB_f17,RandomSearch,ok,,random,10,12,2493610796,4.318842390711081,-12.62115760928892,20000,20000,0.5198
BBOB_f17,RandomSearch,ok,,random,10,13,1073601125,4.315780637309057,-12.624219362690944,20000,20000,0.5409
BBOB_f17,RandomSearch,ok,,random,10,14,245758808,4.300123047181055,-12.639876952818947,20000,20000,0.5219
BBOB_f17,RandomSearch,ok,,random,10,15,3333721515,4.157629007242425,-12.782370992757576,20000,20000,0.5355
BBOB_f17,RandomSearch,ok,,random,10,16,126760,4.409911138976728,-12.530088861023273,20000,20000,0.5493
BBOB_f17,RandomSearch,ok,,random,10,17,127472262,5.3851407868470815,-11.55485921315292,20000,20000,0.5096
BBOB_f17,RandomSearch,ok,,random,10,18,3392605238,3.2468057478770245,-13.693194252122977,20000,20000,0.5119
BBOB_f17,RandomSearch,ok,,random,10,19,3772875723,4.486578160554611,-12.45342183944539,20000,20000,0.5414
BBOB_f17,RandomSearch,ok,,random,10,20,3633557757,5.059996473801036,-11.880003526198966,20000,20000,0.493
BBOB_f17,RandomSearch,ok,,random,10,21,3179187781,4.969262228975488,-11.970737771024513,20000,20000,0.5142
BBOB_f17,RandomSearch,ok,,random,10,22,2781811281,3.5543713445930845,-13.385628655406917,20000,20000,0.5267
BBOB_f17,RandomSearch,ok,,random,10,23,639328556,4.178857351804556,-12.761142648195445,20000,20000,0.5132
BBOB_f17,RandomSearch,ok,,random,10,24,3472850538,4.48506383230367,-12.454936167696331,20000,20000,0.5229
BBOB_f17,RandomSearch,ok,,random,10,25,816877213,4.415478753582189,-12.524521246417812,20000,20000,0.5053
BBOB_f17,RandomSearch,ok,,random,10,26,598433298,4.024462231733853,-12.915537768266148,20000,20000,0.4911
BBOB_f17,RandomSearch,ok,,random,10,27,759448977,3.4366423436212763,-13.503357656378725,20000,20000,0.5393
BBOB_f17,RandomSearch,ok,,random,10,28,1685896998,4.11252465026762,-12.827475349732381,20000,20000,0.51
BBOB_f17,RandomSearch,ok,,random,10,29,95263500,5.32963928237934,-11.610360717620662,20000,20000,0.4825
BBOB_f18,CMA-ES/IPOP sigma0=0.3*span ipop=x2,ok,,cmaes,10,0,2883997095,0.1413596722280701,-16.79864032777193,20000,20000,3.6365
BBOB_f18,CMA-ES/IPOP sigma0=0.3*span ipop=x2,ok,,cmaes,10,1,3777949175,0.010295336813907596,-16.929704663186094,20000,20000,2.5131
BBOB_f18,CMA-ES/IPOP sigma0=0.3*span ipop=x2,ok,,cmaes,10,2,2928124768,0.003126367943576014,-16.936873632056425,20000,20000,3.1442
BBOB_f18,CMA-ES/IPOP sigma0=0.3*span ipop=x2,ok,,cmaes,10,3,3831864825,0.003608625303410662,-16.93639137469659,20000,20000,2.544
BBOB_f18,CMA-ES/IPOP sigma0=0.3*span ipop=x2,ok,,cmaes,10,4,3854852361,0.021591217185555678,-16.918408782814446,20000,20000,3.547
BBOB_f18,CMA-ES/IPOP sigma0=0.3*span ipop=x2,ok,,cmaes,10,5,2836273654,0.0005784115012765767,-16.939421588498725,20000,20000,2.5161
BBOB_f18,CMA-ES/IPOP sigma0=0.3*span ipop=x2,ok,,cmaes,10,6,1043657305,1.431908660975978e-06,-16.93999856809134,20000,20000,2.6753
BBOB_f18,CMA-ES/IPOP sigma0=0.3*span ipop=x2,ok,,cmaes,10,7,3724160446,5.234389600872191e-06,-16.9399947656104,20000,20000,3.0442
BBOB_f18,CMA-ES/IPOP sigma0=0.3*span ipop=x2,ok,,cmaes,10,8,3874351041,0.010504581589909634,-16.92949541841009,20000,20000,3.2337
BBOB_f18,CMA-ES/IPOP sigma0=0.3*span ipop=x2,ok,,cmaes,10,9,2937920163,0.016952259375166534,-16.923047740624835,20000,20000,3.4847
BBOB_f18,CMA-ES/IPOP sigma0=0.3*span ipop=x2,ok,,cmaes,10,10,4276989512,0.0007570802317005132,-16.9392429197683,20000,20000,2.9378
BBOB_f18,CMA-ES/IPOP sigma0=0.3*span ipop=x2,ok,,cmaes,10,11,1161346824,0.0035991807139268417,-16.936400819286074,20000,20000,2.874
BBOB_f18,CMA-ES/IPOP sigma0=0.3*span ipop=x2,ok,,cmaes,10,12,1975529653,0.0015080651788821342,-16.93849193482112,20000,20000,3.2325
BBOB_f18,CMA-ES/IPOP sigma0=0.3*span ipop=x2,ok,,cmaes,10,13,3002292799,0.0014777443928579714,-16.938522255607143,20000,20000,2.827
BBOB_f18,CMA-ES/IPOP sigma0=0.3*span ipop=x2,ok,,cmaes,10,14,2770293834,0.006613848581260129,-16.93338615141874,20000,20000,3.0612
BBOB_f18,CMA-ES/IPOP sigma0=0.3*span ipop=x2,ok,,cmaes,10,15,118308739,0.0008844821119069479,-16.939115517888094,20000,20000,2.9795
BBOB_f18,CMA-ES/IPOP sigma0=0.3*span ipop=x2,ok,,cmaes,10,16,2495569908,0.002912767691732654,-16.93708723230827,20000,20000,2.6405
BBOB_f18,CMA-ES/IPOP sigma0=0.3*span ipop=x2,ok,,cmaes,10,17,1586704216,1.627704800100105e-05,-16.939983722952,20000,20000,2.4574
BBOB_f18,CMA-ES/IPOP sigma0=0.3*span ipop=x2,ok,,cmaes,10,18,1035043241,0.006532276435248008,-16.933467723564753,20000,20000,2.4249
BBOB_f18,CMA-ES/IPOP sigma0=0.3*span ipop=x2,ok,,cmaes,10,19,2188890956,1.147849732419104e-05,-16.939988521502677,20000,20000,2.4387
BBOB_f18,CMA-ES/IPOP sigma0=0.3*span ipop=x2,ok,,cmaes,10,20,1011939123,0.001336521290035364,-16.938663478709966,20000,20000,2.4149
BBOB_f18,CMA-ES/IPOP sigma0=0.3*span ipop=x2,ok,,cmaes,10,21,197441672,0.02427832994673551,-16.915721670053266,20000,20000,2.4489
BBOB_f18,CMA-ES/IPOP sigma0=0.3*span ipop=x2,ok,,cmaes,10,22,3394018160,0.1767862959408788,-16.763213704059122,20000,20000,3.2664
BBOB_f18,CMA-ES/IPOP sigma0=0.3*span ipop=x2,ok,,cmaes,10,23,3119920647,0.0046632441274034875,-16.935336755872598,20000,20000,2.2856
BBOB_f18,CMA-ES/IPOP sigma0=0.3*span ipop=x2,ok,,cmaes,10,24,825170683,0.004502353268556192,-16.935497646731445,20000,20000,2.5395
BBOB_f18,CMA-ES/IPOP sigma0=0.3*span ipop=x2,ok,,cmaes,10,25,2723247253,0.0026457896298737182,-16.937354210370128,20000,20000,2.1918
BBOB_f18,CMA-ES/IPOP sigma0=0.3*span ipop=x2,ok,,cmaes,10,26,1959321647,1.6019505128639366e-05,-16.939983980494873,20000,20000,2.531
BBOB_f18,CMA-ES/IPOP sigma0=0.3*span ipop=x2,ok,,cmaes,10,27,952419099,0.00011987269946445167,-16.939880127300537,20000,20000,2.6131
BBOB_f18,CMA-ES/IPOP sigma0=0.3*span ipop=x2,ok,,cmaes,10,28,2289591313,0.007859233016652922,-16.93214076698335,20000,20000,2.3365
BBOB_f18,CMA-ES/IPOP sigma0=0.3*span ipop=x2,ok,,cmaes,10,29,2042514080,0.021983514833696205,-16.918016485166305,20000,20000,2.7349
BBOB_f18,DE/rand/1/bin F=0.5 CR=0.9 NP=50,ok,,de,10,0,2564779769,0.0024884079630496103,-16.93751159203695,20000,20000,1.6919
BBOB_f18,DE/rand/1/bin F=0.5 CR=0.9 NP=50,ok,,de,10,1,2624639001,0.0113111461136981,-16.928688853886303,20000,20000,1.7553
BBOB_f18,DE/rand/1/bin F=0.5 CR=0.9 NP=50,ok,,de,10,2,1943295234,0.003134308597601887,-16.9368656914024,20000,20000,1.7626
BBOB_f18,DE/rand/1/bin F=0.5 CR=0.9 NP=50,ok,,de,10,3,48711576,0.0031888942047260116,-16.936811105795275,20000,20000,2.0348
BBOB_f18,DE/rand/1/bin F=0.5 CR=0.9 NP=50,ok,,de,10,4,277487482,0.004240636668509268,-16.935759363331492,20000,20000,1.853
BBOB_f18,DE/rand/1/bin F=0.5 CR=0.9 NP=50,ok,,de,10,5,812868364,0.0028909884364054506,-16.937109011563596,20000,20000,1.7511
BBOB_f18,DE/rand/1/bin F=0.5 CR=0.9 NP=50,ok,,de,10,6,1617627903,0.0016618712819571613,-16.938338128718044,20000,20000,1.8811
BBOB_f18,DE/rand/1/bin F=0.5 CR=0.9 NP=50,ok,,de,10,7,307079535,0.010981773955549556,-16.92901822604445,20000,20000,1.8484
BBOB_f18,DE/rand/1/bin F=0.5 CR=0.9 NP=50,ok,,de,10,8,4082160248,0.009530898280374345,-16.930469101719627,20000,20000,1.5549
BBOB_f18,DE/rand/1/bin F=0.5 CR=0.9 NP=50,ok,,de,10,9,2133611147,0.006210356190660349,-16.93378964380934,20000,20000,1.5093
BBOB_f18,DE/rand/1/bin F=0.5 CR=0.9 NP=50,ok,,de,10,10,409510479,0.003140218165203379,-16.936859781834798,20000,20000,1.5225
BBOB_f18,DE/rand/1/bin F=0.5 CR=0.9 NP=50,ok,,de,10,11,4213544614,0.005846213804616696,-16.934153786195385,20000,20000,1.2926
BBOB_f18,DE/rand/1/bin F=0.5 CR=0.9 NP=50,ok,,de,10,12,752328705,0.0062096858825633205,-16.933790314117438,20000,20000,1.2907
BBOB_f18,DE/rand/1/bin F=0.5 CR=0.9 NP=50,ok,,de,10,13,2495260779,0.006430844104247768,-16.933569155895754,20000,20000,1.5186
BBOB_f18,DE/rand/1/bin F=0.5 CR=0.9 NP=50,ok,,de,10,14,233563114,0.01837949639098113,-16.92162050360902,20000,20000,1.3935
BBOB_f18,DE/rand/1/bin F=0.5 CR=0.9 NP=50,ok,,de,10,15,968796647,0.008348041101637449,-16.931651958898364,20000,20000,1.4958
BBOB_f18,DE/rand/1/bin F=0.5 CR=0.9 NP=50,ok,,de,10,16,4097568026,0.0012925009488427008,-16.93870749905116,20000,20000,1.4998
BBOB_f18,DE/rand/1/bin F=0.5 CR=0.9 NP=50,ok,,de,10,17,832439451,0.0026026884678778117,-16.937397311532123,20000,20000,1.5799
BBOB_f18,DE/rand/1/bin F=0.5 CR=0.9 NP=50,ok,,de,10,18,760601938,0.011177959379740088,-16.92882204062026,20000,20000,1.4737
BBOB_f18,DE/rand/1/bin F=0.5 CR=0.9 NP=50,ok,,de,10,19,2230241250,0.005062663475701612,-16.9349373365243,20000,20000,1.4904
BBOB_f18,DE/rand/1/bin F=0.5 CR=0.9 NP=50,ok,,de,10,20,4113058038,0.0026983833555114245,-16.93730161664449,20000,20000,1.3884
BBOB_f18,DE/rand/1/bin F=0.5 CR=0.9 NP=50,ok,,de,10,21,772555908,0.00744389481819141,-16.93255610518181,20000,20000,1.5499
BBOB_f18,DE/rand/1/bin F=0.5 CR=0.9 NP=50,ok,,de,10,22,1410147750,0.003313915831228087,-16.936686084168773,20000,20000,1.9871
BBOB_f18,DE/rand/1/bin F=0.5 CR=0.9 NP=50,ok,,de,10,23,1254864495,0.01809403811674315,-16.921905961883258,20000,20000,2.0869
BBOB_f18,DE/rand/1/bin F=0.5 CR=0.9 NP=50,ok,,de,10,24,4146198247,0.023946917717612592,-16.91605308228239,20000,20000,1.7539
BBOB_f18,DE/rand/1/bin F=0.5 CR=0.9 NP=50,ok,,de,10,25,949277384,0.006236700269191431,-16.93376329973081,20000,20000,1.761
BBOB_f18,DE/rand/1/bin F=0.5 CR=0.9 NP=50,ok,,de,10,26,1010861674,0.014404741359399509,-16.9255952586406,20000,20000,1.7027
BBOB_f18,DE/rand/1/bin F=0.5 CR=0.9 NP=50,ok,,de,10,27,539383906,0.0024965181869802677,-16.93750348181302,20000,20000,1.6914
BBOB_f18,DE/rand/1/bin F=0.5 CR=0.9 NP=50,ok,,de,10,28,331147067,0.003428797464188449,-16.936571202535813,20000,20000,1.7136
BBOB_f18,DE/rand/1/bin F=0.5 CR=0.9 NP=50,ok,,de,10,29,1280634656,0.002058202401723719,-16.937941797598278,20000,20000,1.5399
BBOB_f18,GA/SBX NP=50 pc=0.9 eta_c=20.0 eta_m=20.0,ok,,ga,10,0,1866578579,13.883660210958421,-3.05633978904158,20000,20000,0.9101
BBOB_f18,GA/SBX NP=50 pc=0.9 eta_c=20.0 eta_m=20.0,ok,,ga,10,1,3407153060,15.584303738529059,-1.3556962614709427,20000,20000,0.8988
BBOB_f18,GA/SBX NP=50 pc=0.9 eta_c=20.0 eta_m=20.0,ok,,ga,10,2,1522308111,17.719519421980767,0.7795194219807655,20000,20000,0.9334
BBOB_f18,GA/SBX NP=50 pc=0.9 eta_c=20.0 eta_m=20.0,ok,,ga,10,3,2661507368,17.38196833069873,0.4419683306987281,20000,20000,0.9286
BBOB_f18,GA/SBX NP=50 pc=0.9 eta_c=20.0 eta_m=20.0,ok,,ga,10,4,2188117845,10.238020780996758,-6.701979219003244,20000,20000,0.9721
BBOB_f18,GA/SBX NP=50 pc=0.9 eta_c=20.0 eta_m=20.0,ok,,ga,10,5,1331663740,20.220038718094195,3.2800387180941932,20000,20000,0.8836
BBOB_f18,GA/SBX NP=50 pc=0.9 eta_c=20.0 eta_m=20.0,ok,,ga,10,6,1795680719,3.680687236865456,-13.259312763134545,20000,20000,0.9405
BBOB_f18,GA/SBX NP=50 pc=0.9 eta_c=20.0 eta_m=20.0,ok,,ga,10,7,3886691107,17.633272124090777,0.6932721240907753,20000,20000,0.9167
BBOB_f18,GA/SBX NP=50 pc=0.9 eta_c=20.0 eta_m=20.0,ok,,ga,10,8,237254128,17.532979506659085,0.5929795066590842,20000,20000,0.8847
BBOB_f18,GA/SBX NP=50 pc=0.9 eta_c=20.0 eta_m=20.0,ok,,ga,10,9,2239592250,10.692907653108472,-6.247092346891529,20000,20000,0.9221
BBOB_f18,GA/SBX NP=50 pc=0.9 eta_c=20.0 eta_m=20.0,ok,,ga,10,10,5083013,18.412237819849533,1.472237819849532,20000,20000,0.8905
BBOB_f18,GA/SBX NP=50 pc=0.9 eta_c=20.0 eta_m=20.0,ok,,ga,10,11,1636741256,23.027864031742528,6.0878640317425265,20000,20000,1.0006
BBOB_f18,GA/SBX NP=50 pc=0.9 eta_c=20.0 eta_m=20.0,ok,,ga,10,12,1669310924,11.313334760231674,-5.626665239768327,20000,20000,0.9228
BBOB_f18,GA/SBX NP=50 pc=0.9 eta_c=20.0 eta_m=20.0,ok,,ga,10,13,1701639476,25.54119674598585,8.601196745985849,20000,20000,0.9465
BBOB_f18,GA/SBX NP=50 pc=0.9 eta_c=20.0 eta_m=20.0,ok,,ga,10,14,2427100949,9.095315489399216,-7.844684510600786,20000,20000,1.023
BBOB_f18,GA/SBX NP=50 pc=0.9 eta_c=20.0 eta_m=20.0,ok,,ga,10,15,3878025193,24.307315038868374,7.367315038868373,20000,20000,0.9688
BBOB_f18,GA/SBX NP=50 pc=0.9 eta_c=20.0 eta_m=20.0,ok,,ga,10,16,3712390890,15.111181715516418,-1.8288182844835834,20000,20000,0.8814
BBOB_f18,GA/SBX NP=50 pc=0.9 eta_c=20.0 eta_m=20.0,ok,,ga,10,17,2861033553,1.9099046641774695,-15.030095335822532,20000,20000,0.8747
BBOB_f18,GA/SBX NP=50 pc=0.9 eta_c=20.0 eta_m=20.0,ok,,ga,10,18,926891146,6.54005307472003,-10.399946925279972,20000,20000,0.8855
BBOB_f18,GA/SBX NP=50 pc=0.9 eta_c=20.0 eta_m=20.0,ok,,ga,10,19,1075229654,19.49888406831311,2.558884068313109,20000,20000,0.8593
BBOB_f18,GA/SBX NP=50 pc=0.9 eta_c=20.0 eta_m=20.0,ok,,ga,10,20,1218674212,1.6228038872085264,-15.317196112791475,20000,20000,0.8761
BBOB_f18,GA/SBX NP=50 pc=0.9 eta_c=20.0 eta_m=20.0,ok,,ga,10,21,1175382224,30.5606033711956,13.6206033711956,20000,20000,0.9016
BBOB_f18,GA/SBX NP=50 pc=0.9 eta_c=20.0 eta_m=20.0,ok,,ga,10,22,264264181,17.7877750845489,0.8477750845488998,20000,20000,0.9295
BBOB_f18,GA/SBX NP=50 pc=0.9 eta_c=20.0 eta_m=20.0,ok,,ga,10,23,1714859404,2.17867748984154,-14.761322510158461,20000,20000,0.9145
BBOB_f18,GA/SBX NP=50 pc=0.9 eta_c=20.0 eta_m=20.0,ok,,ga,10,24,345106007,21.63930396816733,4.699303968167328,20000,20000,0.9334
BBOB_f18,GA/SBX NP=50 pc=0.9 eta_c=20.0 eta_m=20.0,ok,,ga,10,25,4104127959,8.729358435892568,-8.210641564107434,20000,20000,0.8301
BBOB_f18,GA/SBX NP=50 pc=0.9 eta_c=20.0 eta_m=20.0,ok,,ga,10,26,3991598901,2.464051170055196,-14.475948829944805,20000,20000,0.7855
BBOB_f18,GA/SBX NP=50 pc=0.9 eta_c=20.0 eta_m=20.0,ok,,ga,10,27,2610291629,13.221982488823878,-3.7180175111761233,20000,20000,0.9197
BBOB_f18,GA/SBX NP=50 pc=0.9 eta_c=20.0 eta_m=20.0,ok,,ga,10,28,3044177025,1.3747824053789603,-15.565217594621041,20000,20000,0.7951
BBOB_f18,GA/SBX NP=50 pc=0.9 eta_c=20.0 eta_m=20.0,ok,,ga,10,29,2605658212,26.67016990299749,9.730169902997488,20000,20000,1.0342
BBOB_f18,PSO/constriction N=40 c1=2.05 c2=2.05 chi=0.7298,ok,,pso,10,0,362442694,0.8209139757907309,-16.11908602420927,20000,20000,0.1755
BBOB_f18,PSO/constriction N=40 c1=2.05 c2=2.05 chi=0.7298,ok,,pso,10,1,4042942074,2.3003849987641996,-14.639615001235802,20000,20000,0.1599
BBOB_f18,PSO/constriction N=40 c1=2.05 c2=2.05 chi=0.7298,ok,,pso,10,2,1961780865,4.574143107675997,-12.365856892324004,20000,20000,0.1443
BBOB_f18,PSO/constriction N=40 c1=2.05 c2=2.05 chi=0.7298,ok,,pso,10,3,2463606758,7.386266348279269,-9.553733651720732,20000,20000,0.1498
BBOB_f18,PSO/constriction N=40 c1=2.05 c2=2.05 chi=0.7298,ok,,pso,10,4,3587216104,2.914362932924938,-14.025637067075063,20000,20000,0.1635
BBOB_f18,PSO/constriction N=40 c1=2.05 c2=2.05 chi=0.7298,ok,,pso,10,5,1014855727,0.6843877706095789,-16.255612229390422,20000,20000,0.1753
BBOB_f18,PSO/constriction N=40 c1=2.05 c2=2.05 chi=0.7298,ok,,pso,10,6,670021048,5.7766706819008675,-11.163329318099134,20000,20000,0.1478
BBOB_f18,PSO/constriction N=40 c1=2.05 c2=2.05 chi=0.7298,ok,,pso,10,7,499635430,8.457372262384569,-8.482627737615433,20000,20000,0.169
BBOB_f18,PSO/constriction N=40 c1=2.05 c2=2.05 chi=0.7298,ok,,pso,10,8,1342477691,3.9960879861251453,-12.943912013874856,20000,20000,0.1728
BBOB_f18,PSO/constriction N=40 c1=2.05 c2=2.05 chi=0.7298,ok,,pso,10,9,907735089,0.10339758868148508,-16.836602411318516,20000,20000,0.2013
BBOB_f18,PSO/constriction N=40 c1=2.05 c2=2.05 chi=0.7298,ok,,pso,10,10,812819304,4.403944006728064,-12.536055993271937,20000,20000,0.22
BBOB_f18,PSO/constriction N=40 c1=2.05 c2=2.05 chi=0.7298,ok,,pso,10,11,626559258,1.6201977976639093,-15.319802202336092,20000,20000,0.2011
BBOB_f18,PSO/constriction N=40 c1=2.05 c2=2.05 chi=0.7298,ok,,pso,10,12,3673751379,7.564449211455226,-9.375550788544775,20000,20000,0.1729
BBOB_f18,PSO/constriction N=40 c1=2.05 c2=2.05 chi=0.7298,ok,,pso,10,13,3342192766,2.095174800446024,-14.844825199553977,20000,20000,0.2411
BBOB_f18,PSO/constriction N=40 c1=2.05 c2=2.05 chi=0.7298,ok,,pso,10,14,1554159147,0.2276430847937334,-16.712356915206268,20000,20000,0.207
BBOB_f18,PSO/constriction N=40 c1=2.05 c2=2.05 chi=0.7298,ok,,pso,10,15,37148661,0.9358403933759867,-16.004159606624015,20000,20000,0.2093
BBOB_f18,PSO/constriction N=40 c1=2.05 c2=2.05 chi=0.7298,ok,,pso,10,16,212073830,1.071653015440038,-15.868346984559963,20000,20000,0.1623
BBOB_f18,PSO/constriction N=40 c1=2.05 c2=2.05 chi=0.7298,ok,,pso,10,17,2434596948,0.6716122270481151,-16.268387772951886,20000,20000,0.1565
BBOB_f18,PSO/constriction N=40 c1=2.05 c2=2.05 chi=0.7298,ok,,pso,10,18,751109339,0.1779155379737496,-16.76208446202625,20000,20000,0.1485
BBOB_f18,PSO/constriction N=40 c1=2.05 c2=2.05 chi=0.7298,ok,,pso,10,19,3250033340,1.5909846795241993,-15.349015320475802,20000,20000,0.1552
BBOB_f18,PSO/constriction N=40 c1=2.05 c2=2.05 chi=0.7298,ok,,pso,10,20,1624117695,6.664492455915086,-10.275507544084915,20000,20000,0.1366
BBOB_f18,PSO/constriction N=40 c1=2.05 c2=2.05 chi=0.7298,ok,,pso,10,21,1972951317,1.7760291930314978,-15.163970806968504,20000,20000,0.1567
BBOB_f18,PSO/constriction N=40 c1=2.05 c2=2.05 chi=0.7298,ok,,pso,10,22,2700446115,5.1027827679032,-11.837217232096801,20000,20000,0.14
BBOB_f18,PSO/constriction N=40 c1=2.05 c2=2.05 chi=0.7298,ok,,pso,10,23,3907224102,1.8235594691337926,-15.116440530866209,20000,20000,0.1458
BBOB_f18,PSO/constriction N=40 c1=2.05 c2=2.05 chi=0.7298,ok,,pso,10,24,3386325101,1.787929454712323,-15.152070545287678,20000,20000,0.1544
BBOB_f18,PSO/constriction N=40 c1=2.05 c2=2.05 chi=0.7298,ok,,pso,10,25,2773820425,9.144360544433232,-7.79563945556677,20000,20000,0.1357
BBOB_f18,PSO/constriction N=40 c1=2.05 c2=2.05 chi=0.7298,ok,,pso,10,26,1955278772,6.604944886350271,-10.33505511364973,20000,20000,0.1618
BBOB_f18,PSO/constriction N=40 c1=2.05 c2=2.05 chi=0.7298,ok,,pso,10,27,2656490188,7.175915281648596,-9.764084718351405,20000,20000,0.1636
BBOB_f18,PSO/constriction N=40 c1=2.05 c2=2.05 chi=0.7298,ok,,pso,10,28,574000060,2.9587138753222693,-13.981286124677732,20000,20000,0.1391
BBOB_f18,PSO/constriction N=40 c1=2.05 c2=2.05 chi=0.7298,ok,,pso,10,29,1902024399,3.0241074779742156,-13.915892522025786,20000,20000,0.1513
BBOB_f18,RandomSearch,ok,,random,10,0,2355899764,13.694996293187941,-3.24500370681206,20000,20000,0.4113
BBOB_f18,RandomSearch,ok,,random,10,1,1155915954,14.462169784538885,-2.4778302154611165,20000,20000,0.4217
BBOB_f18,RandomSearch,ok,,random,10,2,4158086699,13.501478998647691,-3.43852100135231,20000,20000,0.5203
BBOB_f18,RandomSearch,ok,,random,10,3,541442200,17.086806265816012,0.14680626581601075,20000,20000,0.6291
BBOB_f18,RandomSearch,ok,,random,10,4,1231781327,16.557899736129624,-0.38210026387037743,20000,20000,0.7267
BBOB_f18,RandomSearch,ok,,random,10,5,1477358492,19.398302085348003,2.458302085348002,20000,20000,0.7578
BBOB_f18,RandomSearch,ok,,random,10,6,1693810849,15.496446859284928,-1.443553140715073,20000,20000,0.58
BBOB_f18,RandomSearch,ok,,random,10,7,2172585880,15.729215205991103,-1.210784794008898,20000,20000,0.6679
BBOB_f18,RandomSearch,ok,,random,10,8,106690597,12.425600318525845,-4.514399681474156,20000,20000,0.642
BBOB_f18,RandomSearch,ok,,random,10,9,2009909425,19.99747956197984,3.0574795619798394,20000,20000,0.6526
BBOB_f18,RandomSearch,ok,,random,10,10,794161660,15.568280453649328,-1.3717195463506737,20000,20000,0.7683
BBOB_f18,RandomSearch,ok,,random,10,11,4273621962,16.79303434126986,-0.14696565873014222,20000,20000,0.6588
BBOB_f18,RandomSearch,ok,,random,10,12,1811682136,10.454431837510302,-6.485568162489699,20000,20000,0.6813
BBOB_f18,RandomSearch,ok,,random,10,13,3689703674,10.464628140231481,-6.47537185976852,20000,20000,0.6522
BBOB_f18,RandomSearch,ok,,random,10,14,1909437259,17.733015244573263,0.7930152445732617,20000,20000,0.8273
BBOB_f18,RandomSearch,ok,,random,10,15,4274372875,14.418544623437514,-2.5214553765624874,20000,20000,0.674
BBOB_f18,RandomSearch,ok,,random,10,16,3926533981,14.591777377783403,-2.348222622216598,20000,20000,0.6183
BBOB_f18,RandomSearch,ok,,random,10,17,3587353798,15.011197282328546,-1.9288027176714557,20000,20000,0.6336
BBOB_f18,RandomSearch,ok,,random,10,18,1730255532,14.875589304060394,-2.064410695939607,20000,20000,0.6578
BBOB_f18,RandomSearch,ok,,random,10,19,3736572666,16.575058452411483,-0.3649415475885185,20000,20000,0.6477
BBOB_f18,RandomSearch,ok,,random,10,20,3487908997,13.311157447225911,-3.62884255277409,20000,20000,0.6273
BBOB_f18,RandomSearch,ok,,random,10,21,712811400,15.2914085824514,-1.6485914175486016,20000,20000,0.627
BBOB_f18,RandomSearch,ok,,random,10,22,991009657,17.72323537431683,0.7832353743168277,20000,20000,0.6458
BBOB_f18,RandomSearch,ok,,random,10,23,4164888602,14.99686052044665,-1.943139479553352,20000,20000,0.6884
BBOB_f18,RandomSearch,ok,,random,10,24,4257034658,14.139160985523764,-2.800839014476237,20000,20000,0.5981
BBOB_f18,RandomSearch,ok,,random,10,25,1345567780,13.046109915432211,-3.89389008456779,20000,20000,0.624
BBOB_f18,RandomSearch,ok,,random,10,26,1602535320,17.23022689066582,0.2902268906658172,20000,20000,0.7212
BBOB_f18,RandomSearch,ok,,random,10,27,1983217175,18.712047567076997,1.7720475670769957,20000,20000,0.6931
BBOB_f18,RandomSearch,ok,,random,10,28,3753746160,18.64935572129911,1.709355721299108,20000,20000,0.8347
BBOB_f18,RandomSearch,ok,,random,10,29,2285737998,14.337946110099551,-2.60205388990045,20000,20000,0.6312
BBOB_f19,CMA-ES/IPOP sigma0=0.3*span ipop=x2,ok,,cmaes,10,0,3991859713,0.5125726823447252,-102.03742731765527,20000,20000,3.2528
BBOB_f19,CMA-ES/IPOP sigma0=0.3*span ipop=x2,ok,,cmaes,10,1,930732600,0.46268097319334345,-102.08731902680665,20000,20000,2.723
BBOB_f19,CMA-ES/IPOP sigma0=0.3*span ipop=x2,ok,,cmaes,10,2,3311168136,0.28182308939187806,-102.26817691060812,20000,20000,4.2457
BBOB_f19,CMA-ES/IPOP sigma0=0.3*span ipop=x2,ok,,cmaes,10,3,3827824120,0.6890276253413816,-101.86097237465862,20000,20000,3.2724
BBOB_f19,CMA-ES/IPOP sigma0=0.3*span ipop=x2,ok,,cmaes,10,4,420396835,0.3595619805437593,-102.19043801945624,20000,20000,2.929
BBOB_f19,CMA-ES/IPOP sigma0=0.3*span ipop=x2,ok,,cmaes,10,5,1378356484,1.2622717318385952,-101.2877282681614,20000,20000,3.2113
BBOB_f19,CMA-ES/IPOP sigma0=0.3*span ipop=x2,ok,,cmaes,10,6,3233576019,0.7452580517105929,-101.8047419482894,20000,20000,2.9786
BBOB_f19,CMA-ES/IPOP sigma0=0.3*span ipop=x2,ok,,cmaes,10,7,3842015472,0.9881386471792979,-101.5618613528207,20000,20000,3.6967
BBOB_f19,CMA-ES/IPOP sigma0=0.3*span ipop=x2,ok,,cmaes,10,8,1402578369,0.37873613518279114,-102.1712638648172,20000,20000,3.1407
BBOB_f19,CMA-ES/IPOP sigma0=0.3*span ipop=x2,ok,,cmaes,10,9,1151202588,0.8445030231828525,-101.70549697681714,20000,20000,3.8757
BBOB_f19,CMA-ES/IPOP sigma0=0.3*span ipop=x2,ok,,cmaes,10,10,951974787,0.5293082174509891,-102.02069178254901,20000,20000,2.8353
BBOB_f19,CMA-ES/IPOP sigma0=0.3*span ipop=x2,ok,,cmaes,10,11,2025710737,0.4537948039285169,-102.09620519607148,20000,20000,2.7845
BBOB_f19,CMA-ES/IPOP sigma0=0.3*span ipop=x2,ok,,cmaes,10,12,3231344805,1.2723447122038891,-101.27765528779611,20000,20000,3.1482
BBOB_f19,CMA-ES/IPOP sigma0=0.3*span ipop=x2,ok,,cmaes,10,13,3674209323,1.376546819892269,-101.17345318010773,20000,20000,2.9497
BBOB_f19,CMA-ES/IPOP sigma0=0.3*span ipop=x2,ok,,cmaes,10,14,3357902907,0.23910979502325347,-102.31089020497674,20000,20000,3.3098
BBOB_f19,CMA-ES/IPOP sigma0=0.3*span ipop=x2,ok,,cmaes,10,15,470603984,0.14730693603623024,-102.40269306396377,20000,20000,3.2798
BBOB_f19,CMA-ES/IPOP sigma0=0.3*span ipop=x2,ok,,cmaes,10,16,2662603136,0.4247021771770818,-102.12529782282292,20000,20000,2.7131
BBOB_f19,CMA-ES/IPOP sigma0=0.3*span ipop=x2,ok,,cmaes,10,17,4291266719,1.67976730173784,-100.87023269826216,20000,20000,2.9752
BBOB_f19,CMA-ES/IPOP sigma0=0.3*span ipop=x2,ok,,cmaes,10,18,3772004274,1.0696024003461417,-101.48039759965386,20000,20000,2.4463
BBOB_f19,CMA-ES/IPOP sigma0=0.3*span ipop=x2,ok,,cmaes,10,19,4246313466,0.5079536930826976,-102.0420463069173,20000,20000,2.4339
BBOB_f19,CMA-ES/IPOP sigma0=0.3*span ipop=x2,ok,,cmaes,10,20,2423053312,0.6081832029691725,-101.94181679703082,20000,20000,3.149
BBOB_f19,CMA-ES/IPOP sigma0=0.3*span ipop=x2,ok,,cmaes,10,21,3121849973,0.24813973470351414,-102.30186026529648,20000,20000,3.1336
BBOB_f19,CMA-ES/IPOP sigma0=0.3*span ipop=x2,ok,,cmaes,10,22,157620910,1.0528720367287718,-101.49712796327123,20000,20000,2.6144
BBOB_f19,CMA-ES/IPOP sigma0=0.3*span ipop=x2,ok,,cmaes,10,23,3271599744,0.5184157609048157,-102.03158423909518,20000,20000,2.2267
BBOB_f19,CMA-ES/IPOP sigma0=0.3*span ipop=x2,ok,,cmaes,10,24,242707050,0.2111556016785272,-102.33884439832147,20000,20000,2.1327
BBOB_f19,CMA-ES/IPOP sigma0=0.3*span ipop=x2,ok,,cmaes,10,25,1723220582,2.707302316952962,-99.84269768304704,20000,20000,4.1452
BBOB_f19,CMA-ES/IPOP sigma0=0.3*span ipop=x2,ok,,cmaes,10,26,2578951628,0.44339402664088823,-102.10660597335911,20000,20000,3.8115
BBOB_f19,CMA-ES/IPOP sigma0=0.3*span ipop=x2,ok,,cmaes,10,27,474958283,0.9413901985479924,-101.608609801452,20000,20000,4.0001
BBOB_f19,CMA-ES/IPOP sigma0=0.3*span ipop=x2,ok,,cmaes,10,28,1227544098,0.5427395515524438,-102.00726044844755,20000,20000,3.6233
BBOB_f19,CMA-ES/IPOP sigma0=0.3*span ipop=x2,ok,,cmaes,10,29,3463065266,1.8716530257559896,-100.67834697424401,20000,20000,3.8349
BBOB_f19,DE/rand/1/bin F=0.5 CR=0.9 NP=50,ok,,de,10,0,2052341400,3.0533024147676855,-99.49669758523231,20000,20000,1.1176
BBOB_f19,DE/rand/1/bin F=0.5 CR=0.9 NP=50,ok,,de,10,1,2215016047,3.6238398503165996,-98.9261601496834,20000,20000,1.1026
BBOB_f19,DE/rand/1/bin F=0.5 CR=0.9 NP=50,ok,,de,10,2,2753317861,3.1727079035011343,-99.37729209649886,20000,20000,1.099
BBOB_f19,DE/rand/1/bin F=0.5 CR=0.9 NP=50,ok,,de,10,3,3631412209,1.9818245188190389,-100.56817548118096,20000,20000,1.1316
BBOB_f19,DE/rand/1/bin F=0.5 CR=0.9 NP=50,ok,,de,10,4,1644242264,2.1687268992173614,-100.38127310078264,20000,20000,1.1443
BBOB_f19,DE/rand/1/bin F=0.5 CR=0.9 NP=50,ok,,de,10,5,1145363835,3.3188065421507815,-99.23119345784922,20000,20000,1.1004
BBOB_f19,DE/rand/1/bin F=0.5 CR=0.9 NP=50,ok,,de,10,6,3354351606,2.6242490057665577,-99.92575099423344,20000,20000,1.2253
BBOB_f19,DE/rand/1/bin F=0.5 CR=0.9 NP=50,ok,,de,10,7,3560793036,2.891720448457775,-99.65827955154222,20000,20000,1.1382
BBOB_f19,DE/rand/1/bin F=0.5 CR=0.9 NP=50,ok,,de,10,8,833903312,2.62900606654253,-99.92099393345747,20000,20000,1.1409
BBOB_f19,DE/rand/1/bin F=0.5 CR=0.9 NP=50,ok,,de,10,9,1695588070,2.974344038060181,-99.57565596193982,20000,20000,1.0525
BBOB_f19,DE/rand/1/bin F=0.5 CR=0.9 NP=50,ok,,de,10,10,3337051155,2.398333018957004,-100.151666981043,20000,20000,1.0562
BBOB_f19,DE/rand/1/bin F=0.5 CR=0.9 NP=50,ok,,de,10,11,1214451038,3.279634093438517,-99.27036590656148,20000,20000,1.114
BBOB_f19,DE/rand/1/bin F=0.5 CR=0.9 NP=50,ok,,de,10,12,2459008152,2.643359119061799,-99.9066408809382,20000,20000,1.0543
BBOB_f19,DE/rand/1/bin F=0.5 CR=0.9 NP=50,ok,,de,10,13,3581191966,2.456429359217978,-100.09357064078202,20000,20000,1.0846
BBOB_f19,DE/rand/1/bin F=0.5 CR=0.9 NP=50,ok,,de,10,14,1472545253,1.723458261155585,-100.82654173884441,20000,20000,1.082
BBOB_f19,DE/rand/1/bin F=0.5 CR=0.9 NP=50,ok,,de,10,15,2756284799,3.0673840892799262,-99.48261591072007,20000,20000,1.111
BBOB_f19,DE/rand/1/bin F=0.5 CR=0.9 NP=50,ok,,de,10,16,1336445807,1.853320090387669,-100.69667990961233,20000,20000,1.1327
BBOB_f19,DE/rand/1/bin F=0.5 CR=0.9 NP=50,ok,,de,10,17,3003450053,1.7863214145033766,-100.76367858549662,20000,20000,1.1667
BBOB_f19,DE/rand/1/bin F=0.5 CR=0.9 NP=50,ok,,de,10,18,3150620514,2.724828913374296,-99.8251710866257,20000,20000,1.0402
BBOB_f19,DE/rand/1/bin F=0.5 CR=0.9 NP=50,ok,,de,10,19,2287482062,2.4131933400526293,-100.13680665994737,20000,20000,1.2075
BBOB_f19,DE/rand/1/bin F=0.5 CR=0.9 NP=50,ok,,de,10,20,3461255687,2.961921559328232,-99.58807844067177,20000,20000,1.1375
BBOB_f19,DE/rand/1/bin F=0.5 CR=0.9 NP=50,ok,,de,10,21,1971883423,1.4301875093271832,-101.11981249067281,20000,20000,1.1806
BBOB_f19,DE/rand/1/bin F=0.5 CR=0.9 NP=50,ok,,de,10,22,933858566,3.318165502906183,-99.23183449709381,20000,20000,1.2106
BBOB_f19,DE/rand/1/bin F=0.5 CR=0.9 NP=50,ok,,de,10,23,2062051636,2.75927441959837,-99.79072558040163,20000,20000,1.2237
BBOB_f19,DE/rand/1/bin F=0.5 CR=0.9 NP=50,ok,,de,10,24,3517395240,2.418844473587555,-100.13115552641244,20000,20000,1.2931
BBOB_f19,DE/rand/1/bin F=0.5 CR=0.9 NP=50,ok,,de,10,25,3578808300,2.664768421152459,-99.88523157884754,20000,20000,1.4287
BBOB_f19,DE/rand/1/bin F=0.5 CR=0.9 NP=50,ok,,de,10,26,4229976846,2.473027796684164,-100.07697220331583,20000,20000,1.3683
BBOB_f19,DE/rand/1/bin F=0.5 CR=0.9 NP=50,ok,,de,10,27,1901573890,3.2722531903966967,-99.2777468096033,20000,20000,1.3153
BBOB_f19,DE/rand/1/bin F=0.5 CR=0.9 NP=50,ok,,de,10,28,3935312038,2.7188170257973354,-99.83118297420266,20000,20000,1.2874
BBOB_f19,DE/rand/1/bin F=0.5 CR=0.9 NP=50,ok,,de,10,29,2343783068,2.246685607541707,-100.30331439245829,20000,20000,1.2566
BBOB_f19,GA/SBX NP=50 pc=0.9 eta_c=20.0 eta_m=20.0,ok,,ga,10,0,2993510692,2.7461601889666554,-99.80383981103334,20000,20000,0.9526
BBOB_f19,GA/SBX NP=50 pc=0.9 eta_c=20.0 eta_m=20.0,ok,,ga,10,1,1402984956,2.499999155119724,-100.05000084488027,20000,20000,1.0247
BBOB_f19,GA/SBX NP=50 pc=0.9 eta_c=20.0 eta_m=20.0,ok,,ga,10,2,271482065,3.1024019758456234,-99.44759802415437,20000,20000,0.9785
BBOB_f19,GA/SBX NP=50 pc=0.9 eta_c=20.0 eta_m=20.0,ok,,ga,10,3,16452280,3.843729817291262,-98.70627018270874,20000,20000,0.9376
BBOB_f19,GA/SBX NP=50 pc=0.9 eta_c=20.0 eta_m=20.0,ok,,ga,10,4,2076968404,2.700150741166752,-99.84984925883325,20000,20000,0.9719
BBOB_f19,GA/SBX NP=50 pc=0.9 eta_c=20.0 eta_m=20.0,ok,,ga,10,5,3149892772,2.861465729808799,-99.6885342701912,20000,20000,0.9768
BBOB_f19,GA/SBX NP=50 pc=0.9 eta_c=20.0 eta_m=20.0,ok,,ga,10,6,756784598,1.2904656134062833,-101.25953438659371,20000,20000,0.9378
BBOB_f19,GA/SBX NP=50 pc=0.9 eta_c=20.0 eta_m=20.0,ok,,ga,10,7,1963077498,2.1208150417899247,-100.42918495821007,20000,20000,0.9872
BBOB_f19,GA/SBX NP=50 pc=0.9 eta_c=20.0 eta_m=20.0,ok,,ga,10,8,334407542,2.088528381732729,-100.46147161826727,20000,20000,0.9106
BBOB_f19,GA/SBX NP=50 pc=0.9 eta_c=20.0 eta_m=20.0,ok,,ga,10,9,4222267500,5.163833540086642,-97.38616645991335,20000,20000,0.8895
BBOB_f19,GA/SBX NP=50 pc=0.9 eta_c=20.0 eta_m=20.0,ok,,ga,10,10,2010072701,1.5992224335985554,-100.95077756640144,20000,20000,0.9173
BBOB_f19,GA/SBX NP=50 pc=0.9 eta_c=20.0 eta_m=20.0,ok,,ga,10,11,676775777,5.9161094873183515,-96.63389051268165,20000,20000,0.8996
BBOB_f19,GA/SBX NP=50 pc=0.9 eta_c=20.0 eta_m=20.0,ok,,ga,10,12,96207384,2.2863498182469613,-100.26365018175304,20000,20000,0.9228
BBOB_f19,GA/SBX NP=50 pc=0.9 eta_c=20.0 eta_m=20.0,ok,,ga,10,13,1826838284,3.8491430186159903,-98.700856981384,20000,20000,0.9707
BBOB_f19,GA/SBX NP=50 pc=0.9 eta_c=20.0 eta_m=20.0,ok,,ga,10,14,922067521,5.544574558808733,-97.00542544119126,20000,20000,0.9448
BBOB_f19,GA/SBX NP=50 pc=0.9 eta_c=20.0 eta_m=20.0,ok,,ga,10,15,1866369497,1.038094709835022,-101.51190529016498,20000,20000,0.952
BBOB_f19,GA/SBX NP=50 pc=0.9 eta_c=20.0 eta_m=20.0,ok,,ga,10,16,595231081,3.1546907339889003,-99.3953092660111,20000,20000,0.9881
BBOB_f19,GA/SBX NP=50 pc=0.9 eta_c=20.0 eta_m=20.0,ok,,ga,10,17,1205418799,2.219926205883837,-100.33007379411616,20000,20000,1.115
BBOB_f19,GA/SBX NP=50 pc=0.9 eta_c=20.0 eta_m=20.0,ok,,ga,10,18,513424653,3.232669201123386,-99.31733079887661,20000,20000,1.0603
BBOB_f19,GA/SBX NP=50 pc=0.9 eta_c=20.0 eta_m=20.0,ok,,ga,10,19,4117432249,2.971690860689421,-99.57830913931058,20000,20000,1.1373
BBOB_f19,GA/SBX NP=50 pc=0.9 eta_c=20.0 eta_m=20.0,ok,,ga,10,20,1199313674,3.5802867538191236,-98.96971324618087,20000,20000,1.1046
BBOB_f19,GA/SBX NP=50 pc=0.9 eta_c=20.0 eta_m=20.0,ok,,ga,10,21,47772232,3.5872970593508455,-98.96270294064915,20000,20000,1.09
BBOB_f19,GA/SBX NP=50 pc=0.9 eta_c=20.0 eta_m=20.0,ok,,ga,10,22,2741536967,2.6426496873485235,-99.90735031265147,20000,20000,0.9282
BBOB_f19,GA/SBX NP=50 pc=0.9 eta_c=20.0 eta_m=20.0,ok,,ga,10,23,2547645484,1.7427669934843237,-100.80723300651567,20000,20000,1.1354
BBOB_f19,GA/SBX NP=50 pc=0.9 eta_c=20.0 eta_m=20.0,ok,,ga,10,24,3663712282,3.6466952113230917,-98.9033047886769,20000,20000,0.9898
BBOB_f19,GA/SBX NP=50 pc=0.9 eta_c=20.0 eta_m=20.0,ok,,ga,10,25,3263626514,2.1084600475893893,-100.44153995241061,20000,20000,1.0794
BBOB_f19,GA/SBX NP=50 pc=0.9 eta_c=20.0 eta_m=20.0,ok,,ga,10,26,2517101598,1.9982516172889149,-100.55174838271108,20000,20000,1.0653
BBOB_f19,GA/SBX NP=50 pc=0.9 eta_c=20.0 eta_m=20.0,ok,,ga,10,27,1478542569,3.5624789340784417,-98.98752106592156,20000,20000,1.0021
BBOB_f19,GA/SBX NP=50 pc=0.9 eta_c=20.0 eta_m=20.0,ok,,ga,10,28,3277715766,2.658410599167638,-99.89158940083236,20000,20000,1.1301
BBOB_f19,GA/SBX NP=50 pc=0.9 eta_c=20.0 eta_m=20.0,ok,,ga,10,29,303206490,3.3426973027291638,-99.20730269727083,20000,20000,1.1136
BBOB_f19,PSO/constriction N=40 c1=2.05 c2=2.05 chi=0.7298,ok,,pso,10,0,1367027059,4.179709872973561,-98.37029012702644,20000,20000,0.2357
BBOB_f19,PSO/constriction N=40 c1=2.05 c2=2.05 chi=0.7298,ok,,pso,10,1,1890809915,2.386162928165433,-100.16383707183456,20000,20000,0.2506
BBOB_f19,PSO/constriction N=40 c1=2.05 c2=2.05 chi=0.7298,ok,,pso,10,2,3811715089,1.78705868003658,-100.76294131996342,20000,20000,0.1579
BBOB_f19,PSO/constriction N=40 c1=2.05 c2=2.05 chi=0.7298,ok,,pso,10,3,1130266793,0.538343354688962,-102.01165664531104,20000,20000,0.1155
BBOB_f19,PSO/constriction N=40 c1=2.05 c2=2.05 chi=0.7298,ok,,pso,10,4,471761589,2.6316927331093893,-99.91830726689061,20000,20000,0.1411
BBOB_f19,PSO/constriction N=40 c1=2.05 c2=2.05 chi=0.7298,ok,,pso,10,5,1378805118,2.111452904385885,-100.43854709561411,20000,20000,0.1279
BBOB_f19,PSO/constriction N=40 c1=2.05 c2=2.05 chi=0.7298,ok,,pso,10,6,3124081140,1.6720912796838547,-100.87790872031614,20000,20000,0.1396
BBOB_f19,PSO/constriction N=40 c1=2.05 c2=2.05 chi=0.7298,ok,,pso,10,7,3385030755,2.4346627089599764,-100.11533729104002,20000,20000,0.141
BBOB_f19,PSO/constriction N=40 c1=2.05 c2=2.05 chi=0.7298,ok,,pso,10,8,3510010836,1.0747222747906164,-101.47527772520938,20000,20000,0.1606
BBOB_f19,PSO/constriction N=40 c1=2.05 c2=2.05 chi=0.7298,ok,,pso,10,9,1248969132,1.5235242883763505,-101.02647571162365,20000,20000,0.12
BBOB_f19,PSO/constriction N=40 c1=2.05 c2=2.05 chi=0.7298,ok,,pso,10,10,3582930373,1.3467226899023501,-101.20327731009765,20000,20000,0.1335
BBOB_f19,PSO/constriction N=40 c1=2.05 c2=2.05 chi=0.7298,ok,,pso,10,11,684161957,1.4905394993453882,-101.05946050065461,20000,20000,0.141
BBOB_f19,PSO/constriction N=40 c1=2.05 c2=2.05 chi=0.7298,ok,,pso,10,12,3464277461,1.768308030686896,-100.7816919693131,20000,20000,0.1147
BBOB_f19,PSO/constriction N=40 c1=2.05 c2=2.05 chi=0.7298,ok,,pso,10,13,965077281,1.4779689202978261,-101.07203107970217,20000,20000,0.1516
BBOB_f19,PSO/constriction N=40 c1=2.05 c2=2.05 chi=0.7298,ok,,pso,10,14,4202901760,3.5216803420501037,-99.0283196579499,20000,20000,0.1277
BBOB_f19,PSO/constriction N=40 c1=2.05 c2=2.05 chi=0.7298,ok,,pso,10,15,264676209,1.4511260692375458,-101.09887393076245,20000,20000,0.1385
BBOB_f19,PSO/constriction N=40 c1=2.05 c2=2.05 chi=0.7298,ok,,pso,10,16,1311742864,2.1410769478441267,-100.40892305215587,20000,20000,0.1359
BBOB_f19,PSO/constriction N=40 c1=2.05 c2=2.05 chi=0.7298,ok,,pso,10,17,2966508332,1.9829039771815786,-100.56709602281842,20000,20000,0.1366
BBOB_f19,PSO/constriction N=40 c1=2.05 c2=2.05 chi=0.7298,ok,,pso,10,18,1102626755,1.8174421680740664,-100.73255783192593,20000,20000,0.1206
BBOB_f19,PSO/constriction N=40 c1=2.05 c2=2.05 chi=0.7298,ok,,pso,10,19,2509149486,2.9356803335518435,-99.61431966644815,20000,20000,0.1241
BBOB_f19,PSO/constriction N=40 c1=2.05 c2=2.05 chi=0.7298,ok,,pso,10,20,4131099623,2.544766898775265,-100.00523310122473,20000,20000,0.1157
BBOB_f19,PSO/constriction N=40 c1=2.05 c2=2.05 chi=0.7298,ok,,pso,10,21,3474826280,2.4391762716824132,-100.11082372831758,20000,20000,0.1424
BBOB_f19,PSO/constriction N=40 c1=2.05 c2=2.05 chi=0.7298,ok,,pso,10,22,594303214,2.555100322076413,-99.99489967792358,20000,20000,0.1317
BBOB_f19,PSO/constriction N=40 c1=2.05 c2=2.05 chi=0.7298,ok,,pso,10,23,227557951,2.153595277122463,-100.39640472287753,20000,20000,0.1713
BBOB_f19,PSO/constriction N=40 c1=2.05 c2=2.05 chi=0.7298,ok,,pso,10,24,3814205116,1.8250028288926785,-100.72499717110732,20000,20000,0.1338
BBOB_f19,PSO/constriction N=40 c1=2.05 c2=2.05 chi=0.7298,ok,,pso,10,25,3013271388,1.3764407728472463,-101.17355922715275,20000,20000,0.1507
BBOB_f19,PSO/constriction N=40 c1=2.05 c2=2.05 chi=0.7298,ok,,pso,10,26,31945,3.190780768343984,-99.35921923165601,20000,20000,0.1365
BBOB_f19,PSO/constriction N=40 c1=2.05 c2=2.05 chi=0.7298,ok,,pso,10,27,2902546853,1.4955436970498965,-101.0544563029501,20000,20000,0.1328
BBOB_f19,PSO/constriction N=40 c1=2.05 c2=2.05 chi=0.7298,ok,,pso,10,28,1700744913,2.051279471329323,-100.49872052867067,20000,20000,0.1261
BBOB_f19,PSO/constriction N=40 c1=2.05 c2=2.05 chi=0.7298,ok,,pso,10,29,897097907,2.6859721381112394,-99.86402786188876,20000,20000,0.143
BBOB_f19,RandomSearch,ok,,random,10,0,350073915,5.651737932061849,-96.89826206793815,20000,20000,0.4631
BBOB_f19,RandomSearch,ok,,random,10,1,2492031442,6.042359886616012,-96.50764011338399,20000,20000,0.4695
BBOB_f19,RandomSearch,ok,,random,10,2,101436572,4.981157830786387,-97.56884216921361,20000,20000,0.4571
BBOB_f19,RandomSearch,ok,,random,10,3,1828238764,6.120196775314028,-96.42980322468597,20000,20000,0.4757
BBOB_f19,RandomSearch,ok,,random,10,4,703956278,7.2404383926808435,-95.30956160731915,20000,20000,0.4098
BBOB_f19,RandomSearch,ok,,random,10,5,44553175,5.409065309809179,-97.14093469019082,20000,20000,0.5071
BBOB_f19,RandomSearch,ok,,random,10,6,337924905,5.1098026433885195,-97.44019735661148,20000,20000,0.493
BBOB_f19,RandomSearch,ok,,random,10,7,1881400307,7.208412553062843,-95.34158744693715,20000,20000,0.454
BBOB_f19,RandomSearch,ok,,random,10,8,2359626624,6.498355575174145,-96.05164442482585,20000,20000,0.4797
BBOB_f19,RandomSearch,ok,,random,10,9,1501639699,6.9642943699275435,-95.58570563007245,20000,20000,0.4909
BBOB_f19,RandomSearch,ok,,random,10,10,1044359333,6.698838501072785,-95.85116149892721,20000,20000,0.5707
BBOB_f19,RandomSearch,ok,,random,10,11,2105261408,6.502907593349448,-96.04709240665055,20000,20000,0.4845
BBOB_f19,RandomSearch,ok,,random,10,12,3960000884,6.085787862403166,-96.46421213759683,20000,20000,0.5693
BBOB_f19,RandomSearch,ok,,random,10,13,52240635,6.7026556895016824,-95.84734431049831,20000,20000,0.6055
BBOB_f19,RandomSearch,ok,,random,10,14,3400342976,5.615083522784602,-96.9349164772154,20000,20000,0.5942
BBOB_f19,RandomSearch,ok,,random,10,15,2546153706,7.865560160105673,-94.68443983989432,20000,20000,0.5971
BBOB_f19,RandomSearch,ok,,random,10,16,42786356,5.39197102675017,-97.15802897324983,20000,20000,0.5725
BBOB_f19,RandomSearch,ok,,random,10,17,809648746,7.17903262101396,-95.37096737898604,20000,20000,0.5613
BBOB_f19,RandomSearch,ok,,random,10,18,2929021876,6.503667254202725,-96.04633274579727,20000,20000,0.5212
BBOB_f19,RandomSearch,ok,,random,10,19,77905962,8.041767479559994,-94.50823252044,20000,20000,0.4207
BBOB_f19,RandomSearch,ok,,random,10,20,3152290156,7.284068357084365,-95.26593164291563,20000,20000,0.5026
BBOB_f19,RandomSearch,ok,,random,10,21,1136105035,6.271489419738259,-96.27851058026174,20000,20000,0.5093
BBOB_f19,RandomSearch,ok,,random,10,22,1704698616,5.493695274931312,-97.05630472506869,20000,20000,0.4626
BBOB_f19,RandomSearch,ok,,random,10,23,213845690,8.130980109867195,-94.4190198901328,20000,20000,0.4944
BBOB_f19,RandomSearch,ok,,random,10,24,2599965313,6.863107254103113,-95.68689274589688,20000,20000,0.499
BBOB_f19,RandomSearch,ok,,random,10,25,424328976,3.1393679660013305,-99.41063203399867,20000,20000,0.458
BBOB_f19,RandomSearch,ok,,random,10,26,352634178,7.101550395557098,-95.4484496044429,20000,20000,0.4769
BBOB_f19,RandomSearch,ok,,random,10,27,3539932063,6.478128511903236,-96.07187148809676,20000,20000,0.4438
BBOB_f19,RandomSearch,ok,,random,10,28,2824709494,7.310348459129642,-95.23965154087036,20000,20000,0.4683
BBOB_f19,RandomSearch,ok,,random,10,29,1599490688,7.22747419125686,-95.32252580874314,20000,20000,0.5167
BBOB_f2,CMA-ES/IPOP sigma0=0.3*span ipop=x2,ok,,cmaes,10,0,3328277618,0.0,-209.88,20000,20000,2.3565
BBOB_f2,CMA-ES/IPOP sigma0=0.3*span ipop=x2,ok,,cmaes,10,1,3588970506,0.0,-209.88,20000,20000,2.3425
BBOB_f2,CMA-ES/IPOP sigma0=0.3*span ipop=x2,ok,,cmaes,10,2,515289791,2.842170943040401e-14,-209.87999999999997,20000,20000,2.3481
BBOB_f2,CMA-ES/IPOP sigma0=0.3*span ipop=x2,ok,,cmaes,10,3,615389164,2.842170943040401e-14,-209.87999999999997,20000,20000,2.4667
BBOB_f2,CMA-ES/IPOP sigma0=0.3*span ipop=x2,ok,,cmaes,10,4,1097367785,0.0,-209.88,20000,20000,2.2894
BBOB_f2,CMA-ES/IPOP sigma0=0.3*span ipop=x2,ok,,cmaes,10,5,1758764025,2.842170943040401e-14,-209.87999999999997,20000,20000,2.2756
BBOB_f2,CMA-ES/IPOP sigma0=0.3*span ipop=x2,ok,,cmaes,10,6,935127835,2.842170943040401e-14,-209.87999999999997,20000,20000,2.6855
BBOB_f2,CMA-ES/IPOP sigma0=0.3*span ipop=x2,ok,,cmaes,10,7,2049588303,0.0,-209.88,20000,20000,2.6668
BBOB_f2,CMA-ES/IPOP sigma0=0.3*span ipop=x2,ok,,cmaes,10,8,1720996154,5.684341886080802e-14,-209.87999999999994,20000,20000,2.4258
BBOB_f2,CMA-ES/IPOP sigma0=0.3*span ipop=x2,ok,,cmaes,10,9,1547565741,5.684341886080802e-14,-209.87999999999994,20000,20000,2.5442
BBOB_f2,CMA-ES/IPOP sigma0=0.3*span ipop=x2,ok,,cmaes,10,10,431951738,2.842170943040401e-14,-209.87999999999997,20000,20000,2.2181
BBOB_f2,CMA-ES/IPOP sigma0=0.3*span ipop=x2,ok,,cmaes,10,11,1774678644,2.842170943040401e-14,-209.87999999999997,20000,20000,2.0641
BBOB_f2,CMA-ES/IPOP sigma0=0.3*span ipop=x2,ok,,cmaes,10,12,321529339,2.842170943040401e-14,-209.87999999999997,20000,20000,2.4975
BBOB_f2,CMA-ES/IPOP sigma0=0.3*span ipop=x2,ok,,cmaes,10,13,1605210919,2.842170943040401e-14,-209.87999999999997,20000,20000,2.0553
BBOB_f2,CMA-ES/IPOP sigma0=0.3*span ipop=x2,ok,,cmaes,10,14,418999520,2.842170943040401e-14,-209.87999999999997,20000,20000,2.0835
BBOB_f2,CMA-ES/IPOP sigma0=0.3*span ipop=x2,ok,,cmaes,10,15,2983620560,2.842170943040401e-14,-209.87999999999997,20000,20000,2.306
BBOB_f2,CMA-ES/IPOP sigma0=0.3*span ipop=x2,ok,,cmaes,10,16,1777758607,2.842170943040401e-14,-209.87999999999997,20000,20000,2.4131
BBOB_f2,CMA-ES/IPOP sigma0=0.3*span ipop=x2,ok,,cmaes,10,17,3884289333,2.842170943040401e-14,-209.87999999999997,20000,20000,2.1405
BBOB_f2,CMA-ES/IPOP sigma0=0.3*span ipop=x2,ok,,cmaes,10,18,3618429453,2.842170943040401e-14,-209.87999999999997,20000,20000,2.167
BBOB_f2,CMA-ES/IPOP sigma0=0.3*span ipop=x2,ok,,cmaes,10,19,3310368099,5.684341886080802e-14,-209.87999999999994,20000,20000,2.2573
BBOB_f2,CMA-ES/IPOP sigma0=0.3*span ipop=x2,ok,,cmaes,10,20,509833491,2.842170943040401e-14,-209.87999999999997,20000,20000,2.0824
BBOB_f2,CMA-ES/IPOP sigma0=0.3*span ipop=x2,ok,,cmaes,10,21,972909894,2.842170943040401e-14,-209.87999999999997,20000,20000,2.2565
BBOB_f2,CMA-ES/IPOP sigma0=0.3*span ipop=x2,ok,,cmaes,10,22,3210700434,2.842170943040401e-14,-209.87999999999997,20000,20000,2.406
BBOB_f2,CMA-ES/IPOP sigma0=0.3*span ipop=x2,ok,,cmaes,10,23,1639259009,2.842170943040401e-14,-209.87999999999997,20000,20000,2.3298
BBOB_f2,CMA-ES/IPOP sigma0=0.3*span ipop=x2,ok,,cmaes,10,24,2893056904,2.842170943040401e-14,-209.87999999999997,20000,20000,2.1238
BBOB_f2,CMA-ES/IPOP sigma0=0.3*span ipop=x2,ok,,cmaes,10,25,1719362628,2.842170943040401e-14,-209.87999999999997,20000,20000,1.9396
BBOB_f2,CMA-ES/IPOP sigma0=0.3*span ipop=x2,ok,,cmaes,10,26,1928701299,0.0,-209.88,20000,20000,2.068
BBOB_f2,CMA-ES/IPOP sigma0=0.3*span ipop=x2,ok,,cmaes,10,27,3317998987,0.0,-209.88,20000,20000,2.1043
BBOB_f2,CMA-ES/IPOP sigma0=0.3*span ipop=x2,ok,,cmaes,10,28,2914568976,0.0,-209.88,20000,20000,2.0681
BBOB_f2,CMA-ES/IPOP sigma0=0.3*span ipop=x2,ok,,cmaes,10,29,306701755,2.842170943040401e-14,-209.87999999999997,20000,20000,2.0341
BBOB_f2,DE/rand/1/bin F=0.5 CR=0.9 NP=50,ok,,de,10,0,1268564070,0.0,-209.88,20000,20000,0.9391
BBOB_f2,DE/rand/1/bin F=0.5 CR=0.9 NP=50,ok,,de,10,1,2957798914,0.0,-209.88,20000,20000,0.8874
BBOB_f2,DE/rand/1/bin F=0.5 CR=0.9 NP=50,ok,,de,10,2,2108751111,0.0,-209.88,20000,20000,0.9219
BBOB_f2,DE/rand/1/bin F=0.5 CR=0.9 NP=50,ok,,de,10,3,124343301,0.0,-209.88,20000,20000,0.9636
BBOB_f2,DE/rand/1/bin F=0.5 CR=0.9 NP=50,ok,,de,10,4,2513221583,0.0,-209.88,20000,20000,0.9298
BBOB_f2,DE/rand/1/bin F=0.5 CR=0.9 NP=50,ok,,de,10,5,310699601,0.0,-209.88,20000,20000,0.9235
BBOB_f2,DE/rand/1/bin F=0.5 CR=0.9 NP=50,ok,,de,10,6,4154241894,0.0,-209.88,20000,20000,0.912
BBOB_f2,DE/rand/1/bin F=0.5 CR=0.9 NP=50,ok,,de,10,7,1952528428,0.0,-209.88,20000,20000,0.9107
BBOB_f2,DE/rand/1/bin F=0.5 CR=0.9 NP=50,ok,,de,10,8,3100576314,0.0,-209.88,20000,20000,0.8946
BBOB_f2,DE/rand/1/bin F=0.5 CR=0.9 NP=50,ok,,de,10,9,811903022,0.0,-209.88,20000,20000,0.9051
BBOB_f2,DE/rand/1/bin F=0.5 CR=0.9 NP=50,ok,,de,10,10,2271130177,0.0,-209.88,20000,20000,0.8548
BBOB_f2,DE/rand/1/bin F=0.5 CR=0.9 NP=50,ok,,de,10,11,3705727964,0.0,-209.88,20000,20000,0.8803
BBOB_f2,DE/rand/1/bin F=0.5 CR=0.9 NP=50,ok,,de,10,12,3036216380,0.0,-209.88,20000,20000,0.8749
BBOB_f2,DE/rand/1/bin F=0.5 CR=0.9 NP=50,ok,,de,10,13,3952394259,0.0,-209.88,20000,20000,0.9091
BBOB_f2,DE/rand/1/bin F=0.5 CR=0.9 NP=50,ok,,de,10,14,1296303794,0.0,-209.88,20000,20000,0.8798
BBOB_f2,DE/rand/1/bin F=0.5 CR=0.9 NP=50,ok,,de,10,15,3799301194,0.0,-209.88,20000,20000,0.8986
BBOB_f2,DE/rand/1/bin F=0.5 CR=0.9 NP=50,ok,,de,10,16,2549246273,0.0,-209.88,20000,20000,0.8969
BBOB_f2,DE/rand/1/bin F=0.5 CR=0.9 NP=50,ok,,de,10,17,923173034,0.0,-209.88,20000,20000,0.8773
BBOB_f2,DE/rand/1/bin F=0.5 CR=0.9 NP=50,ok,,de,10,18,1123579609,0.0,-209.88,20000,20000,0.9039
BBOB_f2,DE/rand/1/bin F=0.5 CR=0.9 NP=50,ok,,de,10,19,1055261292,0.0,-209.88,20000,20000,0.8429
BBOB_f2,DE/rand/1/bin F=0.5 CR=0.9 NP=50,ok,,de,10,20,2946430544,0.0,-209.88,20000,20000,0.8653
BBOB_f2,DE/rand/1/bin F=0.5 CR=0.9 NP=50,ok,,de,10,21,2683581335,0.0,-209.88,20000,20000,0.8885
BBOB_f2,DE/rand/1/bin F=0.5 CR=0.9 NP=50,ok,,de,10,22,2537873331,0.0,-209.88,20000,20000,0.8874
BBOB_f2,DE/rand/1/bin F=0.5 CR=0.9 NP=50,ok,,de,10,23,3843270561,0.0,-209.88,20000,20000,0.8561
BBOB_f2,DE/rand/1/bin F=0.5 CR=0.9 NP=50,ok,,de,10,24,713438104,0.0,-209.88,20000,20000,0.8687
BBOB_f2,DE/rand/1/bin F=0.5 CR=0.9 NP=50,ok,,de,10,25,1236210439,0.0,-209.88,20000,20000,0.9219
BBOB_f2,DE/rand/1/bin F=0.5 CR=0.9 NP=50,ok,,de,10,26,650287857,0.0,-209.88,20000,20000,0.9175
BBOB_f2,DE/rand/1/bin F=0.5 CR=0.9 NP=50,ok,,de,10,27,4056387062,0.0,-209.88,20000,20000,0.9072
BBOB_f2,DE/rand/1/bin F=0.5 CR=0.9 NP=50,ok,,de,10,28,3064647915,0.0,-209.88,20000,20000,0.9293
BBOB_f2,DE/rand/1/bin F=0.5 CR=0.9 NP=50,ok,,de,10,29,3631187522,0.0,-209.88,20000,20000,0.8695
BBOB_f2,GA/SBX NP=50 pc=0.9 eta_c=20.0 eta_m=20.0,ok,,ga,10,0,2459305832,1.5080599118911664,-208.37194008810883,20000,20000,0.696
BBOB_f2,GA/SBX NP=50 pc=0.9 eta_c=20.0 eta_m=20.0,ok,,ga,10,1,1907795119,1.0382421867591631,-208.84175781324083,20000,20000,0.7354
BBOB_f2,GA/SBX NP=50 pc=0.9 eta_c=20.0 eta_m=20.0,ok,,ga,10,2,2142854184,1.1690445098523128,-208.71095549014768,20000,20000,0.6875
BBOB_f2,GA/SBX NP=50 pc=0.9 eta_c=20.0 eta_m=20.0,ok,,ga,10,3,414835980,0.8364609439976505,-209.04353905600234,20000,20000,0.7155
BBOB_f2,GA/SBX NP=50 pc=0.9 eta_c=20.0 eta_m=20.0,ok,,ga,10,4,1846774218,0.5720935914129939,-209.307906408587,20000,20000,0.7108
BBOB_f2,GA/SBX NP=50 pc=0.9 eta_c=20.0 eta_m=20.0,ok,,ga,10,5,3737399088,3.90722229344388,-205.97277770655612,20000,20000,0.774
BBOB_f2,GA/SBX NP=50 pc=0.9 eta_c=20.0 eta_m=20.0,ok,,ga,10,6,1917876851,0.2267600257986544,-209.65323997420134,20000,20000,0.698
BBOB_f2,GA/SBX NP=50 pc=0.9 eta_c=20.0 eta_m=20.0,ok,,ga,10,7,3558169776,0.10758352633766322,-209.77241647366233,20000,20000,0.7005
BBOB_f2,GA/SBX NP=50 pc=0.9 eta_c=20.0 eta_m=20.0,ok,,ga,10,8,1956322197,0.24833191272958288,-209.6316680872704,20000,20000,0.6588
BBOB_f2,GA/SBX NP=50 pc=0.9 eta_c=20.0 eta_m=20.0,ok,,ga,10,9,4165585350,1.1877915942106938,-208.6922084057893,20000,20000,0.6515
BBOB_f2,GA/SBX NP=50 pc=0.9 eta_c=20.0 eta_m=20.0,ok,,ga,10,10,844425969,0.2542708477903943,-209.6257291522096,20000,20000,0.6777
BBOB_f2,GA/SBX NP=50 pc=0.9 eta_c=20.0 eta_m=20.0,ok,,ga,10,11,808571047,0.323125684631691,-209.5568743153683,20000,20000,0.7137
BBOB_f2,GA/SBX NP=50 pc=0.9 eta_c=20.0 eta_m=20.0,ok,,ga,10,12,1249211776,0.0550021950732571,-209.82499780492674,20000,20000,0.6535
BBOB_f2,GA/SBX NP=50 pc=0.9 eta_c=20.0 eta_m=20.0,ok,,ga,10,13,4162974531,0.1585786048708826,-209.7214213951291,20000,20000,0.6655
BBOB_f2,GA/SBX NP=50 pc=0.9 eta_c=20.0 eta_m=20.0,ok,,ga,10,14,1666338737,0.1372479572839893,-209.742752042716,20000,20000,0.6666
BBOB_f2,GA/SBX NP=50 pc=0.9 eta_c=20.0 eta_m=20.0,ok,,ga,10,15,3119320835,0.1971146951015612,-209.68288530489843,20000,20000,0.69
BBOB_f2,GA/SBX NP=50 pc=0.9 eta_c=20.0 eta_m=20.0,ok,,ga,10,16,2407722482,0.3337738291844232,-209.54622617081557,20000,20000,0.6734
BBOB_f2,GA/SBX NP=50 pc=0.9 eta_c=20.0 eta_m=20.0,ok,,ga,10,17,1468250541,0.8116122716681389,-209.06838772833186,20000,20000,0.6595
BBOB_f2,GA/SBX NP=50 pc=0.9 eta_c=20.0 eta_m=20.0,ok,,ga,10,18,1170130922,1.402741991391224,-208.47725800860877,20000,20000,0.686
BBOB_f2,GA/SBX NP=50 pc=0.9 eta_c=20.0 eta_m=20.0,ok,,ga,10,19,2179900232,0.43186625707713233,-209.44813374292286,20000,20000,0.6741
BBOB_f2,GA/SBX NP=50 pc=0.9 eta_c=20.0 eta_m=20.0,ok,,ga,10,20,2358102217,0.22693312387025344,-209.65306687612974,20000,20000,0.7025
BBOB_f2,GA/SBX NP=50 pc=0.9 eta_c=20.0 eta_m=20.0,ok,,ga,10,21,2489574971,0.22084846475485165,-209.65915153524514,20000,20000,0.6894
BBOB_f2,GA/SBX NP=50 pc=0.9 eta_c=20.0 eta_m=20.0,ok,,ga,10,22,1102673894,0.4520166008882427,-209.42798339911175,20000,20000,0.7009
BBOB_f2,GA/SBX NP=50 pc=0.9 eta_c=20.0 eta_m=20.0,ok,,ga,10,23,1520978766,0.36523374377085815,-209.51476625622914,20000,20000,0.7021
BBOB_f2,GA/SBX NP=50 pc=0.9 eta_c=20.0 eta_m=20.0,ok,,ga,10,24,634220571,0.017875447426746405,-209.86212455257325,20000,20000,0.7177
BBOB_f2,GA/SBX NP=50 pc=0.9 eta_c=20.0 eta_m=20.0,ok,,ga,10,25,227513346,0.3214913379447637,-209.55850866205523,20000,20000,0.7116
BBOB_f2,GA/SBX NP=50 pc=0.9 eta_c=20.0 eta_m=20.0,ok,,ga,10,26,3309899819,0.25431422970245876,-209.62568577029754,20000,20000,0.7281
BBOB_f2,GA/SBX NP=50 pc=0.9 eta_c=20.0 eta_m=20.0,ok,,ga,10,27,2795533133,0.10239503846196385,-209.77760496153803,20000,20000,0.7279
BBOB_f2,GA/SBX NP=50 pc=0.9 eta_c=20.0 eta_m=20.0,ok,,ga,10,28,37030554,1.813109901066838,-208.06689009893316,20000,20000,0.7235
BBOB_f2,GA/SBX NP=50 pc=0.9 eta_c=20.0 eta_m=20.0,ok,,ga,10,29,1094319735,1.0385636121490904,-208.8414363878509,20000,20000,0.7417
BBOB_f2,PSO/constriction N=40 c1=2.05 c2=2.05 chi=0.7298,ok,,pso,10,0,3246905495,6432.740343914027,6222.860343914027,20000,20000,0.1628
BBOB_f2,PSO/constriction N=40 c1=2.05 c2=2.05 chi=0.7298,ok,,pso,10,1,1798522772,1526.8110174508538,1316.9310174508537,20000,20000,0.1601
BBOB_f2,PSO/constriction N=40 c1=2.05 c2=2.05 chi=0.7298,ok,,pso,10,2,3495636073,0.0,-209.88,20000,20000,0.1153
BBOB_f2,PSO/constriction N=40 c1=2.05 c2=2.05 chi=0.7298,ok,,pso,10,3,516687698,14.103435248288946,-195.77656475171105,20000,20000,0.1124
BBOB_f2,PSO/constriction N=40 c1=2.05 c2=2.05 chi=0.7298,ok,,pso,10,4,3618531725,737.627986505012,527.747986505012,20000,20000,0.1196
BBOB_f2,PSO/constriction N=40 c1=2.05 c2=2.05 chi=0.7298,ok,,pso,10,5,2896630146,127.9342474625909,-81.94575253740909,20000,20000,0.1171
BBOB_f2,PSO/constriction N=40 c1=2.05 c2=2.05 chi=0.7298,ok,,pso,10,6,2564542570,95.8520409554879,-114.0279590445121,20000,20000,0.117
BBOB_f2,PSO/constriction N=40 c1=2.05 c2=2.05 chi=0.7298,ok,,pso,10,7,1783840705,0.0,-209.88,20000,20000,0.127
BBOB_f2,PSO/constriction N=40 c1=2.05 c2=2.05 chi=0.7298,ok,,pso,10,8,851268846,0.0,-209.88,20000,20000,0.1248
BBOB_f2,PSO/constriction N=40 c1=2.05 c2=2.05 chi=0.7298,ok,,pso,10,9,1405406219,142.03768271087984,-67.84231728912016,20000,20000,0.1198
BBOB_f2,PSO/constriction N=40 c1=2.05 c2=2.05 chi=0.7298,ok,,pso,10,10,184997679,2394.6728922681727,2184.7928922681726,20000,20000,0.1167
BBOB_f2,PSO/constriction N=40 c1=2.05 c2=2.05 chi=0.7298,ok,,pso,10,11,3635594356,95.8520409554879,-114.0279590445121,20000,20000,0.1222
BBOB_f2,PSO/constriction N=40 c1=2.05 c2=2.05 chi=0.7298,ok,,pso,10,12,3238554948,899.944081324422,690.064081324422,20000,20000,0.1221
BBOB_f2,PSO/constriction N=40 c1=2.05 c2=2.05 chi=0.7298,ok,,pso,10,13,2770506762,5001.781367418661,4791.901367418661,20000,20000,0.1283
BBOB_f2,PSO/constriction N=40 c1=2.05 c2=2.05 chi=0.7298,ok,,pso,10,14,550891366,2.842170943040401e-14,-209.87999999999997,20000,20000,0.1269
BBOB_f2,PSO/constriction N=40 c1=2.05 c2=2.05 chi=0.7298,ok,,pso,10,15,3935343148,109.95547620377683,-99.92452379622317,20000,20000,0.1182
BBOB_f2,PSO/constriction N=40 c1=2.05 c2=2.05 chi=0.7298,ok,,pso,10,16,3408444789,0.0,-209.88,20000,20000,0.12
BBOB_f2,PSO/constriction N=40 c1=2.05 c2=2.05 chi=0.7298,ok,,pso,10,17,2935154867,0.0,-209.88,20000,20000,0.1292
BBOB_f2,PSO/constriction N=40 c1=2.05 c2=2.05 chi=0.7298,ok,,pso,10,18,425642624,14.103435248288946,-195.77656475171105,20000,20000,0.123
BBOB_f2,PSO/constriction N=40 c1=2.05 c2=2.05 chi=0.7298,ok,,pso,10,19,3796969130,127.9342474625909,-81.94575253740909,20000,20000,0.1162
BBOB_f2,PSO/constriction N=40 c1=2.05 c2=2.05 chi=0.7298,ok,,pso,10,20,3836815565,34.381847356819065,-175.49815264318093,20000,20000,0.1197
BBOB_f2,PSO/constriction N=40 c1=2.05 c2=2.05 chi=0.7298,ok,,pso,10,21,3932715426,206.08116509742206,-3.798834902577937,20000,20000,0.1245
BBOB_f2,PSO/constriction N=40 c1=2.05 c2=2.05 chi=0.7298,ok,,pso,10,22,1601731325,127.9342474625909,-81.94575253740909,20000,20000,0.1338
BBOB_f2,PSO/constriction N=40 c1=2.05 c2=2.05 chi=0.7298,ok,,pso,10,23,3384701283,0.0,-209.88,20000,20000,0.1235
BBOB_f2,PSO/constriction N=40 c1=2.05 c2=2.05 chi=0.7298,ok,,pso,10,24,2534698738,43.76507027801205,-166.11492972198795,20000,20000,0.1291
BBOB_f2,PSO/constriction N=40 c1=2.05 c2=2.05 chi=0.7298,ok,,pso,10,25,619781873,14.103435248288946,-195.77656475171105,20000,20000,0.128
BBOB_f2,PSO/constriction N=40 c1=2.05 c2=2.05 chi=0.7298,ok,,pso,10,26,3789316812,162.31609481940998,-47.56390518059001,20000,20000,0.1306
BBOB_f2,PSO/constriction N=40 c1=2.05 c2=2.05 chi=0.7298,ok,,pso,10,27,1985361614,0.0,-209.88,20000,20000,0.1316
BBOB_f2,PSO/constriction N=40 c1=2.05 c2=2.05 chi=0.7298,ok,,pso,10,28,3461499692,4940.311173819992,4730.431173819992,20000,20000,0.1196
BBOB_f2,PSO/constriction N=40 c1=2.05 c2=2.05 chi=0.7298,ok,,pso,10,29,3503464499,76707.86176560429,76497.98176560429,20000,20000,0.1246
BBOB_f2,RandomSearch,ok,,random,10,0,582064798,69064.7618549472,68854.88185494719,20000,20000,0.4288
BBOB_f2,RandomSearch,ok,,random,10,1,514951655,47950.88767193886,47741.00767193886,20000,20000,0.4271
BBOB_f2,RandomSearch,ok,,random,10,2,2941250196,39093.20050143633,38883.320501436334,20000,20000,0.411
BBOB_f2,RandomSearch,ok,,random,10,3,3917730097,32751.58375681959,32541.70375681959,20000,20000,0.5013
BBOB_f2,RandomSearch,ok,,random,10,4,1636881501,44335.551067815206,44125.67106781521,20000,20000,0.4249
BBOB_f2,RandomSearch,ok,,random,10,5,1457748284,73966.59209739954,73756.71209739953,20000,20000,0.4285
BBOB_f2,RandomSearch,ok,,random,10,6,1334388067,10819.719517563899,10609.8395175639,20000,20000,0.4123
BBOB_f2,RandomSearch,ok,,random,10,7,3799025626,44589.07280470327,44379.19280470327,20000,20000,0.3915
BBOB_f2,RandomSearch,ok,,random,10,8,3714845122,50189.465667729295,49979.5856677293,20000,20000,0.3876
BBOB_f2,RandomSearch,ok,,random,10,9,2396533376,84341.77010853757,84131.89010853757,20000,20000,0.4252
BBOB_f2,RandomSearch,ok,,random,10,10,871577610,69853.3817705336,69643.50177053359,20000,20000,0.3967
BBOB_f2,RandomSearch,ok,,random,10,11,184102088,38976.923366031675,38767.04336603168,20000,20000,0.4231
BBOB_f2,RandomSearch,ok,,random,10,12,1399123890,74566.66559197017,74356.78559197017,20000,20000,0.4214
BBOB_f2,RandomSearch,ok,,random,10,13,3428040165,40746.95907050852,40537.079070508524,20000,20000,0.3958
BBOB_f2,RandomSearch,ok,,random,10,14,2445857036,64244.876896978545,64034.99689697855,20000,20000,0.4406
BBOB_f2,RandomSearch,ok,,random,10,15,2379072646,32463.172057244847,32253.292057244846,20000,20000,0.421
BBOB_f2,RandomSearch,ok,,random,10,16,3209468508,25344.96231204189,25135.08231204189,20000,20000,0.4214
BBOB_f2,RandomSearch,ok,,random,10,17,1543476722,32541.189642421064,32331.309642421063,20000,20000,0.4003
BBOB_f2,RandomSearch,ok,,random,10,18,1237713880,37434.2918393453,37224.4118393453,20000,20000,0.3919
BBOB_f2,RandomSearch,ok,,random,10,19,1257193866,74443.53996910068,74233.65996910067,20000,20000,0.4034
BBOB_f2,RandomSearch,ok,,random,10,20,1927331331,14409.640926023494,14199.760926023495,20000,20000,0.4276
BBOB_f2,RandomSearch,ok,,random,10,21,3491361742,31070.371238361495,30860.491238361494,20000,20000,0.4259
BBOB_f2,RandomSearch,ok,,random,10,22,268767470,13863.539740738333,13653.659740738334,20000,20000,0.3967
BBOB_f2,RandomSearch,ok,,random,10,23,632197682,27246.938014938904,27037.058014938902,20000,20000,0.383
BBOB_f2,RandomSearch,ok,,random,10,24,1278829807,56706.34913561485,56496.469135614854,20000,20000,0.3878
BBOB_f2,RandomSearch,ok,,random,10,25,3639779513,59942.25097986693,59732.37097986693,20000,20000,0.3916
BBOB_f2,RandomSearch,ok,,random,10,26,1611564284,62635.44432324575,62425.56432324575,20000,20000,0.3874
BBOB_f2,RandomSearch,ok,,random,10,27,1665794524,53498.60313821115,53288.72313821115,20000,20000,0.3824
BBOB_f2,RandomSearch,ok,,random,10,28,2062990841,62763.59932920553,62553.71932920553,20000,20000,0.3826
BBOB_f2,RandomSearch,ok,,random,10,29,2010433287,51047.20646469416,50837.32646469416,20000,20000,0.3765
BBOB_f20,CMA-ES/IPOP sigma0=0.3*span ipop=x2,ok,,cmaes,10,0,4085573857,1.3818996486562583,-545.1181003513437,20000,20000,2.5925
BBOB_f20,CMA-ES/IPOP sigma0=0.3*span ipop=x2,ok,,cmaes,10,1,345756979,0.9277914315222233,-545.5722085684778,20000,20000,2.5892
BBOB_f20,CMA-ES/IPOP sigma0=0.3*span ipop=x2,ok,,cmaes,10,2,3551348093,0.5329833829875952,-545.9670166170124,20000,20000,2.1037
BBOB_f20,CMA-ES/IPOP sigma0=0.3*span ipop=x2,ok,,cmaes,10,3,1002601176,1.2041393909973976,-545.2958606090026,20000,20000,2.3019
BBOB_f20,CMA-ES/IPOP sigma0=0.3*span ipop=x2,ok,,cmaes,10,4,97971965,1.3620819173362406,-545.1379180826638,20000,20000,2.0755
BBOB_f20,CMA-ES/IPOP sigma0=0.3*span ipop=x2,ok,,cmaes,10,5,455429363,1.3225777256120637,-545.1774222743879,20000,20000,2.2577
BBOB_f20,CMA-ES/IPOP sigma0=0.3*span ipop=x2,ok,,cmaes,10,6,922632107,1.1252079575698417,-545.3747920424302,20000,20000,2.1297
BBOB_f20,CMA-ES/IPOP sigma0=0.3*span ipop=x2,ok,,cmaes,10,7,3931122619,0.7895943426246959,-545.7104056573753,20000,20000,2.3985
BBOB_f20,CMA-ES/IPOP sigma0=0.3*span ipop=x2,ok,,cmaes,10,8,3491783643,0.5527176733957049,-545.9472823266043,20000,20000,1.7973
BBOB_f20,CMA-ES/IPOP sigma0=0.3*span ipop=x2,ok,,cmaes,10,9,987463963,0.7106629091642844,-545.7893370908357,20000,20000,2.0359
BBOB_f20,CMA-ES/IPOP sigma0=0.3*span ipop=x2,ok,,cmaes,10,10,2893989759,0.9080326772391345,-545.5919673227609,20000,20000,2.9399
BBOB_f20,CMA-ES/IPOP sigma0=0.3*span ipop=x2,ok,,cmaes,10,11,3078951267,1.0857010563853464,-545.4142989436147,20000,20000,3.0884
BBOB_f20,CMA-ES/IPOP sigma0=0.3*span ipop=x2,ok,,cmaes,10,12,1439155905,1.3818996486568267,-545.1181003513432,20000,20000,3.297
BBOB_f20,CMA-ES/IPOP sigma0=0.3*span ipop=x2,ok,,cmaes,10,13,1188674525,1.2436462921516522,-545.2563537078483,20000,20000,3.1077
BBOB_f20,CMA-ES/IPOP sigma0=0.3*span ipop=x2,ok,,cmaes,10,14,3810584645,0.5724546732341196,-545.9275453267659,20000,20000,3.0925
BBOB_f20,CMA-ES/IPOP sigma0=0.3*span ipop=x2,ok,,cmaes,10,15,1058901392,1.3028874837140165,-545.197112516286,20000,20000,3.4297
BBOB_f20,CMA-ES/IPOP sigma0=0.3*span ipop=x2,ok,,cmaes,10,16,3459583071,1.1252052481070223,-545.374794751893,20000,20000,3.1986
BBOB_f20,CMA-ES/IPOP sigma0=0.3*span ipop=x2,ok,,cmaes,10,17,3793643502,0.9278025785549744,-545.572197421445,20000,20000,3.4445
BBOB_f20,CMA-ES/IPOP sigma0=0.3*span ipop=x2,ok,,cmaes,10,18,2992239372,1.2041722924750502,-545.295827707525,20000,20000,2.6356
BBOB_f20,CMA-ES/IPOP sigma0=0.3*span ipop=x2,ok,,cmaes,10,19,4276278084,1.0462409131695267,-545.4537590868305,20000,20000,2.9467
BBOB_f20,CMA-ES/IPOP sigma0=0.3*span ipop=x2,ok,,cmaes,10,20,4167558868,0.9080326772391345,-545.5919673227609,20000,20000,2.6321
BBOB_f20,CMA-ES/IPOP sigma0=0.3*span ipop=x2,ok,,cmaes,10,21,2770826973,1.2436435827215746,-545.2563564172784,20000,20000,2.6818
BBOB_f20,CMA-ES/IPOP sigma0=0.3*span ipop=x2,ok,,cmaes,10,22,1168912630,1.5003708847484631,-544.9996291152515,20000,20000,3.01
BBOB_f20,CMA-ES/IPOP sigma0=0.3*span ipop=x2,ok,,cmaes,10,23,4173826626,1.046229766136662,-545.4537702338633,20000,20000,2.5928
BBOB_f20,CMA-ES/IPOP sigma0=0.3*span ipop=x2,ok,,cmaes,10,24,2950084575,1.3620707703032622,-545.1379292296967,20000,20000,2.4726
BBOB_f20,CMA-ES/IPOP sigma0=0.3*span ipop=x2,ok,,cmaes,10,25,3906533847,1.0857010563830727,-545.4142989436169,20000,20000,2.8286
BBOB_f20,CMA-ES/IPOP sigma0=0.3*span ipop=x2,ok,,cmaes,10,26,559281320,0.4540163386201357,-546.0459836613799,20000,20000,2.6183
BBOB_f20,CMA-ES/IPOP sigma0=0.3*span ipop=x2,ok,,cmaes,10,27,3194819950,1.0067340120154995,-545.4932659879845,20000,20000,2.4629
BBOB_f20,CMA-ES/IPOP sigma0=0.3*span ipop=x2,ok,,cmaes,10,28,3981500502,1.105435346791296,-545.3945646532087,20000,20000,2.7007
BBOB_f20,CMA-ES/IPOP sigma0=0.3*span ipop=x2,ok,,cmaes,10,29,1802666777,1.1251723466299381,-545.3748276533701,20000,20000,2.4109
BBOB_f20,DE/rand/1/bin F=0.5 CR=0.9 NP=50,ok,,de,10,0,1851000067,1.83113617460333,-544.6688638253967,20000,20000,1.396
BBOB_f20,DE/rand/1/bin F=0.5 CR=0.9 NP=50,ok,,de,10,1,2915733851,1.9895221926543627,-544.5104778073456,20000,20000,1.2962
BBOB_f20,DE/rand/1/bin F=0.5 CR=0.9 NP=50,ok,,de,10,2,164793634,1.5357958678646355,-544.9642041321354,20000,20000,1.4039
BBOB_f20,DE/rand/1/bin F=0.5 CR=0.9 NP=50,ok,,de,10,3,4289823244,1.7513714646506742,-544.7486285353493,20000,20000,1.498
BBOB_f20,DE/rand/1/bin F=0.5 CR=0.9 NP=50,ok,,de,10,4,2339137259,1.27930522884526,-545.2206947711547,20000,20000,1.3925
BBOB_f20,DE/rand/1/bin F=0.5 CR=0.9 NP=50,ok,,de,10,5,2131035244,1.7655274065980393,-544.734472593402,20000,20000,1.5189
BBOB_f20,DE/rand/1/bin F=0.5 CR=0.9 NP=50,ok,,de,10,6,2838848041,1.9922686036707091,-544.5077313963293,20000,20000,1.5036
BBOB_f20,DE/rand/1/bin F=0.5 CR=0.9 NP=50,ok,,de,10,7,3944110653,1.5196230073270272,-544.980376992673,20000,20000,1.6624
BBOB_f20,DE/rand/1/bin F=0.5 CR=0.9 NP=50,ok,,de,10,8,3645179526,1.6527930502252275,-544.8472069497748,20000,20000,1.7736
BBOB_f20,DE/rand/1/bin F=0.5 CR=0.9 NP=50,ok,,de,10,9,1435190460,1.4364234826341544,-545.0635765173658,20000,20000,1.6448
BBOB_f20,DE/rand/1/bin F=0.5 CR=0.9 NP=50,ok,,de,10,10,2399461576,1.881165518844341,-544.6188344811557,20000,20000,1.6123
BBOB_f20,DE/rand/1/bin F=0.5 CR=0.9 NP=50,ok,,de,10,11,880254035,1.351611921253152,-545.1483880787468,20000,20000,1.6908
BBOB_f20,DE/rand/1/bin F=0.5 CR=0.9 NP=50,ok,,de,10,12,3883428335,1.862315944655279,-544.6376840553447,20000,20000,1.5632
BBOB_f20,DE/rand/1/bin F=0.5 CR=0.9 NP=50,ok,,de,10,13,2460940880,1.9197621162229552,-544.580237883777,20000,20000,1.5736
BBOB_f20,DE/rand/1/bin F=0.5 CR=0.9 NP=50,ok,,de,10,14,1875726130,1.4173923579778602,-545.0826076420221,20000,20000,1.4287
BBOB_f20,DE/rand/1/bin F=0.5 CR=0.9 NP=50,ok,,de,10,15,1697459109,2.126837952325104,-544.3731620476749,20000,20000,1.3625
BBOB_f20,DE/rand/1/bin F=0.5 CR=0.9 NP=50,ok,,de,10,16,1909996646,1.302493867985163,-545.1975061320148,20000,20000,1.4327
BBOB_f20,DE/rand/1/bin F=0.5 CR=0.9 NP=50,ok,,de,10,17,2771777053,1.7134061371067446,-544.7865938628933,20000,20000,1.2357
BBOB_f20,DE/rand/1/bin F=0.5 CR=0.9 NP=50,ok,,de,10,18,4190627710,1.7753643442855491,-544.7246356557145,20000,20000,1.654
BBOB_f20,DE/rand/1/bin F=0.5 CR=0.9 NP=50,ok,,de,10,19,2532295286,1.6179514634218322,-544.8820485365782,20000,20000,1.4182
BBOB_f20,DE/rand/1/bin F=0.5 CR=0.9 NP=50,ok,,de,10,20,999848753,1.7851732072223285,-544.7148267927777,20000,20000,1.4256
BBOB_f20,DE/rand/1/bin F=0.5 CR=0.9 NP=50,ok,,de,10,21,1127376278,0.48461408216655855,-546.0153859178334,20000,20000,1.4048
BBOB_f20,DE/rand/1/bin F=0.5 CR=0.9 NP=50,ok,,de,10,22,3435198773,1.9906512865618424,-544.5093487134382,20000,20000,1.2843
BBOB_f20,DE/rand/1/bin F=0.5 CR=0.9 NP=50,ok,,de,10,23,2658959836,1.583719932859026,-544.916280067141,20000,20000,1.2761
BBOB_f20,DE/rand/1/bin F=0.5 CR=0.9 NP=50,ok,,de,10,24,2936975386,0.716251086039847,-545.7837489139602,20000,20000,1.1636
BBOB_f20,DE/rand/1/bin F=0.5 CR=0.9 NP=50,ok,,de,10,25,1592857427,1.294544217788939,-545.2054557822111,20000,20000,1.208
BBOB_f20,DE/rand/1/bin F=0.5 CR=0.9 NP=50,ok,,de,10,26,2666805710,1.6226883246896477,-544.8773116753104,20000,20000,1.2508
BBOB_f20,DE/rand/1/bin F=0.5 CR=0.9 NP=50,ok,,de,10,27,765482830,1.1045769962707936,-545.3954230037292,20000,20000,1.2705
BBOB_f20,DE/rand/1/bin F=0.5 CR=0.9 NP=50,ok,,de,10,28,3679692422,1.8614315622293134,-544.6385684377707,20000,20000,1.2754
BBOB_f20,DE/rand/1/bin F=0.5 CR=0.9 NP=50,ok,,de,10,29,2280327124,1.60571922097256,-544.8942807790274,20000,20000,1.2727
BBOB_f20,GA/SBX NP=50 pc=0.9 eta_c=20.0 eta_m=20.0,ok,,ga,10,0,4101620625,0.71492278632536,-545.7850772136746,20000,20000,0.8825
BBOB_f20,GA/SBX NP=50 pc=0.9 eta_c=20.0 eta_m=20.0,ok,,ga,10,1,1465252522,0.778684612112329,-545.7213153878877,20000,20000,0.8913
BBOB_f20,GA/SBX NP=50 pc=0.9 eta_c=20.0 eta_m=20.0,ok,,ga,10,2,3937241462,1.0191079088781407,-545.4808920911219,20000,20000,0.9139
BBOB_f20,GA/SBX NP=50 pc=0.9 eta_c=20.0 eta_m=20.0,ok,,ga,10,3,660136724,0.6175401655718815,-545.8824598344281,20000,20000,0.8726
BBOB_f20,GA/SBX NP=50 pc=0.9 eta_c=20.0 eta_m=20.0,ok,,ga,10,4,1510461028,1.0562574565398108,-545.4437425434602,20000,20000,0.9186
BBOB_f20,GA/SBX NP=50 pc=0.9 eta_c=20.0 eta_m=20.0,ok,,ga,10,5,961273702,0.8299447818568524,-545.6700552181431,20000,20000,0.9263
BBOB_f20,GA/SBX NP=50 pc=0.9 eta_c=20.0 eta_m=20.0,ok,,ga,10,6,3426302480,0.753571656286681,-545.7464283437133,20000,20000,0.9294
BBOB_f20,GA/SBX NP=50 pc=0.9 eta_c=20.0 eta_m=20.0,ok,,ga,10,7,3766483827,0.7156523719258985,-545.7843476280741,20000,20000,1.0125
BBOB_f20,GA/SBX NP=50 pc=0.9 eta_c=20.0 eta_m=20.0,ok,,ga,10,8,4004598424,0.6972663477715741,-545.8027336522284,20000,20000,1.2045
BBOB_f20,GA/SBX NP=50 pc=0.9 eta_c=20.0 eta_m=20.0,ok,,ga,10,9,4243760437,0.6516174561971866,-545.8483825438028,20000,20000,1.3007
BBOB_f20,GA/SBX NP=50 pc=0.9 eta_c=20.0 eta_m=20.0,ok,,ga,10,10,2228585749,0.9087273825141438,-545.5912726174859,20000,20000,1.2852
BBOB_f20,GA/SBX NP=50 pc=0.9 eta_c=20.0 eta_m=20.0,ok,,ga,10,11,833005095,0.6630428216518567,-545.8369571783481,20000,20000,1.2141
BBOB_f20,GA/SBX NP=50 pc=0.9 eta_c=20.0 eta_m=20.0,ok,,ga,10,12,2633225346,0.4763796406386973,-546.0236203593613,20000,20000,1.2742
BBOB_f20,GA/SBX NP=50 pc=0.9 eta_c=20.0 eta_m=20.0,ok,,ga,10,13,2682919965,0.2396627299077636,-546.2603372700922,20000,20000,1.3308
BBOB_f20,GA/SBX NP=50 pc=0.9 eta_c=20.0 eta_m=20.0,ok,,ga,10,14,4265094307,0.3577757243421047,-546.1422242756579,20000,20000,1.236
BBOB_f20,GA/SBX NP=50 pc=0.9 eta_c=20.0 eta_m=20.0,ok,,ga,10,15,1668665863,0.9340998934886784,-545.5659001065113,20000,20000,1.3051
BBOB_f20,GA/SBX NP=50 pc=0.9 eta_c=20.0 eta_m=20.0,ok,,ga,10,16,196306300,0.3559064694618428,-546.1440935305382,20000,20000,0.8522
BBOB_f20,GA/SBX NP=50 pc=0.9 eta_c=20.0 eta_m=20.0,ok,,ga,10,17,1016691113,0.5729291365577183,-545.9270708634423,20000,20000,1.0911
BBOB_f20,GA/SBX NP=50 pc=0.9 eta_c=20.0 eta_m=20.0,ok,,ga,10,18,579122046,0.7112484590303438,-545.7887515409697,20000,20000,1.0671
BBOB_f20,GA/SBX NP=50 pc=0.9 eta_c=20.0 eta_m=20.0,ok,,ga,10,19,3181522528,0.6914193694150299,-545.808580630585,20000,20000,1.0504
BBOB_f20,GA/SBX NP=50 pc=0.9 eta_c=20.0 eta_m=20.0,ok,,ga,10,20,2108980717,1.0077781052491446,-545.4922218947509,20000,20000,1.0414
BBOB_f20,GA/SBX NP=50 pc=0.9 eta_c=20.0 eta_m=20.0,ok,,ga,10,21,2867589006,0.3561169581178092,-546.1438830418822,20000,20000,1.0773
BBOB_f20,GA/SBX NP=50 pc=0.9 eta_c=20.0 eta_m=20.0,ok,,ga,10,22,998997543,0.41534086324463715,-546.0846591367554,20000,20000,0.9934
BBOB_f20,GA/SBX NP=50 pc=0.9 eta_c=20.0 eta_m=20.0,ok,,ga,10,23,1557324670,0.7562249837133095,-545.7437750162867,20000,20000,1.079
BBOB_f20,GA/SBX NP=50 pc=0.9 eta_c=20.0 eta_m=20.0,ok,,ga,10,24,2836511226,0.844931510357128,-545.6550684896429,20000,20000,1.265
BBOB_f20,GA/SBX NP=50 pc=0.9 eta_c=20.0 eta_m=20.0,ok,,ga,10,25,1818259,0.7108860158422203,-545.7891139841578,20000,20000,1.2387
BBOB_f20,GA/SBX NP=50 pc=0.9 eta_c=20.0 eta_m=20.0,ok,,ga,10,26,3473524580,0.591644423851676,-545.9083555761483,20000,20000,1.1997
BBOB_f20,GA/SBX NP=50 pc=0.9 eta_c=20.0 eta_m=20.0,ok,,ga,10,27,1727985418,0.593514981950193,-545.9064850180498,20000,20000,1.1972
BBOB_f20,GA/SBX NP=50 pc=0.9 eta_c=20.0 eta_m=20.0,ok,,ga,10,28,864850248,0.592396400229859,-545.9076035997701,20000,20000,1.266
BBOB_f20,GA/SBX NP=50 pc=0.9 eta_c=20.0 eta_m=20.0,ok,,ga,10,29,2837890961,0.4545736508615619,-546.0454263491384,20000,20000,1.1294
BBOB_f20,PSO/constriction N=40 c1=2.05 c2=2.05 chi=0.7298,ok,,pso,10,0,220545914,0.6711560080100298,-545.82884399199,20000,20000,0.156
BBOB_f20,PSO/constriction N=40 c1=2.05 c2=2.05 chi=0.7298,ok,,pso,10,1,857990064,1.0067340120150448,-545.493265987985,20000,20000,0.1558
BBOB_f20,PSO/constriction N=40 c1=2.05 c2=2.05 chi=0.7298,ok,,pso,10,2,3955015378,0.9475395783931617,-545.5524604216068,20000,20000,0.1623
BBOB_f20,PSO/constriction N=40 c1=2.05 c2=2.05 chi=0.7298,ok,,pso,10,3,195059559,1.0067696229228886,-545.4932303770771,20000,20000,0.1645
BBOB_f20,PSO/constriction N=40 c1=2.05 c2=2.05 chi=0.7298,ok,,pso,10,4,559259038,1.0659667659748493,-545.4340332340252,20000,20000,0.1788
BBOB_f20,PSO/constriction N=40 c1=2.05 c2=2.05 chi=0.7298,ok,,pso,10,5,2802861777,1.006736721445236,-545.4932632785548,20000,20000,0.1538
BBOB_f20,PSO/constriction N=40 c1=2.05 c2=2.05 chi=0.7298,ok,,pso,10,6,3357314717,0.572463994267423,-545.9275360057326,20000,20000,0.1515
BBOB_f20,PSO/constriction N=40 c1=2.05 c2=2.05 chi=0.7298,ok,,pso,10,7,1185615541,1.3226106270894888,-545.1773893729105,20000,20000,0.1572
BBOB_f20,PSO/constriction N=40 c1=2.05 c2=2.05 chi=0.7298,ok,,pso,10,8,1750158609,0.7501230523780578,-545.7498769476219,20000,20000,0.1746
BBOB_f20,PSO/constriction N=40 c1=2.05 c2=2.05 chi=0.7298,ok,,pso,10,9,32694002,0.8882983868306837,-545.6117016131693,20000,20000,0.1617
BBOB_f20,PSO/constriction N=40 c1=2.05 c2=2.05 chi=0.7298,ok,,pso,10,10,435491346,1.4806009834323959,-545.0193990165676,20000,20000,0.1918
BBOB_f20,PSO/constriction N=40 c1=2.05 c2=2.05 chi=0.7298,ok,,pso,10,11,1776667055,0.7698929536938977,-545.7301070463061,20000,20000,0.2026
BBOB_f20,PSO/constriction N=40 c1=2.05 c2=2.05 chi=0.7298,ok,,pso,10,12,1889603044,0.7698600522163588,-545.7301399477836,20000,20000,0.2023
BBOB_f20,PSO/constriction N=40 c1=2.05 c2=2.05 chi=0.7298,ok,,pso,10,13,3241841981,0.8685613869924964,-545.6314386130075,20000,20000,0.2945
BBOB_f20,PSO/constriction N=40 c1=2.05 c2=2.05 chi=0.7298,ok,,pso,10,14,1209141761,1.3028874837140165,-545.197112516286,20000,20000,0.2622
BBOB_f20,PSO/constriction N=40 c1=2.05 c2=2.05 chi=0.7298,ok,,pso,10,15,812339830,1.2436462921516522,-545.2563537078483,20000,20000,0.2371
BBOB_f20,PSO/constriction N=40 c1=2.05 c2=2.05 chi=0.7298,ok,,pso,10,16,2887466907,1.4805229613805295,-545.0194770386195,20000,20000,0.2074
BBOB_f20,PSO/constriction N=40 c1=2.05 c2=2.05 chi=0.7298,ok,,pso,10,17,2087497302,1.0462409131692993,-545.4537590868307,20000,20000,0.1551
BBOB_f20,PSO/constriction N=40 c1=2.05 c2=2.05 chi=0.7298,ok,,pso,10,18,3558112013,1.164668100750987,-545.335331899249,20000,20000,0.139
BBOB_f20,PSO/constriction N=40 c1=2.05 c2=2.05 chi=0.7298,ok,,pso,10,19,4151492769,1.5397530059101427,-544.9602469940899,20000,20000,0.1444
BBOB_f20,PSO/constriction N=40 c1=2.05 c2=2.05 chi=0.7298,ok,,pso,10,20,4265531327,0.7106637193093093,-545.7893362806907,20000,20000,0.1374
BBOB_f20,PSO/constriction N=40 c1=2.05 c2=2.05 chi=0.7298,ok,,pso,10,21,616868816,1.2436351451189012,-545.2563648548811,20000,20000,0.135
BBOB_f20,PSO/constriction N=40 c1=2.05 c2=2.05 chi=0.7298,ok,,pso,10,22,1530443606,0.8685613873723241,-545.6314386126277,20000,20000,0.1359
BBOB_f20,PSO/constriction N=40 c1=2.05 c2=2.05 chi=0.7298,ok,,pso,10,23,1931946740,0.788211222167206,-545.7117887778328,20000,20000,0.1376
BBOB_f20,PSO/constriction N=40 c1=2.05 c2=2.05 chi=0.7298,ok,,pso,10,24,3006787644,0.8488243871541954,-545.6511756128458,20000,20000,0.1361
BBOB_f20,PSO/constriction N=40 c1=2.05 c2=2.05 chi=0.7298,ok,,pso,10,25,1780245468,0.8093646442092677,-545.6906353557907,20000,20000,0.139
BBOB_f20,PSO/constriction N=40 c1=2.05 c2=2.05 chi=0.7298,ok,,pso,10,26,2459181974,0.4737533384577546,-546.0262466615422,20000,20000,0.1273
BBOB_f20,PSO/constriction N=40 c1=2.05 c2=2.05 chi=0.7298,ok,,pso,10,27,981921147,0.8291012437788368,-545.6708987562212,20000,20000,0.1449
BBOB_f20,PSO/constriction N=40 c1=2.05 c2=2.05 chi=0.7298,ok,,pso,10,28,2940844746,1.084317936010052,-545.41568206399,20000,20000,0.1338
BBOB_f20,PSO/constriction N=40 c1=2.05 c2=2.05 chi=0.7298,ok,,pso,10,29,2250584468,0.9080326772390208,-545.591967322761,20000,20000,0.1375
BBOB_f20,RandomSearch,ok,,random,10,0,1643947460,201.3386520638927,-345.1613479361073,20000,20000,0.5187
BBOB_f20,RandomSearch,ok,,random,10,1,525297740,4.751913816227329,-541.7480861837727,20000,20000,0.5329
BBOB_f20,RandomSearch,ok,,random,10,2,4284006963,368.8738850401724,-177.6261149598276,20000,20000,0.6116
BBOB_f20,RandomSearch,ok,,random,10,3,1867006729,159.3457777031265,-387.1542222968735,20000,20000,0.8364
BBOB_f20,RandomSearch,ok,,random,10,4,2025674156,276.8109038058773,-269.6890961941227,20000,20000,1.2006
BBOB_f20,RandomSearch,ok,,random,10,5,2469363789,135.51972593466542,-410.9802740653346,20000,20000,1.1939
BBOB_f20,RandomSearch,ok,,random,10,6,1538706628,207.71440418564907,-338.7855958143509,20000,20000,0.953
BBOB_f20,RandomSearch,ok,,random,10,7,2996483385,80.1496782200287,-466.3503217799713,20000,20000,0.5351
BBOB_f20,RandomSearch,ok,,random,10,8,4057273080,63.40090396930384,-483.09909603069616,20000,20000,0.4881
BBOB_f20,RandomSearch,ok,,random,10,9,4048004210,114.56982720924407,-431.93017279075593,20000,20000,0.4568
BBOB_f20,RandomSearch,ok,,random,10,10,3035902208,106.31950645218694,-440.18049354781306,20000,20000,0.4291
BBOB_f20,RandomSearch,ok,,random,10,11,2653507708,514.5874466152461,-31.912553384753892,20000,20000,0.4035
BBOB_f20,RandomSearch,ok,,random,10,12,1804587680,120.38387473637641,-426.1161252636236,20000,20000,0.4028
BBOB_f20,RandomSearch,ok,,random,10,13,2576736914,670.6541521551118,124.15415215511177,20000,20000,0.4129
BBOB_f20,RandomSearch,ok,,random,10,14,498285581,171.36619586179165,-375.13380413820835,20000,20000,0.4039
BBOB_f20,RandomSearch,ok,,random,10,15,3727872409,183.4564214678977,-363.0435785321023,20000,20000,0.4064
BBOB_f20,RandomSearch,ok,,random,10,16,2802383896,8.446728353701246,-538.0532716462988,20000,20000,0.4095
BBOB_f20,RandomSearch,ok,,random,10,17,4051106321,33.90810249335209,-512.5918975066479,20000,20000,0.3878
BBOB_f20,RandomSearch,ok,,random,10,18,3792564130,146.8471888747281,-399.6528111252719,20000,20000,0.399
BBOB_f20,RandomSearch,ok,,random,10,19,4145435882,99.93108242931817,-446.56891757068183,20000,20000,0.3632
BBOB_f20,RandomSearch,ok,,random,10,20,3349898443,273.7289561775326,-272.7710438224674,20000,20000,0.3764
BBOB_f20,RandomSearch,ok,,random,10,21,3866895079,543.1032536733036,-3.396746326696416,20000,20000,0.372
BBOB_f20,RandomSearch,ok,,random,10,22,1894176186,239.79771301301423,-306.70228698698577,20000,20000,0.3738
BBOB_f20,RandomSearch,ok,,random,10,23,3423193677,412.53375223815345,-133.96624776184655,20000,20000,0.3936
BBOB_f20,RandomSearch,ok,,random,10,24,4073898278,409.2316540127582,-137.2683459872418,20000,20000,0.3882
BBOB_f20,RandomSearch,ok,,random,10,25,18953960,168.73529152391382,-377.7647084760862,20000,20000,0.3806
BBOB_f20,RandomSearch,ok,,random,10,26,2030127347,1214.818326429927,668.3183264299271,20000,20000,0.4165
BBOB_f20,RandomSearch,ok,,random,10,27,3949948341,213.17671423803654,-333.32328576196346,20000,20000,0.4125
BBOB_f20,RandomSearch,ok,,random,10,28,3521644577,163.96934313304234,-382.53065686695766,20000,20000,0.416
BBOB_f20,RandomSearch,ok,,random,10,29,3178735913,111.44924245120148,-435.0507575487985,20000,20000,0.4362
BBOB_f21,CMA-ES/IPOP sigma0=0.3*span ipop=x2,ok,,cmaes,10,0,2936733031,1.2455981757423444,42.025598175742346,20000,20000,2.0412
BBOB_f21,CMA-ES/IPOP sigma0=0.3*span ipop=x2,ok,,cmaes,10,1,1637920499,1.2452555353044232,42.025255535304424,20000,20000,2.0759
BBOB_f21,CMA-ES/IPOP sigma0=0.3*span ipop=x2,ok,,cmaes,10,2,2658767962,0.936352401934812,41.71635240193481,20000,20000,2.0047
BBOB_f21,CMA-ES/IPOP sigma0=0.3*span ipop=x2,ok,,cmaes,10,3,2619786597,1.2848383562973282,42.06483835629733,20000,20000,2.1046
BBOB_f21,CMA-ES/IPOP sigma0=0.3*span ipop=x2,ok,,cmaes,10,4,3557097852,0.0,40.78,20000,20000,2.2155
BBOB_f21,CMA-ES/IPOP sigma0=0.3*span ipop=x2,ok,,cmaes,10,5,401371633,1.2452555353042953,42.0252555353043,20000,20000,2.0483
BBOB_f21,CMA-ES/IPOP sigma0=0.3*span ipop=x2,ok,,cmaes,10,6,2467468244,0.0,40.78,20000,20000,2.1373
BBOB_f21,CMA-ES/IPOP sigma0=0.3*span ipop=x2,ok,,cmaes,10,7,2648434061,0.9299973892540194,41.70999738925402,20000,20000,2.168
BBOB_f21,CMA-ES/IPOP sigma0=0.3*span ipop=x2,ok,,cmaes,10,8,2082739927,0.0,40.78,20000,20000,2.1817
BBOB_f21,CMA-ES/IPOP sigma0=0.3*span ipop=x2,ok,,cmaes,10,9,2514641991,0.9347741278558956,41.7147741278559,20000,20000,2.1611
BBOB_f21,CMA-ES/IPOP sigma0=0.3*span ipop=x2,ok,,cmaes,10,10,1899503911,2.1316282072803006e-14,40.78000000000002,20000,20000,2.0965
BBOB_f21,CMA-ES/IPOP sigma0=0.3*span ipop=x2,ok,,cmaes,10,11,1061216869,0.9299973892540407,41.70999738925404,20000,20000,2.6284
BBOB_f21,CMA-ES/IPOP sigma0=0.3*span ipop=x2,ok,,cmaes,10,12,3367652548,0.0,40.78,20000,20000,2.2767
BBOB_f21,CMA-ES/IPOP sigma0=0.3*span ipop=x2,ok,,cmaes,10,13,3329699859,0.0,40.78,20000,20000,3.0401
BBOB_f21,CMA-ES/IPOP sigma0=0.3*span ipop=x2,ok,,cmaes,10,14,3891940024,1.2452555353043238,42.025255535304325,20000,20000,2.3655
BBOB_f21,CMA-ES/IPOP sigma0=0.3*span ipop=x2,ok,,cmaes,10,15,1618391227,1.2452555353043024,42.025255535304304,20000,20000,2.8953
BBOB_f21,CMA-ES/IPOP sigma0=0.3*span ipop=x2,ok,,cmaes,10,16,307175512,0.9299973892540478,41.70999738925405,20000,20000,3.9252
BBOB_f21,CMA-ES/IPOP sigma0=0.3*span ipop=x2,ok,,cmaes,10,17,3808090158,1.2452555353044872,42.02525553530449,20000,20000,4.2482
BBOB_f21,CMA-ES/IPOP sigma0=0.3*span ipop=x2,ok,,cmaes,10,18,2916467505,0.929997389253792,41.70999738925379,20000,20000,3.9972
BBOB_f21,CMA-ES/IPOP sigma0=0.3*span ipop=x2,ok,,cmaes,10,19,1377486222,1.2640243198802636e-06,40.78000126402432,20000,20000,4.0115
BBOB_f21,CMA-ES/IPOP sigma0=0.3*span ipop=x2,ok,,cmaes,10,20,1060068073,0.929997389253792,41.70999738925379,20000,20000,4.1948
BBOB_f21,CMA-ES/IPOP sigma0=0.3*span ipop=x2,ok,,cmaes,10,21,281474684,1.2452555353042953,42.0252555353043,20000,20000,3.9088
BBOB_f21,CMA-ES/IPOP sigma0=0.3*span ipop=x2,ok,,cmaes,10,22,2088871178,4.701377065430279e-09,40.78000000470138,20000,20000,3.3798
BBOB_f21,CMA-ES/IPOP sigma0=0.3*span ipop=x2,ok,,cmaes,10,23,2525431777,1.2452555353043095,42.02525553530431,20000,20000,3.8822
BBOB_f21,CMA-ES/IPOP sigma0=0.3*span ipop=x2,ok,,cmaes,10,24,213892449,7.105427357601002e-15,40.78000000000001,20000,20000,2.102
BBOB_f21,CMA-ES/IPOP sigma0=0.3*span ipop=x2,ok,,cmaes,10,25,1620587487,0.0,40.78,20000,20000,2.2011
BBOB_f21,CMA-ES/IPOP sigma0=0.3*span ipop=x2,ok,,cmaes,10,26,2198529417,0.9299973892540478,41.70999738925405,20000,20000,2.2641
BBOB_f21,CMA-ES/IPOP sigma0=0.3*span ipop=x2,ok,,cmaes,10,27,4265463107,0.9299973892537707,41.70999738925377,20000,20000,2.1849
BBOB_f21,CMA-ES/IPOP sigma0=0.3*span ipop=x2,ok,,cmaes,10,28,1774859098,0.9299973892537707,41.70999738925377,20000,20000,2.3012
BBOB_f21,CMA-ES/IPOP sigma0=0.3*span ipop=x2,ok,,cmaes,10,29,142624227,1.2452555353043024,42.025255535304304,20000,20000,2.3443
BBOB_f21,DE/rand/1/bin F=0.5 CR=0.9 NP=50,ok,,de,10,0,3476885891,0.9299973892537565,41.70999738925376,20000,20000,1.1676
BBOB_f21,DE/rand/1/bin F=0.5 CR=0.9 NP=50,ok,,de,10,1,2475246438,3.637835367632505,44.417835367632506,20000,20000,1.1985
BBOB_f21,DE/rand/1/bin F=0.5 CR=0.9 NP=50,ok,,de,10,2,2322790240,2.7779884071349414,43.55798840713494,20000,20000,1.2248
BBOB_f21,DE/rand/1/bin F=0.5 CR=0.9 NP=50,ok,,de,10,3,2529374511,0.0,40.78,20000,20000,1.2119
BBOB_f21,DE/rand/1/bin F=0.5 CR=0.9 NP=50,ok,,de,10,4,1550697962,0.9299973892537565,41.70999738925376,20000,20000,1.2171
BBOB_f21,DE/rand/1/bin F=0.5 CR=0.9 NP=50,ok,,de,10,5,2240886322,0.9299973892537565,41.70999738925376,20000,20000,1.2276
BBOB_f21,DE/rand/1/bin F=0.5 CR=0.9 NP=50,ok,,de,10,6,1359109747,1.2452555353042882,42.02525553530429,20000,20000,1.1613
BBOB_f21,DE/rand/1/bin F=0.5 CR=0.9 NP=50,ok,,de,10,7,226069177,1.2452555353042882,42.02525553530429,20000,20000,1.1994
BBOB_f21,DE/rand/1/bin F=0.5 CR=0.9 NP=50,ok,,de,10,8,658073869,1.2452555353042882,42.02525553530429,20000,20000,1.135
BBOB_f21,DE/rand/1/bin F=0.5 CR=0.9 NP=50,ok,,de,10,9,3732838463,0.9299973892537565,41.70999738925376,20000,20000,1.1721
BBOB_f21,DE/rand/1/bin F=0.5 CR=0.9 NP=50,ok,,de,10,10,708602404,2.7779884071349414,43.55798840713494,20000,20000,1.2104
BBOB_f21,DE/rand/1/bin F=0.5 CR=0.9 NP=50,ok,,de,10,11,742796089,1.2452555353042882,42.02525553530429,20000,20000,1.307
BBOB_f21,DE/rand/1/bin F=0.5 CR=0.9 NP=50,ok,,de,10,12,1087522248,2.7779884071349414,43.55798840713494,20000,20000,1.2051
BBOB_f21,DE/rand/1/bin F=0.5 CR=0.9 NP=50,ok,,de,10,13,4199247300,2.472973858406803,43.252973858406804,20000,20000,1.135
BBOB_f21,DE/rand/1/bin F=0.5 CR=0.9 NP=50,ok,,de,10,14,3808226510,2.7779884071349414,43.55798840713494,20000,20000,1.1661
BBOB_f21,DE/rand/1/bin F=0.5 CR=0.9 NP=50,ok,,de,10,15,2882302852,2.118634928020235,42.898634928020236,20000,20000,1.1911
BBOB_f21,DE/rand/1/bin F=0.5 CR=0.9 NP=50,ok,,de,10,16,3587523385,1.2452555353042882,42.02525553530429,20000,20000,1.2217
BBOB_f21,DE/rand/1/bin F=0.5 CR=0.9 NP=50,ok,,de,10,17,814811626,5.78119737174837,46.56119737174837,20000,20000,1.3419
BBOB_f21,DE/rand/1/bin F=0.5 CR=0.9 NP=50,ok,,de,10,18,3601829561,1.2452555353042882,42.02525553530429,20000,20000,1.2908
BBOB_f21,DE/rand/1/bin F=0.5 CR=0.9 NP=50,ok,,de,10,19,2337877037,1.2452555353042882,42.02525553530429,20000,20000,1.2771
BBOB_f21,DE/rand/1/bin F=0.5 CR=0.9 NP=50,ok,,de,10,20,3536548616,6.2493150157696675,47.02931501576967,20000,20000,1.2957
BBOB_f21,DE/rand/1/bin F=0.5 CR=0.9 NP=50,ok,,de,10,21,1636324893,2.472973858406803,43.252973858406804,20000,20000,1.2573
BBOB_f21,DE/rand/1/bin F=0.5 CR=0.9 NP=50,ok,,de,10,22,2952291435,2.118634928020235,42.898634928020236,20000,20000,1.2299
BBOB_f21,DE/rand/1/bin F=0.5 CR=0.9 NP=50,ok,,de,10,23,50100053,1.2452555353042882,42.02525553530429,20000,20000,1.2983
BBOB_f21,DE/rand/1/bin F=0.5 CR=0.9 NP=50,ok,,de,10,24,2340052813,0.9299973892537636,41.709997389253765,20000,20000,1.3137
BBOB_f21,DE/rand/1/bin F=0.5 CR=0.9 NP=50,ok,,de,10,25,2860825368,1.2452555353042882,42.02525553530429,20000,20000,1.2767
BBOB_f21,DE/rand/1/bin F=0.5 CR=0.9 NP=50,ok,,de,10,26,3174752897,0.9299973892537565,41.70999738925376,20000,20000,1.2216
BBOB_f21,DE/rand/1/bin F=0.5 CR=0.9 NP=50,ok,,de,10,27,777154441,1.2452555353042882,42.02525553530429,20000,20000,1.2135
BBOB_f21,DE/rand/1/bin F=0.5 CR=0.9 NP=50,ok,,de,10,28,638841210,2.118634928020235,42.898634928020236,20000,20000,1.2137
BBOB_f21,DE/rand/1/bin F=0.5 CR=0.9 NP=50,ok,,de,10,29,3138544010,1.2452555353042882,42.02525553530429,20000,20000,1.2621
BBOB_f21,GA/SBX NP=50 pc=0.9 eta_c=20.0 eta_m=20.0,ok,,ga,10,0,3121599150,2.2937649879309774,43.07376498793098,20000,20000,0.9207
BBOB_f21,GA/SBX NP=50 pc=0.9 eta_c=20.0 eta_m=20.0,ok,,ga,10,1,4156504975,8.179258628294669,48.95925862829467,20000,20000,0.8737
BBOB_f21,GA/SBX NP=50 pc=0.9 eta_c=20.0 eta_m=20.0,ok,,ga,10,2,1959401755,21.18570813950428,61.96570813950428,20000,20000,0.8992
BBOB_f21,GA/SBX NP=50 pc=0.9 eta_c=20.0 eta_m=20.0,ok,,ga,10,3,973008833,3.1698299915488874,43.94982999154889,20000,20000,0.9475
BBOB_f21,GA/SBX NP=50 pc=0.9 eta_c=20.0 eta_m=20.0,ok,,ga,10,4,196151750,23.20815440031552,63.98815440031552,20000,20000,0.9153
BBOB_f21,GA/SBX NP=50 pc=0.9 eta_c=20.0 eta_m=20.0,ok,,ga,10,5,2093385307,1.8030884600949975,42.583088460095,20000,20000,1.0419
BBOB_f21,GA/SBX NP=50 pc=0.9 eta_c=20.0 eta_m=20.0,ok,,ga,10,6,1763812055,16.40036494212039,57.18036494212039,20000,20000,0.8975
BBOB_f21,GA/SBX NP=50 pc=0.9 eta_c=20.0 eta_m=20.0,ok,,ga,10,7,4264364808,1.9994058880773267,42.77940588807733,20000,20000,0.9503
BBOB_f21,GA/SBX NP=50 pc=0.9 eta_c=20.0 eta_m=20.0,ok,,ga,10,8,3082509436,2.257647049971432,43.03764704997143,20000,20000,1.0274
BBOB_f21,GA/SBX NP=50 pc=0.9 eta_c=20.0 eta_m=20.0,ok,,ga,10,9,598992044,2.258632853602137,43.03863285360214,20000,20000,1.0864
BBOB_f21,GA/SBX NP=50 pc=0.9 eta_c=20.0 eta_m=20.0,ok,,ga,10,10,1342199595,1.4606594405108808e-06,40.78000146065944,20000,20000,1.1072
BBOB_f21,GA/SBX NP=50 pc=0.9 eta_c=20.0 eta_m=20.0,ok,,ga,10,11,1040815022,9.366146900442772,50.14614690044277,20000,20000,1.0851
BBOB_f21,GA/SBX NP=50 pc=0.9 eta_c=20.0 eta_m=20.0,ok,,ga,10,12,267916699,2.905817751752693e-06,40.78000290581775,20000,20000,1.1042
BBOB_f21,GA/SBX NP=50 pc=0.9 eta_c=20.0 eta_m=20.0,ok,,ga,10,13,726084760,12.854691205404485,53.634691205404486,20000,20000,1.1101
BBOB_f21,GA/SBX NP=50 pc=0.9 eta_c=20.0 eta_m=20.0,ok,,ga,10,14,3322101108,2.473030874937969,43.25303087493797,20000,20000,1.1027
BBOB_f21,GA/SBX NP=50 pc=0.9 eta_c=20.0 eta_m=20.0,ok,,ga,10,15,3748030910,0.6951488696858235,41.475148869685825,20000,20000,1.1121
BBOB_f21,GA/SBX NP=50 pc=0.9 eta_c=20.0 eta_m=20.0,ok,,ga,10,16,1561796767,2.046050623047009,42.82605062304701,20000,20000,0.8576
BBOB_f21,GA/SBX NP=50 pc=0.9 eta_c=20.0 eta_m=20.0,ok,,ga,10,17,4062301537,5.331088168247788e-06,40.78000533108817,20000,20000,1.0669
BBOB_f21,GA/SBX NP=50 pc=0.9 eta_c=20.0 eta_m=20.0,ok,,ga,10,18,435050612,8.426222941771883,49.206222941771884,20000,20000,0.8875
BBOB_f21,GA/SBX NP=50 pc=0.9 eta_c=20.0 eta_m=20.0,ok,,ga,10,19,2716152710,6.669020949891447,47.44902094989145,20000,20000,0.8942
BBOB_f21,GA/SBX NP=50 pc=0.9 eta_c=20.0 eta_m=20.0,ok,,ga,10,20,696184976,2.128678581352574,42.908678581352575,20000,20000,0.9668
BBOB_f21,GA/SBX NP=50 pc=0.9 eta_c=20.0 eta_m=20.0,ok,,ga,10,21,3208237395,2.357106744573329,43.13710674457333,20000,20000,0.903
BBOB_f21,GA/SBX NP=50 pc=0.9 eta_c=20.0 eta_m=20.0,ok,,ga,10,22,2887091796,4.2772062869289584e-07,40.78000042772063,20000,20000,1.0759
BBOB_f21,GA/SBX NP=50 pc=0.9 eta_c=20.0 eta_m=20.0,ok,,ga,10,23,666972668,3.169973611453152,43.94997361145315,20000,20000,1.018
BBOB_f21,GA/SBX NP=50 pc=0.9 eta_c=20.0 eta_m=20.0,ok,,ga,10,24,2624273490,8.444673729683991,49.22467372968399,20000,20000,0.9017
BBOB_f21,GA/SBX NP=50 pc=0.9 eta_c=20.0 eta_m=20.0,ok,,ga,10,25,427255908,5.78124061037002,46.56124061037002,20000,20000,0.9036
BBOB_f21,GA/SBX NP=50 pc=0.9 eta_c=20.0 eta_m=20.0,ok,,ga,10,26,3339664584,6.669842767857467,47.44984276785747,20000,20000,0.8913
BBOB_f21,GA/SBX NP=50 pc=0.9 eta_c=20.0 eta_m=20.0,ok,,ga,10,27,3779715465,4.097516708156945e-07,40.78000040975167,20000,20000,1.0218
BBOB_f21,GA/SBX NP=50 pc=0.9 eta_c=20.0 eta_m=20.0,ok,,ga,10,28,3736225440,5.71958715056553e-07,40.780000571958716,20000,20000,0.9775
BBOB_f21,GA/SBX NP=50 pc=0.9 eta_c=20.0 eta_m=20.0,ok,,ga,10,29,977323744,1.9994003133412335,42.779400313341235,20000,20000,0.897
BBOB_f21,PSO/constriction N=40 c1=2.05 c2=2.05 chi=0.7298,ok,,pso,10,0,628441327,0.11855302285344038,40.89855302285344,20000,20000,0.1968
BBOB_f21,PSO/constriction N=40 c1=2.05 c2=2.05 chi=0.7298,ok,,pso,10,1,1672799160,17.81406094005709,58.59406094005709,20000,20000,0.2161
BBOB_f21,PSO/constriction N=40 c1=2.05 c2=2.05 chi=0.7298,ok,,pso,10,2,3072689345,3.4765231254941114,44.25652312549411,20000,20000,0.2123
BBOB_f21,PSO/constriction N=40 c1=2.05 c2=2.05 chi=0.7298,ok,,pso,10,3,4285536216,2.1430067525538234,42.923006752553825,20000,20000,0.2314
BBOB_f21,PSO/constriction N=40 c1=2.05 c2=2.05 chi=0.7298,ok,,pso,10,4,1418192726,2.878810602172109,43.65881060217211,20000,20000,0.242
BBOB_f21,PSO/constriction N=40 c1=2.05 c2=2.05 chi=0.7298,ok,,pso,10,5,363624778,8.409022126545224,49.189022126545225,20000,20000,0.2269
BBOB_f21,PSO/constriction N=40 c1=2.05 c2=2.05 chi=0.7298,ok,,pso,10,6,3350122936,3.169805587296601,43.9498055872966,20000,20000,0.211
BBOB_f21,PSO/constriction N=40 c1=2.05 c2=2.05 chi=0.7298,ok,,pso,10,7,115246559,4.656099822841497,45.4360998228415,20000,20000,0.2148
BBOB_f21,PSO/constriction N=40 c1=2.05 c2=2.05 chi=0.7298,ok,,pso,10,8,761796994,3.73485782287689,44.51485782287689,20000,20000,0.2066
BBOB_f21,PSO/constriction N=40 c1=2.05 c2=2.05 chi=0.7298,ok,,pso,10,9,885613037,18.0570140186192,58.8370140186192,20000,20000,0.192
BBOB_f21,PSO/constriction N=40 c1=2.05 c2=2.05 chi=0.7298,ok,,pso,10,10,18844699,7.171915043158641,47.95191504315864,20000,20000,0.2001
BBOB_f21,PSO/constriction N=40 c1=2.05 c2=2.05 chi=0.7298,ok,,pso,10,11,1268723923,2.0308321408178074,42.81083214081781,20000,20000,0.2171
BBOB_f21,PSO/constriction N=40 c1=2.05 c2=2.05 chi=0.7298,ok,,pso,10,12,3780864268,6.997789999893499,47.7777899998935,20000,20000,0.2031
BBOB_f21,PSO/constriction N=40 c1=2.05 c2=2.05 chi=0.7298,ok,,pso,10,13,2109388473,0.11855302285344749,40.89855302285345,20000,20000,0.2074
BBOB_f21,PSO/constriction N=40 c1=2.05 c2=2.05 chi=0.7298,ok,,pso,10,14,877270752,1.999384882869471,42.77938488286947,20000,20000,0.2071
BBOB_f21,PSO/constriction N=40 c1=2.05 c2=2.05 chi=0.7298,ok,,pso,10,15,1835147908,11.564323106627668,52.34432310662767,20000,20000,0.2044
BBOB_f21,PSO/constriction N=40 c1=2.05 c2=2.05 chi=0.7298,ok,,pso,10,16,1210538140,23.206921996561434,63.986921996561435,20000,20000,0.1947
BBOB_f21,PSO/constriction N=40 c1=2.05 c2=2.05 chi=0.7298,ok,,pso,10,17,619248656,9.084909064688063,49.864909064688064,20000,20000,0.1958
BBOB_f21,PSO/constriction N=40 c1=2.05 c2=2.05 chi=0.7298,ok,,pso,10,18,268058816,2.2558046246234085,43.03580462462341,20000,20000,0.2078
BBOB_f21,PSO/constriction N=40 c1=2.05 c2=2.05 chi=0.7298,ok,,pso,10,19,3423453264,2.778697415182215,43.558697415182216,20000,20000,0.2045
BBOB_f21,PSO/constriction N=40 c1=2.05 c2=2.05 chi=0.7298,ok,,pso,10,20,2818302369,3.73485782287689,44.51485782287689,20000,20000,0.2153
BBOB_f21,PSO/constriction N=40 c1=2.05 c2=2.05 chi=0.7298,ok,,pso,10,21,695279859,1.957342400567363,42.737342400567364,20000,20000,0.215
BBOB_f21,PSO/constriction N=40 c1=2.05 c2=2.05 chi=0.7298,ok,,pso,10,22,4272973558,5.264249638863298,46.0442496388633,20000,20000,0.2193
BBOB_f21,PSO/constriction N=40 c1=2.05 c2=2.05 chi=0.7298,ok,,pso,10,23,2986046114,0.11855302285344749,40.89855302285345,20000,20000,0.2221
BBOB_f21,PSO/constriction N=40 c1=2.05 c2=2.05 chi=0.7298,ok,,pso,10,24,166326921,2.2558046360481043,43.035804636048105,20000,20000,0.2077
BBOB_f21,PSO/constriction N=40 c1=2.05 c2=2.05 chi=0.7298,ok,,pso,10,25,2013650502,5.78119737174837,46.56119737174837,20000,20000,0.2348
BBOB_f21,PSO/constriction N=40 c1=2.05 c2=2.05 chi=0.7298,ok,,pso,10,26,1547959177,25.59119228596242,66.37119228596242,20000,20000,0.2039
BBOB_f21,PSO/constriction N=40 c1=2.05 c2=2.05 chi=0.7298,ok,,pso,10,27,1924065234,0.9977118608100994,41.7777118608101,20000,20000,0.2015
BBOB_f21,PSO/constriction N=40 c1=2.05 c2=2.05 chi=0.7298,ok,,pso,10,28,216190364,1.9156020382343968,42.6956020382344,20000,20000,0.2069
BBOB_f21,PSO/constriction N=40 c1=2.05 c2=2.05 chi=0.7298,ok,,pso,10,29,4156150558,0.0,40.78,20000,20000,0.217
BBOB_f21,RandomSearch,ok,,random,10,0,1123948276,6.437539617958286,47.21753961795829,20000,20000,0.5237
BBOB_f21,RandomSearch,ok,,random,10,1,1264710666,12.837451097305781,53.61745109730578,20000,20000,0.5418
BBOB_f21,RandomSearch,ok,,random,10,2,911679233,18.90123533235507,59.68123533235507,20000,20000,0.7817
BBOB_f21,RandomSearch,ok,,random,10,3,3215112001,20.773552252226892,61.55355225222689,20000,20000,0.7784
BBOB_f21,RandomSearch,ok,,random,10,4,598654791,15.990332481791732,56.77033248179173,20000,20000,0.7393
BBOB_f21,RandomSearch,ok,,random,10,5,1216467958,14.508914059760237,55.28891405976024,20000,20000,0.5892
BBOB_f21,RandomSearch,ok,,random,10,6,3698736028,16.761780806515908,57.54178080651591,20000,20000,0.5994
BBOB_f21,RandomSearch,ok,,random,10,7,649875317,11.84055844308832,52.62055844308832,20000,20000,0.5474
BBOB_f21,RandomSearch,ok,,random,10,8,2163335470,5.046673225021706,45.82667322502171,20000,20000,0.6163
BBOB_f21,RandomSearch,ok,,random,10,9,2876411271,12.77768747458137,53.55768747458137,20000,20000,0.5446
BBOB_f21,RandomSearch,ok,,random,10,10,949502196,18.94029750332104,59.72029750332104,20000,20000,0.5507
BBOB_f21,RandomSearch,ok,,random,10,11,551883549,22.496890970412423,63.276890970412424,20000,20000,0.5344
BBOB_f21,RandomSearch,ok,,random,10,12,1510485541,10.567059140579616,51.34705914057962,20000,20000,0.5648
BBOB_f21,RandomSearch,ok,,random,10,13,2196199941,9.913269350301803,50.693269350301804,20000,20000,0.5546
BBOB_f21,RandomSearch,ok,,random,10,14,972825320,12.185764690137155,52.965764690137156,20000,20000,0.548
BBOB_f21,RandomSearch,ok,,random,10,15,3126257123,18.15661281336112,58.93661281336112,20000,20000,0.6093
BBOB_f21,RandomSearch,ok,,random,10,16,4052648336,7.185370958247724,47.965370958247725,20000,20000,0.5405
BBOB_f21,RandomSearch,ok,,random,10,17,249719518,16.396354581249355,57.176354581249356,20000,20000,0.551
BBOB_f21,RandomSearch,ok,,random,10,18,3039166475,18.989839514873935,59.76983951487394,20000,20000,0.5252
BBOB_f21,RandomSearch,ok,,random,10,19,2227335368,19.4065906349782,60.1865906349782,20000,20000,0.5174
BBOB_f21,RandomSearch,ok,,random,10,20,1389169304,18.163544893926478,58.94354489392648,20000,20000,0.5075
BBOB_f21,RandomSearch,ok,,random,10,21,902090285,16.15508609671538,56.93508609671538,20000,20000,0.5455
BBOB_f21,RandomSearch,ok,,random,10,22,2784680697,14.181122173375485,54.961122173375486,20000,20000,0.5394
BBOB_f21,RandomSearch,ok,,random,10,23,1214296066,13.868672443472576,54.64867244347258,20000,20000,0.6949
BBOB_f21,RandomSearch,ok,,random,10,24,2932985257,9.097891060295275,49.877891060295276,20000,20000,0.7118
BBOB_f21,RandomSearch,ok,,random,10,25,744706811,18.721961952213654,59.501961952213655,20000,20000,0.5828
BBOB_f21,RandomSearch,ok,,random,10,26,2128831492,14.47520956905408,55.25520956905408,20000,20000,0.5912
BBOB_f21,RandomSearch,ok,,random,10,27,3932229576,16.94283761599003,57.72283761599003,20000,20000,0.59
BBOB_f21,RandomSearch,ok,,random,10,28,632242710,15.671176504927544,56.451176504927545,20000,20000,0.5807
BBOB_f21,RandomSearch,ok,,random,10,29,397076859,5.828909373791461,46.60890937379146,20000,20000,0.6073
BBOB_f22,CMA-ES/IPOP sigma0=0.3*span ipop=x2,ok,,cmaes,10,0,1550143426,1.9549988595239256,-998.0450011404761,20000,20000,2.2565
BBOB_f22,CMA-ES/IPOP sigma0=0.3*span ipop=x2,ok,,cmaes,10,1,2004315996,1.9549988595233572,-998.0450011404766,20000,20000,1.9502
BBOB_f22,CMA-ES/IPOP sigma0=0.3*span ipop=x2,ok,,cmaes,10,2,3234093861,1.9549988595233572,-998.0450011404766,20000,20000,1.8548
BBOB_f22,CMA-ES/IPOP sigma0=0.3*span ipop=x2,ok,,cmaes,10,3,2721486743,1.9549988595234709,-998.0450011404765,20000,20000,2.0613
BBOB_f22,CMA-ES/IPOP sigma0=0.3*span ipop=x2,ok,,cmaes,10,4,1484547097,1.9549988595233572,-998.0450011404766,20000,20000,1.9491
BBOB_f22,CMA-ES/IPOP sigma0=0.3*span ipop=x2,ok,,cmaes,10,5,3964180119,1.9549988595233572,-998.0450011404766,20000,20000,1.8222
BBOB_f22,CMA-ES/IPOP sigma0=0.3*span ipop=x2,ok,,cmaes,10,6,1218842165,0.6918569111918487,-999.3081430888082,20000,20000,2.0389
BBOB_f22,CMA-ES/IPOP sigma0=0.3*span ipop=x2,ok,,cmaes,10,7,4266042903,0.6918569111918487,-999.3081430888082,20000,20000,1.9322
BBOB_f22,CMA-ES/IPOP sigma0=0.3*span ipop=x2,ok,,cmaes,10,8,2860229443,1.9549988595233572,-998.0450011404766,20000,20000,1.9932
BBOB_f22,CMA-ES/IPOP sigma0=0.3*span ipop=x2,ok,,cmaes,10,9,438276673,1.9549988595235845,-998.0450011404764,20000,20000,2.0892
BBOB_f22,CMA-ES/IPOP sigma0=0.3*span ipop=x2,ok,,cmaes,10,10,3238430668,1.9549988595240393,-998.045001140476,20000,20000,2.1829
BBOB_f22,CMA-ES/IPOP sigma0=0.3*span ipop=x2,ok,,cmaes,10,11,1922283538,1.9549988595234709,-998.0450011404765,20000,20000,1.9382
BBOB_f22,CMA-ES/IPOP sigma0=0.3*span ipop=x2,ok,,cmaes,10,12,1738960483,14.584841529007917,-985.4151584709921,20000,20000,2.2212
BBOB_f22,CMA-ES/IPOP sigma0=0.3*span ipop=x2,ok,,cmaes,10,13,839163606,1.9549988595233572,-998.0450011404766,20000,20000,2.1038
BBOB_f22,CMA-ES/IPOP sigma0=0.3*span ipop=x2,ok,,cmaes,10,14,3314047458,1.9549988595233572,-998.0450011404766,20000,20000,2.1695
BBOB_f22,CMA-ES/IPOP sigma0=0.3*span ipop=x2,ok,,cmaes,10,15,2949648456,1.9549988595233572,-998.0450011404766,20000,20000,2.1471
BBOB_f22,CMA-ES/IPOP sigma0=0.3*span ipop=x2,ok,,cmaes,10,16,1882596632,1.9549988595235845,-998.0450011404764,20000,20000,1.9924
BBOB_f22,CMA-ES/IPOP sigma0=0.3*span ipop=x2,ok,,cmaes,10,17,542897903,1.9549988595233572,-998.0450011404766,20000,20000,1.6299
BBOB_f22,CMA-ES/IPOP sigma0=0.3*span ipop=x2,ok,,cmaes,10,18,1994678623,1.9549988595233572,-998.0450011404766,20000,20000,1.7144
BBOB_f22,CMA-ES/IPOP sigma0=0.3*span ipop=x2,ok,,cmaes,10,19,874684075,1.9549988595233572,-998.0450011404766,20000,20000,1.4511
BBOB_f22,CMA-ES/IPOP sigma0=0.3*span ipop=x2,ok,,cmaes,10,20,761304198,1.9549988595233572,-998.0450011404766,20000,20000,2.1505
BBOB_f22,CMA-ES/IPOP sigma0=0.3*span ipop=x2,ok,,cmaes,10,21,2483487359,1.9549988595233572,-998.0450011404766,20000,20000,2.1482
BBOB_f22,CMA-ES/IPOP sigma0=0.3*span ipop=x2,ok,,cmaes,10,22,3622949216,1.9549988595233572,-998.0450011404766,20000,20000,2.0759
BBOB_f22,CMA-ES/IPOP sigma0=0.3*span ipop=x2,ok,,cmaes,10,23,1104014399,1.9549988595233572,-998.0450011404766,20000,20000,2.0681
BBOB_f22,CMA-ES/IPOP sigma0=0.3*span ipop=x2,ok,,cmaes,10,24,890881403,1.9549988595233572,-998.0450011404766,20000,20000,2.6791
BBOB_f22,CMA-ES/IPOP sigma0=0.3*span ipop=x2,ok,,cmaes,10,25,583812805,1.9549988595233572,-998.0450011404766,20000,20000,2.5519
BBOB_f22,CMA-ES/IPOP sigma0=0.3*span ipop=x2,ok,,cmaes,10,26,4271445952,0.694608763451015,-999.305391236549,20000,20000,2.497
BBOB_f22,CMA-ES/IPOP sigma0=0.3*span ipop=x2,ok,,cmaes,10,27,1173914195,1.9549988595233572,-998.0450011404766,20000,20000,2.4247
BBOB_f22,CMA-ES/IPOP sigma0=0.3*span ipop=x2,ok,,cmaes,10,28,3823791697,14.584841529008031,-985.415158470992,20000,20000,2.2071
BBOB_f22,CMA-ES/IPOP sigma0=0.3*span ipop=x2,ok,,cmaes,10,29,882415259,0.6918569111918487,-999.3081430888082,20000,20000,2.2829
BBOB_f22,DE/rand/1/bin F=0.5 CR=0.9 NP=50,ok,,de,10,0,2114399568,0.691856911191735,-999.3081430888083,20000,20000,1.152
BBOB_f22,DE/rand/1/bin F=0.5 CR=0.9 NP=50,ok,,de,10,1,1651604865,1.9549988595233572,-998.0450011404766,20000,20000,1.1164
BBOB_f22,DE/rand/1/bin F=0.5 CR=0.9 NP=50,ok,,de,10,2,1479413131,1.9549988595233572,-998.0450011404766,20000,20000,1.1327
BBOB_f22,DE/rand/1/bin F=0.5 CR=0.9 NP=50,ok,,de,10,3,3523667202,1.9549988595233572,-998.0450011404766,20000,20000,1.1336
BBOB_f22,DE/rand/1/bin F=0.5 CR=0.9 NP=50,ok,,de,10,4,1564467114,1.9549988595233572,-998.0450011404766,20000,20000,1.1601
BBOB_f22,DE/rand/1/bin F=0.5 CR=0.9 NP=50,ok,,de,10,5,2154123941,1.9549988595233572,-998.0450011404766,20000,20000,1.1252
BBOB_f22,DE/rand/1/bin F=0.5 CR=0.9 NP=50,ok,,de,10,6,219603990,0.691856911191735,-999.3081430888083,20000,20000,1.2564
BBOB_f22,DE/rand/1/bin F=0.5 CR=0.9 NP=50,ok,,de,10,7,3318398486,1.9549988595233572,-998.0450011404766,20000,20000,1.1363
BBOB_f22,DE/rand/1/bin F=0.5 CR=0.9 NP=50,ok,,de,10,8,2968775532,1.9549988595233572,-998.0450011404766,20000,20000,1.1104
BBOB_f22,DE/rand/1/bin F=0.5 CR=0.9 NP=50,ok,,de,10,9,1719046786,0.691856911191735,-999.3081430888083,20000,20000,1.1328
BBOB_f22,DE/rand/1/bin F=0.5 CR=0.9 NP=50,ok,,de,10,10,4112410528,1.9549988595233572,-998.0450011404766,20000,20000,1.1204
BBOB_f22,DE/rand/1/bin F=0.5 CR=0.9 NP=50,ok,,de,10,11,1956055591,1.9549988595233572,-998.0450011404766,20000,20000,1.1571
BBOB_f22,DE/rand/1/bin F=0.5 CR=0.9 NP=50,ok,,de,10,12,2282534004,0.691856911191735,-999.3081430888083,20000,20000,1.0565
BBOB_f22,DE/rand/1/bin F=0.5 CR=0.9 NP=50,ok,,de,10,13,2656340106,1.9549988595233572,-998.0450011404766,20000,20000,1.1758
BBOB_f22,DE/rand/1/bin F=0.5 CR=0.9 NP=50,ok,,de,10,14,1286758378,1.9549988595233572,-998.0450011404766,20000,20000,1.1801
BBOB_f22,DE/rand/1/bin F=0.5 CR=0.9 NP=50,ok,,de,10,15,2201827407,1.9549988595233572,-998.0450011404766,20000,20000,1.1277
BBOB_f22,DE/rand/1/bin F=0.5 CR=0.9 NP=50,ok,,de,10,16,1266446886,1.9549988595233572,-998.0450011404766,20000,20000,1.0603
BBOB_f22,DE/rand/1/bin F=0.5 CR=0.9 NP=50,ok,,de,10,17,1659716313,1.9549988595233572,-998.0450011404766,20000,20000,1.1494
BBOB_f22,DE/rand/1/bin F=0.5 CR=0.9 NP=50,ok,,de,10,18,1327707902,1.9549988595233572,-998.0450011404766,20000,20000,1.1042
BBOB_f22,DE/rand/1/bin F=0.5 CR=0.9 NP=50,ok,,de,10,19,1891749681,1.9549988595233572,-998.0450011404766,20000,20000,1.0924
BBOB_f22,DE/rand/1/bin F=0.5 CR=0.9 NP=50,ok,,de,10,20,2964397690,2.590547730101548,-997.4094522698985,20000,20000,1.2122
BBOB_f22,DE/rand/1/bin F=0.5 CR=0.9 NP=50,ok,,de,10,21,3560583277,1.9549988595233572,-998.0450011404766,20000,20000,1.2708
BBOB_f22,DE/rand/1/bin F=0.5 CR=0.9 NP=50,ok,,de,10,22,2725424535,0.691856911191735,-999.3081430888083,20000,20000,1.545
BBOB_f22,DE/rand/1/bin F=0.5 CR=0.9 NP=50,ok,,de,10,23,4257750172,1.9549988595233572,-998.0450011404766,20000,20000,1.4185
BBOB_f22,DE/rand/1/bin F=0.5 CR=0.9 NP=50,ok,,de,10,24,1875787950,2.590547730090748,-997.4094522699093,20000,20000,1.6974
BBOB_f22,DE/rand/1/bin F=0.5 CR=0.9 NP=50,ok,,de,10,25,3835010393,0.691856911191735,-999.3081430888083,20000,20000,1.826
BBOB_f22,DE/rand/1/bin F=0.5 CR=0.9 NP=50,ok,,de,10,26,2373901193,1.9549988595233572,-998.0450011404766,20000,20000,1.8576
BBOB_f22,DE/rand/1/bin F=0.5 CR=0.9 NP=50,ok,,de,10,27,1923536017,1.9549988595233572,-998.0450011404766,20000,20000,1.8357
BBOB_f22,DE/rand/1/bin F=0.5 CR=0.9 NP=50,ok,,de,10,28,958582221,0.0,-1000.0,20000,20000,1.7421
BBOB_f22,DE/rand/1/bin F=0.5 CR=0.9 NP=50,ok,,de,10,29,3712735747,1.9549988595233572,-998.0450011404766,20000,20000,1.7024
BBOB_f22,GA/SBX NP=50 pc=0.9 eta_c=20.0 eta_m=20.0,ok,,ga,10,0,794621084,5.877988557226331,-994.1220114427737,20000,20000,1.1068
BBOB_f22,GA/SBX NP=50 pc=0.9 eta_c=20.0 eta_m=20.0,ok,,ga,10,1,2841717849,1.9550015377125192,-998.0449984622875,20000,20000,1.1096
BBOB_f22,GA/SBX NP=50 pc=0.9 eta_c=20.0 eta_m=20.0,ok,,ga,10,2,3963987602,1.9550069358763267,-998.0449930641237,20000,20000,1.0865
BBOB_f22,GA/SBX NP=50 pc=0.9 eta_c=20.0 eta_m=20.0,ok,,ga,10,3,2778809789,2.592039629163196,-997.4079603708368,20000,20000,1.1202
BBOB_f22,GA/SBX NP=50 pc=0.9 eta_c=20.0 eta_m=20.0,ok,,ga,10,4,3821626626,1.9550089019020334,-998.044991098098,20000,20000,1.1254
BBOB_f22,GA/SBX NP=50 pc=0.9 eta_c=20.0 eta_m=20.0,ok,,ga,10,5,2458196251,7.409977612013336,-992.5900223879867,20000,20000,1.1291
BBOB_f22,GA/SBX NP=50 pc=0.9 eta_c=20.0 eta_m=20.0,ok,,ga,10,6,817281502,18.28833624139702,-981.711663758603,20000,20000,1.131
BBOB_f22,GA/SBX NP=50 pc=0.9 eta_c=20.0 eta_m=20.0,ok,,ga,10,7,2059675087,2.6030104521179283,-997.3969895478821,20000,20000,1.001
BBOB_f22,GA/SBX NP=50 pc=0.9 eta_c=20.0 eta_m=20.0,ok,,ga,10,8,1210892285,1.9550240048303067,-998.0449759951697,20000,20000,0.9615
BBOB_f22,GA/SBX NP=50 pc=0.9 eta_c=20.0 eta_m=20.0,ok,,ga,10,9,2826643203,0.11895993379891934,-999.8810400662011,20000,20000,0.9557
BBOB_f22,GA/SBX NP=50 pc=0.9 eta_c=20.0 eta_m=20.0,ok,,ga,10,10,4274697157,0.09096690068486168,-999.9090330993151,20000,20000,0.9366
BBOB_f22,GA/SBX NP=50 pc=0.9 eta_c=20.0 eta_m=20.0,ok,,ga,10,11,2474358300,1.955008286664679,-998.0449917133353,20000,20000,0.9086
BBOB_f22,GA/SBX NP=50 pc=0.9 eta_c=20.0 eta_m=20.0,ok,,ga,10,12,1525442306,1.9550146962410508,-998.044985303759,20000,20000,0.9637
BBOB_f22,GA/SBX NP=50 pc=0.9 eta_c=20.0 eta_m=20.0,ok,,ga,10,13,3158002456,0.6920238281769571,-999.307976171823,20000,20000,0.9909
BBOB_f22,GA/SBX NP=50 pc=0.9 eta_c=20.0 eta_m=20.0,ok,,ga,10,14,735233119,1.9550184306646088,-998.0449815693354,20000,20000,1.0035
BBOB_f22,GA/SBX NP=50 pc=0.9 eta_c=20.0 eta_m=20.0,ok,,ga,10,15,853402593,0.11805627044429912,-999.8819437295557,20000,20000,0.8545
BBOB_f22,GA/SBX NP=50 pc=0.9 eta_c=20.0 eta_m=20.0,ok,,ga,10,16,2528643660,0.4577473810604715,-999.5422526189395,20000,20000,0.8801
BBOB_f22,GA/SBX NP=50 pc=0.9 eta_c=20.0 eta_m=20.0,ok,,ga,10,17,1458996670,0.0996603546635697,-999.9003396453364,20000,20000,0.8784
BBOB_f22,GA/SBX NP=50 pc=0.9 eta_c=20.0 eta_m=20.0,ok,,ga,10,18,2700875543,2.59729995130283,-997.4027000486972,20000,20000,0.8435
BBOB_f22,GA/SBX NP=50 pc=0.9 eta_c=20.0 eta_m=20.0,ok,,ga,10,19,2728373112,1.9550059771275983,-998.0449940228724,20000,20000,0.8812
BBOB_f22,GA/SBX NP=50 pc=0.9 eta_c=20.0 eta_m=20.0,ok,,ga,10,20,3221700873,0.1196202571285312,-999.8803797428715,20000,20000,0.9008
BBOB_f22,GA/SBX NP=50 pc=0.9 eta_c=20.0 eta_m=20.0,ok,,ga,10,21,4053355712,1.9550073721080707,-998.0449926278919,20000,20000,0.9013
BBOB_f22,GA/SBX NP=50 pc=0.9 eta_c=20.0 eta_m=20.0,ok,,ga,10,22,3161853866,1.9550240963651504,-998.0449759036348,20000,20000,0.9395
BBOB_f22,GA/SBX NP=50 pc=0.9 eta_c=20.0 eta_m=20.0,ok,,ga,10,23,591980397,5.693767148867892,-994.3062328511321,20000,20000,0.8793
BBOB_f22,GA/SBX NP=50 pc=0.9 eta_c=20.0 eta_m=20.0,ok,,ga,10,24,1671398394,42.90978171279676,-957.0902182872032,20000,20000,0.8659
BBOB_f22,GA/SBX NP=50 pc=0.9 eta_c=20.0 eta_m=20.0,ok,,ga,10,25,329651179,1.9550207510017117,-998.0449792489983,20000,20000,0.8603
BBOB_f22,GA/SBX NP=50 pc=0.9 eta_c=20.0 eta_m=20.0,ok,,ga,10,26,1932661435,2.6193578078742803,-997.3806421921257,20000,20000,0.8426
BBOB_f22,GA/SBX NP=50 pc=0.9 eta_c=20.0 eta_m=20.0,ok,,ga,10,27,3794641,2.60736002575527,-997.3926399742447,20000,20000,0.8356
BBOB_f22,GA/SBX NP=50 pc=0.9 eta_c=20.0 eta_m=20.0,ok,,ga,10,28,1806758163,2.6201508641445344,-997.3798491358555,20000,20000,0.8556
BBOB_f22,GA/SBX NP=50 pc=0.9 eta_c=20.0 eta_m=20.0,ok,,ga,10,29,4251568755,1.9550158305241894,-998.0449841694758,20000,20000,0.8824
BBOB_f22,PSO/constriction N=40 c1=2.05 c2=2.05 chi=0.7298,ok,,pso,10,0,3953156675,1.9549988595233572,-998.0450011404766,20000,20000,0.2983
BBOB_f22,PSO/constriction N=40 c1=2.05 c2=2.05 chi=0.7298,ok,,pso,10,1,1665193410,0.0003163575590861001,-999.9996836424409,20000,20000,0.2579
BBOB_f22,PSO/constriction N=40 c1=2.05 c2=2.05 chi=0.7298,ok,,pso,10,2,3663399447,0.9295725904570418,-999.070427409543,20000,20000,0.1334
BBOB_f22,PSO/constriction N=40 c1=2.05 c2=2.05 chi=0.7298,ok,,pso,10,3,1331107872,3.8923444179604303,-996.1076555820396,20000,20000,0.2959
BBOB_f22,PSO/constriction N=40 c1=2.05 c2=2.05 chi=0.7298,ok,,pso,10,4,3337112730,1.9549988595233572,-998.0450011404766,20000,20000,0.2103
BBOB_f22,PSO/constriction N=40 c1=2.05 c2=2.05 chi=0.7298,ok,,pso,10,5,45034775,1.9549988595233572,-998.0450011404766,20000,20000,0.2591
BBOB_f22,PSO/constriction N=40 c1=2.05 c2=2.05 chi=0.7298,ok,,pso,10,6,3670678181,2.5905477300898383,-997.4094522699102,20000,20000,0.1576
BBOB_f22,PSO/constriction N=40 c1=2.05 c2=2.05 chi=0.7298,ok,,pso,10,7,1397006668,8.742812761263735,-991.2571872387363,20000,20000,0.1348
BBOB_f22,PSO/constriction N=40 c1=2.05 c2=2.05 chi=0.7298,ok,,pso,10,8,3956506767,24.36925202753082,-975.6307479724692,20000,20000,0.1667
BBOB_f22,PSO/constriction N=40 c1=2.05 c2=2.05 chi=0.7298,ok,,pso,10,9,197067401,1.9549988595233572,-998.0450011404766,20000,20000,0.2015
BBOB_f22,PSO/constriction N=40 c1=2.05 c2=2.05 chi=0.7298,ok,,pso,10,10,3972051653,1.9549988595233572,-998.0450011404766,20000,20000,0.2027
BBOB_f22,PSO/constriction N=40 c1=2.05 c2=2.05 chi=0.7298,ok,,pso,10,11,3879044673,0.00031828529984068155,-999.9996817147002,20000,20000,0.2146
BBOB_f22,PSO/constriction N=40 c1=2.05 c2=2.05 chi=0.7298,ok,,pso,10,12,2400840136,6.2603877439407825,-993.7396122560592,20000,20000,0.1378
BBOB_f22,PSO/constriction N=40 c1=2.05 c2=2.05 chi=0.7298,ok,,pso,10,13,1404975312,1.2518101431160176,-998.748189856884,20000,20000,0.1911
BBOB_f22,PSO/constriction N=40 c1=2.05 c2=2.05 chi=0.7298,ok,,pso,10,14,1767043325,5.062737495021224,-994.9372625049788,20000,20000,0.1866
BBOB_f22,PSO/constriction N=40 c1=2.05 c2=2.05 chi=0.7298,ok,,pso,10,15,3608860038,1.9549988595233572,-998.0450011404766,20000,20000,0.1763
BBOB_f22,PSO/constriction N=40 c1=2.05 c2=2.05 chi=0.7298,ok,,pso,10,16,1528948477,1.9549988595233572,-998.0450011404766,20000,20000,0.164
BBOB_f22,PSO/constriction N=40 c1=2.05 c2=2.05 chi=0.7298,ok,,pso,10,17,3038662362,16.72110297406141,-983.2788970259386,20000,20000,0.1508
BBOB_f22,PSO/constriction N=40 c1=2.05 c2=2.05 chi=0.7298,ok,,pso,10,18,3199761895,18.624703680709217,-981.3752963192908,20000,20000,0.1199
BBOB_f22,PSO/constriction N=40 c1=2.05 c2=2.05 chi=0.7298,ok,,pso,10,19,580925059,14.911605943013683,-985.0883940569863,20000,20000,0.1329
BBOB_f22,PSO/constriction N=40 c1=2.05 c2=2.05 chi=0.7298,ok,,pso,10,20,3818214314,33.08226505045741,-966.9177349495426,20000,20000,0.127
BBOB_f22,PSO/constriction N=40 c1=2.05 c2=2.05 chi=0.7298,ok,,pso,10,21,2400086582,5.062737614046455,-994.9372623859535,20000,20000,0.2131
BBOB_f22,PSO/constriction N=40 c1=2.05 c2=2.05 chi=0.7298,ok,,pso,10,22,227298012,3.8923444179604303,-996.1076555820396,20000,20000,0.2184
BBOB_f22,PSO/constriction N=40 c1=2.05 c2=2.05 chi=0.7298,ok,,pso,10,23,4221738508,5.062738543214891,-994.9372614567851,20000,20000,0.1414
BBOB_f22,PSO/constriction N=40 c1=2.05 c2=2.05 chi=0.7298,ok,,pso,10,24,1176503776,1.9549988595233572,-998.0450011404766,20000,20000,0.1359
BBOB_f22,PSO/constriction N=40 c1=2.05 c2=2.05 chi=0.7298,ok,,pso,10,25,4293809403,2.8861163968940673e-05,-999.999971138836,20000,20000,0.28
BBOB_f22,PSO/constriction N=40 c1=2.05 c2=2.05 chi=0.7298,ok,,pso,10,26,2468480222,22.372495827680268,-977.6275041723197,20000,20000,0.2061
BBOB_f22,PSO/constriction N=40 c1=2.05 c2=2.05 chi=0.7298,ok,,pso,10,27,3748151441,0.1888276086942824,-999.8111723913057,20000,20000,0.1697
BBOB_f22,PSO/constriction N=40 c1=2.05 c2=2.05 chi=0.7298,ok,,pso,10,28,628464981,15.050863661263065,-984.9491363387369,20000,20000,0.1964
BBOB_f22,PSO/constriction N=40 c1=2.05 c2=2.05 chi=0.7298,ok,,pso,10,29,791877014,14.584841529007917,-985.4151584709921,20000,20000,0.1724
BBOB_f22,RandomSearch,ok,,random,10,0,2384627552,15.125917394242606,-984.8740826057574,20000,20000,0.527
BBOB_f22,RandomSearch,ok,,random,10,1,2153529330,20.027263072999745,-979.9727369270003,20000,20000,0.4839
BBOB_f22,RandomSearch,ok,,random,10,2,3959129802,19.819906595976818,-980.1800934040232,20000,20000,0.4969
BBOB_f22,RandomSearch,ok,,random,10,3,2333420843,20.12300033434792,-979.8769996656521,20000,20000,0.4928
BBOB_f22,RandomSearch,ok,,random,10,4,3084802554,19.562409688567982,-980.437590311432,20000,20000,0.4583
BBOB_f22,RandomSearch,ok,,random,10,5,1000249444,24.510854267781156,-975.4891457322188,20000,20000,0.5083
BBOB_f22,RandomSearch,ok,,random,10,6,2522817902,22.469952148728225,-977.5300478512718,20000,20000,0.4618
BBOB_f22,RandomSearch,ok,,random,10,7,452526488,27.455743006557327,-972.5442569934427,20000,20000,0.4703
BBOB_f22,RandomSearch,ok,,random,10,8,3843565493,25.105663906917357,-974.8943360930826,20000,20000,0.4659
BBOB_f22,RandomSearch,ok,,random,10,9,3470654420,12.946818961839313,-987.0531810381607,20000,20000,0.5142
BBOB_f22,RandomSearch,ok,,random,10,10,4034349896,26.222846149304132,-973.7771538506959,20000,20000,0.4841
BBOB_f22,RandomSearch,ok,,random,10,11,2389148781,14.65076317125056,-985.3492368287494,20000,20000,0.4676
BBOB_f22,RandomSearch,ok,,random,10,12,1519481321,13.389424207038473,-986.6105757929615,20000,20000,0.4639
BBOB_f22,RandomSearch,ok,,random,10,13,2799591671,9.824750169436129,-990.1752498305639,20000,20000,0.504
BBOB_f22,RandomSearch,ok,,random,10,14,957516859,20.112219758969673,-979.8877802410303,20000,20000,0.4893
BBOB_f22,RandomSearch,ok,,random,10,15,3106987706,15.21084340526727,-984.7891565947327,20000,20000,0.4906
BBOB_f22,RandomSearch,ok,,random,10,16,3969772968,24.39592609564818,-975.6040739043518,20000,20000,0.4681
BBOB_f22,RandomSearch,ok,,random,10,17,2904444023,21.117254858417027,-978.882745141583,20000,20000,0.4757
BBOB_f22,RandomSearch,ok,,random,10,18,281824046,23.05604369876039,-976.9439563012396,20000,20000,0.466
BBOB_f22,RandomSearch,ok,,random,10,19,1356793252,23.62166381467773,-976.3783361853223,20000,20000,0.4318
BBOB_f22,RandomSearch,ok,,random,10,20,4051896828,10.331348672610375,-989.6686513273896,20000,20000,0.5178
BBOB_f22,RandomSearch,ok,,random,10,21,3967737937,16.853726054472418,-983.1462739455276,20000,20000,0.5825
BBOB_f22,RandomSearch,ok,,random,10,22,1763635449,13.790913097659654,-986.2090869023403,20000,20000,0.5736
BBOB_f22,RandomSearch,ok,,random,10,23,879490527,25.267653934239206,-974.7323460657608,20000,20000,0.4275
BBOB_f22,RandomSearch,ok,,random,10,24,3604392791,14.299991385507838,-985.7000086144922,20000,20000,0.5793
BBOB_f22,RandomSearch,ok,,random,10,25,3711093126,19.594644495360285,-980.4053555046397,20000,20000,0.4457
BBOB_f22,RandomSearch,ok,,random,10,26,3081883617,11.970763711417362,-988.0292362885826,20000,20000,0.5045
BBOB_f22,RandomSearch,ok,,random,10,27,88722043,17.27390684135173,-982.7260931586483,20000,20000,0.5145
BBOB_f22,RandomSearch,ok,,random,10,28,821683151,11.919225753559772,-988.0807742464402,20000,20000,0.4069
BBOB_f22,RandomSearch,ok,,random,10,29,3947750430,23.4602814143434,-976.5397185856566,20000,20000,0.4919
BBOB_f23,CMA-ES/IPOP sigma0=0.3*span ipop=x2,ok,,cmaes,10,0,384392515,1.1752330490256275,8.045233049025628,20000,20000,2.9204
BBOB_f23,CMA-ES/IPOP sigma0=0.3*span ipop=x2,ok,,cmaes,10,1,823492809,0.01871775144060539,6.8887177514406055,20000,20000,2.8903
BBOB_f23,CMA-ES/IPOP sigma0=0.3*span ipop=x2,ok,,cmaes,10,2,168323273,2.0890170127014427,8.959017012701443,20000,20000,2.5278
BBOB_f23,CMA-ES/IPOP sigma0=0.3*span ipop=x2,ok,,cmaes,10,3,1939963726,1.5402140629198913,8.410214062919891,20000,20000,2.6118
BBOB_f23,CMA-ES/IPOP sigma0=0.3*span ipop=x2,ok,,cmaes,10,4,1587164314,1.1637789431518764,8.033778943151876,20000,20000,3.4245
BBOB_f23,CMA-ES/IPOP sigma0=0.3*span ipop=x2,ok,,cmaes,10,5,1842774083,1.6258486903970715,8.495848690397072,20000,20000,2.6851
BBOB_f23,CMA-ES/IPOP sigma0=0.3*span ipop=x2,ok,,cmaes,10,6,3357781685,1.6698378763706279,8.539837876370628,20000,20000,2.9986
BBOB_f23,CMA-ES/IPOP sigma0=0.3*span ipop=x2,ok,,cmaes,10,7,3506118988,1.4028376016307549,8.272837601630755,20000,20000,2.6698
BBOB_f23,CMA-ES/IPOP sigma0=0.3*span ipop=x2,ok,,cmaes,10,8,3007310333,1.8759461101593766,8.745946110159377,20000,20000,2.8854
BBOB_f23,CMA-ES/IPOP sigma0=0.3*span ipop=x2,ok,,cmaes,10,9,397135419,1.402054886858326,8.272054886858326,20000,20000,2.945
BBOB_f23,CMA-ES/IPOP sigma0=0.3*span ipop=x2,ok,,cmaes,10,10,326243861,1.631565215561566,8.501565215561566,20000,20000,3.1074
BBOB_f23,CMA-ES/IPOP sigma0=0.3*span ipop=x2,ok,,cmaes,10,11,3429940726,1.1449822246164727,8.014982224616473,20000,20000,2.7811
BBOB_f23,CMA-ES/IPOP sigma0=0.3*span ipop=x2,ok,,cmaes,10,12,808723781,1.5201006834924842,8.390100683492484,20000,20000,2.8048
BBOB_f23,CMA-ES/IPOP sigma0=0.3*span ipop=x2,ok,,cmaes,10,13,2478301703,1.3549389543388104,8.22493895433881,20000,20000,2.7172
BBOB_f23,CMA-ES/IPOP sigma0=0.3*span ipop=x2,ok,,cmaes,10,14,1162634753,0.2528950971233206,7.122895097123321,20000,20000,3.1849
BBOB_f23,CMA-ES/IPOP sigma0=0.3*span ipop=x2,ok,,cmaes,10,15,62487115,1.0680259463919306,7.938025946391931,20000,20000,2.5868
BBOB_f23,CMA-ES/IPOP sigma0=0.3*span ipop=x2,ok,,cmaes,10,16,1818566927,1.4813937651254045,8.351393765125405,20000,20000,2.8954
BBOB_f23,CMA-ES/IPOP sigma0=0.3*span ipop=x2,ok,,cmaes,10,17,2026531720,0.9508293408461661,7.820829340846166,20000,20000,3.1154
BBOB_f23,CMA-ES/IPOP sigma0=0.3*span ipop=x2,ok,,cmaes,10,18,267073631,1.7369915965624072,8.606991596562407,20000,20000,3.0053
BBOB_f23,CMA-ES/IPOP sigma0=0.3*span ipop=x2,ok,,cmaes,10,19,4109061380,0.45476616701387673,7.324766167013877,20000,20000,3.3965
BBOB_f23,CMA-ES/IPOP sigma0=0.3*span ipop=x2,ok,,cmaes,10,20,3706193326,1.5490637590983836,8.419063759098384,20000,20000,2.8848
BBOB_f23,CMA-ES/IPOP sigma0=0.3*span ipop=x2,ok,,cmaes,10,21,669406653,0.1610945492604472,7.031094549260447,20000,20000,3.0799
BBOB_f23,CMA-ES/IPOP sigma0=0.3*span ipop=x2,ok,,cmaes,10,22,3569161520,1.1431391772147181,8.013139177214718,20000,20000,3.0086
BBOB_f23,CMA-ES/IPOP sigma0=0.3*span ipop=x2,ok,,cmaes,10,23,2891961531,0.32792198560050156,7.197921985600502,20000,20000,2.9878
BBOB_f23,CMA-ES/IPOP sigma0=0.3*span ipop=x2,ok,,cmaes,10,24,2034633707,1.6645367105345388,8.534536710534539,20000,20000,2.6858
BBOB_f23,CMA-ES/IPOP sigma0=0.3*span ipop=x2,ok,,cmaes,10,25,1610701445,1.2173279142006637,8.087327914200664,20000,20000,2.9742
BBOB_f23,CMA-ES/IPOP sigma0=0.3*span ipop=x2,ok,,cmaes,10,26,3437700291,0.3597550786802275,7.229755078680228,20000,20000,2.6818
BBOB_f23,CMA-ES/IPOP sigma0=0.3*span ipop=x2,ok,,cmaes,10,27,948134722,1.3604555182262876,8.230455518226288,20000,20000,2.7334
BBOB_f23,CMA-ES/IPOP sigma0=0.3*span ipop=x2,ok,,cmaes,10,28,3470256232,1.870951082996922,8.740951082996922,20000,20000,2.6775
BBOB_f23,CMA-ES/IPOP sigma0=0.3*span ipop=x2,ok,,cmaes,10,29,4225343560,1.6779761521548222,8.547976152154822,20000,20000,2.8136
BBOB_f23,DE/rand/1/bin F=0.5 CR=0.9 NP=50,ok,,de,10,0,2049126285,1.44881272051422,8.31881272051422,20000,20000,2.0184
BBOB_f23,DE/rand/1/bin F=0.5 CR=0.9 NP=50,ok,,de,10,1,1246684009,1.4909990517714684,8.360999051771469,20000,20000,1.8732
BBOB_f23,DE/rand/1/bin F=0.5 CR=0.9 NP=50,ok,,de,10,2,747799089,0.9305566171807724,7.8005566171807725,20000,20000,1.9763
BBOB_f23,DE/rand/1/bin F=0.5 CR=0.9 NP=50,ok,,de,10,3,1404342437,1.2046694006078953,8.074669400607895,20000,20000,2.0732
BBOB_f23,DE/rand/1/bin F=0.5 CR=0.9 NP=50,ok,,de,10,4,4133092187,1.5055300560017946,8.375530056001795,20000,20000,2.0587
BBOB_f23,DE/rand/1/bin F=0.5 CR=0.9 NP=50,ok,,de,10,5,621278639,0.8309461483535641,7.700946148353564,20000,20000,1.6059
BBOB_f23,DE/rand/1/bin F=0.5 CR=0.9 NP=50,ok,,de,10,6,2891340078,1.4531073665927812,8.323107366592781,20000,20000,1.4956
BBOB_f23,DE/rand/1/bin F=0.5 CR=0.9 NP=50,ok,,de,10,7,457399262,1.2175104426445253,8.087510442644525,20000,20000,1.5448
BBOB_f23,DE/rand/1/bin F=0.5 CR=0.9 NP=50,ok,,de,10,8,4184764284,1.659630050967567,8.529630050967567,20000,20000,1.3107
BBOB_f23,DE/rand/1/bin F=0.5 CR=0.9 NP=50,ok,,de,10,9,1565435161,1.8184546801424917,8.688454680142492,20000,20000,1.5211
BBOB_f23,DE/rand/1/bin F=0.5 CR=0.9 NP=50,ok,,de,10,10,984153772,0.8778807718348727,7.747880771834873,20000,20000,1.3611
BBOB_f23,DE/rand/1/bin F=0.5 CR=0.9 NP=50,ok,,de,10,11,3052158226,1.1930899844319756,8.063089984431976,20000,20000,1.2847
BBOB_f23,DE/rand/1/bin F=0.5 CR=0.9 NP=50,ok,,de,10,12,3693522489,1.2686389398628863,8.138638939862886,20000,20000,1.3441
BBOB_f23,DE/rand/1/bin F=0.5 CR=0.9 NP=50,ok,,de,10,13,3922312567,1.2728790745187561,8.142879074518756,20000,20000,1.2909
BBOB_f23,DE/rand/1/bin F=0.5 CR=0.9 NP=50,ok,,de,10,14,1259306879,1.887036581474642,8.757036581474642,20000,20000,1.2517
BBOB_f23,DE/rand/1/bin F=0.5 CR=0.9 NP=50,ok,,de,10,15,2875571376,0.7972247524438432,7.667224752443843,20000,20000,1.2007
BBOB_f23,DE/rand/1/bin F=0.5 CR=0.9 NP=50,ok,,de,10,16,3697790015,1.6356778576122766,8.505677857612277,20000,20000,1.3232
BBOB_f23,DE/rand/1/bin F=0.5 CR=0.9 NP=50,ok,,de,10,17,2972680695,1.2388142301443699,8.10881423014437,20000,20000,1.2996
BBOB_f23,DE/rand/1/bin F=0.5 CR=0.9 NP=50,ok,,de,10,18,589181375,1.3296495709791651,8.199649570979165,20000,20000,1.2005
BBOB_f23,DE/rand/1/bin F=0.5 CR=0.9 NP=50,ok,,de,10,19,695318897,2.138871614653337,9.008871614653337,20000,20000,1.2106
BBOB_f23,DE/rand/1/bin F=0.5 CR=0.9 NP=50,ok,,de,10,20,3361034246,1.3817092957294426,8.251709295729443,20000,20000,1.09
BBOB_f23,DE/rand/1/bin F=0.5 CR=0.9 NP=50,ok,,de,10,21,1887065143,0.7204225146959873,7.590422514695987,20000,20000,1.2422
BBOB_f23,DE/rand/1/bin F=0.5 CR=0.9 NP=50,ok,,de,10,22,1381508245,1.2711800864498004,8.1411800864498,20000,20000,1.2731
BBOB_f23,DE/rand/1/bin F=0.5 CR=0.9 NP=50,ok,,de,10,23,3327005032,1.3755294347618507,8.24552943476185,20000,20000,1.2102
BBOB_f23,DE/rand/1/bin F=0.5 CR=0.9 NP=50,ok,,de,10,24,3822994207,1.8129532207827284,8.682953220782728,20000,20000,1.3052
BBOB_f23,DE/rand/1/bin F=0.5 CR=0.9 NP=50,ok,,de,10,25,1836623791,1.7519442903794653,8.621944290379465,20000,20000,1.2744
BBOB_f23,DE/rand/1/bin F=0.5 CR=0.9 NP=50,ok,,de,10,26,3846324952,1.0449062982135944,7.9149062982135945,20000,20000,1.2866
BBOB_f23,DE/rand/1/bin F=0.5 CR=0.9 NP=50,ok,,de,10,27,524352759,1.2518761386362245,8.121876138636225,20000,20000,1.5154
BBOB_f23,DE/rand/1/bin F=0.5 CR=0.9 NP=50,ok,,de,10,28,3970807248,1.918215575989744,8.788215575989744,20000,20000,1.3084
BBOB_f23,DE/rand/1/bin F=0.5 CR=0.9 NP=50,ok,,de,10,29,2295947774,1.607226084323961,8.477226084323961,20000,20000,1.264
BBOB_f23,GA/SBX NP=50 pc=0.9 eta_c=20.0 eta_m=20.0,ok,,ga,10,0,2046874702,1.4457776831661748,8.315777683166175,20000,20000,0.9567
BBOB_f23,GA/SBX NP=50 pc=0.9 eta_c=20.0 eta_m=20.0,ok,,ga,10,1,2372866583,0.21827705200757297,7.088277052007573,20000,20000,0.944
BBOB_f23,GA/SBX NP=50 pc=0.9 eta_c=20.0 eta_m=20.0,ok,,ga,10,2,957575071,0.5309340058665475,7.400934005866548,20000,20000,0.8358
BBOB_f23,GA/SBX NP=50 pc=0.9 eta_c=20.0 eta_m=20.0,ok,,ga,10,3,4241751663,0.28346468328911456,7.153464683289115,20000,20000,0.9721
BBOB_f23,GA/SBX NP=50 pc=0.9 eta_c=20.0 eta_m=20.0,ok,,ga,10,4,2236956960,0.6296302631694815,7.499630263169482,20000,20000,0.9378
BBOB_f23,GA/SBX NP=50 pc=0.9 eta_c=20.0 eta_m=20.0,ok,,ga,10,5,4169321573,1.2567492117579784,8.126749211757978,20000,20000,0.9661
BBOB_f23,GA/SBX NP=50 pc=0.9 eta_c=20.0 eta_m=20.0,ok,,ga,10,6,3566873216,1.271671413400127,8.141671413400127,20000,20000,1.0034
BBOB_f23,GA/SBX NP=50 pc=0.9 eta_c=20.0 eta_m=20.0,ok,,ga,10,7,687327220,1.4926424686400788,8.362642468640079,20000,20000,0.9363
BBOB_f23,GA/SBX NP=50 pc=0.9 eta_c=20.0 eta_m=20.0,ok,,ga,10,8,50936339,0.7147890768340561,7.584789076834056,20000,20000,0.9379
BBOB_f23,GA/SBX NP=50 pc=0.9 eta_c=20.0 eta_m=20.0,ok,,ga,10,9,3122279364,1.0212074920828078,7.891207492082808,20000,20000,0.9364
BBOB_f23,GA/SBX NP=50 pc=0.9 eta_c=20.0 eta_m=20.0,ok,,ga,10,10,894776367,0.8612539137462063,7.731253913746206,20000,20000,0.9196
BBOB_f23,GA/SBX NP=50 pc=0.9 eta_c=20.0 eta_m=20.0,ok,,ga,10,11,627344149,1.044137420864046,7.914137420864046,20000,20000,0.8596
BBOB_f23,GA/SBX NP=50 pc=0.9 eta_c=20.0 eta_m=20.0,ok,,ga,10,12,1761847435,1.0671355634979118,7.937135563497912,20000,20000,0.9751
BBOB_f23,GA/SBX NP=50 pc=0.9 eta_c=20.0 eta_m=20.0,ok,,ga,10,13,1531301331,1.0939392703752349,7.963939270375235,20000,20000,0.8846
BBOB_f23,GA/SBX NP=50 pc=0.9 eta_c=20.0 eta_m=20.0,ok,,ga,10,14,3182057562,0.8499454623517844,7.7199454623517845,20000,20000,0.9298
BBOB_f23,GA/SBX NP=50 pc=0.9 eta_c=20.0 eta_m=20.0,ok,,ga,10,15,2255024905,1.1799677180256785,8.049967718025679,20000,20000,0.9095
BBOB_f23,GA/SBX NP=50 pc=0.9 eta_c=20.0 eta_m=20.0,ok,,ga,10,16,3481713168,0.7559134096849629,7.625913409684963,20000,20000,0.8472
BBOB_f23,GA/SBX NP=50 pc=0.9 eta_c=20.0 eta_m=20.0,ok,,ga,10,17,3032928801,1.205133992563355,8.075133992563355,20000,20000,0.8278
BBOB_f23,GA/SBX NP=50 pc=0.9 eta_c=20.0 eta_m=20.0,ok,,ga,10,18,2087718837,0.34687547279299835,7.2168754727929985,20000,20000,0.8892
BBOB_f23,GA/SBX NP=50 pc=0.9 eta_c=20.0 eta_m=20.0,ok,,ga,10,19,1747900467,0.8542666911399435,7.724266691139944,20000,20000,0.8824
BBOB_f23,GA/SBX NP=50 pc=0.9 eta_c=20.0 eta_m=20.0,ok,,ga,10,20,4035460570,1.1628584522324283,8.032858452232428,20000,20000,0.8581
BBOB_f23,GA/SBX NP=50 pc=0.9 eta_c=20.0 eta_m=20.0,ok,,ga,10,21,4224733964,0.9968834521794774,7.8668834521794775,20000,20000,0.9149
BBOB_f23,GA/SBX NP=50 pc=0.9 eta_c=20.0 eta_m=20.0,ok,,ga,10,22,2709187779,0.7201473540645384,7.5901473540645386,20000,20000,0.8687
BBOB_f23,GA/SBX NP=50 pc=0.9 eta_c=20.0 eta_m=20.0,ok,,ga,10,23,282717323,0.41768726187378746,7.287687261873788,20000,20000,0.8761
BBOB_f23,GA/SBX NP=50 pc=0.9 eta_c=20.0 eta_m=20.0,ok,,ga,10,24,4166420722,0.5471212507386403,7.41712125073864,20000,20000,0.8943
BBOB_f23,GA/SBX NP=50 pc=0.9 eta_c=20.0 eta_m=20.0,ok,,ga,10,25,3720675946,0.6348255617043757,7.504825561704376,20000,20000,0.9372
BBOB_f23,GA/SBX NP=50 pc=0.9 eta_c=20.0 eta_m=20.0,ok,,ga,10,26,381645114,0.6788814780470904,7.5488814780470905,20000,20000,0.9109
BBOB_f23,GA/SBX NP=50 pc=0.9 eta_c=20.0 eta_m=20.0,ok,,ga,10,27,1803884344,0.5292932066460594,7.3992932066460595,20000,20000,0.8365
BBOB_f23,GA/SBX NP=50 pc=0.9 eta_c=20.0 eta_m=20.0,ok,,ga,10,28,2501643152,0.9257093806916883,7.795709380691688,20000,20000,0.8367
BBOB_f23,GA/SBX NP=50 pc=0.9 eta_c=20.0 eta_m=20.0,ok,,ga,10,29,4135030293,0.4324822182462045,7.302482218246205,20000,20000,0.8102
BBOB_f23,PSO/constriction N=40 c1=2.05 c2=2.05 chi=0.7298,ok,,pso,10,0,3756124997,0.6678960395025575,7.537896039502558,20000,20000,0.2378
BBOB_f23,PSO/constriction N=40 c1=2.05 c2=2.05 chi=0.7298,ok,,pso,10,1,3446837503,0.7923229464790369,7.662322946479037,20000,20000,0.2247
BBOB_f23,PSO/constriction N=40 c1=2.05 c2=2.05 chi=0.7298,ok,,pso,10,2,197053795,1.1836759224225348,8.053675922422535,20000,20000,0.1389
BBOB_f23,PSO/constriction N=40 c1=2.05 c2=2.05 chi=0.7298,ok,,pso,10,3,3196347291,1.2266454254985328,8.096645425498533,20000,20000,0.1408
BBOB_f23,PSO/constriction N=40 c1=2.05 c2=2.05 chi=0.7298,ok,,pso,10,4,2531719113,0.6086066677281581,7.478606667728158,20000,20000,0.1453
BBOB_f23,PSO/constriction N=40 c1=2.05 c2=2.05 chi=0.7298,ok,,pso,10,5,1896480585,0.722564835967356,7.592564835967356,20000,20000,0.1316
BBOB_f23,PSO/constriction N=40 c1=2.05 c2=2.05 chi=0.7298,ok,,pso,10,6,1525325291,1.0845337360916156,7.954533736091616,20000,20000,0.2065
BBOB_f23,PSO/constriction N=40 c1=2.05 c2=2.05 chi=0.7298,ok,,pso,10,7,3185242500,1.28740895937936,8.15740895937936,20000,20000,0.3088
BBOB_f23,PSO/constriction N=40 c1=2.05 c2=2.05 chi=0.7298,ok,,pso,10,8,4117530118,0.6650709929842762,7.535070992984276,20000,20000,0.1499
BBOB_f23,PSO/constriction N=40 c1=2.05 c2=2.05 chi=0.7298,ok,,pso,10,9,2998881408,1.705268430428414,8.575268430428414,20000,20000,0.1483
BBOB_f23,PSO/constriction N=40 c1=2.05 c2=2.05 chi=0.7298,ok,,pso,10,10,2859457944,1.6445941369392054,8.514594136939206,20000,20000,0.1452
BBOB_f23,PSO/constriction N=40 c1=2.05 c2=2.05 chi=0.7298,ok,,pso,10,11,1717461630,0.8233980093132338,7.693398009313234,20000,20000,0.1372
BBOB_f23,PSO/constriction N=40 c1=2.05 c2=2.05 chi=0.7298,ok,,pso,10,12,2864827442,1.197145724461838,8.067145724461838,20000,20000,0.1312
BBOB_f23,PSO/constriction N=40 c1=2.05 c2=2.05 chi=0.7298,ok,,pso,10,13,3420398793,1.2277933206156435,8.097793320615644,20000,20000,0.1434
BBOB_f23,PSO/constriction N=40 c1=2.05 c2=2.05 chi=0.7298,ok,,pso,10,14,3966658723,0.8697007342314889,7.739700734231489,20000,20000,0.143
BBOB_f23,PSO/constriction N=40 c1=2.05 c2=2.05 chi=0.7298,ok,,pso,10,15,791713980,1.636278626108015,8.506278626108015,20000,20000,0.1703
BBOB_f23,PSO/constriction N=40 c1=2.05 c2=2.05 chi=0.7298,ok,,pso,10,16,2752315082,1.1003932797411808,7.970393279741181,20000,20000,0.1439
BBOB_f23,PSO/constriction N=40 c1=2.05 c2=2.05 chi=0.7298,ok,,pso,10,17,2753956199,0.6467507315053309,7.516750731505331,20000,20000,0.1566
BBOB_f23,PSO/constriction N=40 c1=2.05 c2=2.05 chi=0.7298,ok,,pso,10,18,2726761055,0.6538825515582731,7.523882551558273,20000,20000,0.1545
BBOB_f23,PSO/constriction N=40 c1=2.05 c2=2.05 chi=0.7298,ok,,pso,10,19,3279700872,1.205015066748131,8.075015066748131,20000,20000,0.1538
BBOB_f23,PSO/constriction N=40 c1=2.05 c2=2.05 chi=0.7298,ok,,pso,10,20,3044811906,0.5618391499578985,7.431839149957899,20000,20000,0.206
BBOB_f23,PSO/constriction N=40 c1=2.05 c2=2.05 chi=0.7298,ok,,pso,10,21,305248088,0.9012112757221615,7.771211275722162,20000,20000,0.1974
BBOB_f23,PSO/constriction N=40 c1=2.05 c2=2.05 chi=0.7298,ok,,pso,10,22,20777264,0.6194604925944915,7.489460492594492,20000,20000,0.1809
BBOB_f23,PSO/constriction N=40 c1=2.05 c2=2.05 chi=0.7298,ok,,pso,10,23,1327671367,0.8316588155754081,7.701658815575408,20000,20000,0.1879
BBOB_f23,PSO/constriction N=40 c1=2.05 c2=2.05 chi=0.7298,ok,,pso,10,24,2755315321,0.9019426460991697,7.77194264609917,20000,20000,0.1751
BBOB_f23,PSO/constriction N=40 c1=2.05 c2=2.05 chi=0.7298,ok,,pso,10,25,1291219029,0.8837224210010728,7.753722421001073,20000,20000,0.1617
BBOB_f23,PSO/constriction N=40 c1=2.05 c2=2.05 chi=0.7298,ok,,pso,10,26,3687257136,1.0801793621786322,7.950179362178632,20000,20000,0.174
BBOB_f23,PSO/constriction N=40 c1=2.05 c2=2.05 chi=0.7298,ok,,pso,10,27,1331106939,0.9736341129786137,7.843634112978614,20000,20000,0.177
BBOB_f23,PSO/constriction N=40 c1=2.05 c2=2.05 chi=0.7298,ok,,pso,10,28,2026289994,1.3853353802314148,8.255335380231415,20000,20000,0.1411
BBOB_f23,PSO/constriction N=40 c1=2.05 c2=2.05 chi=0.7298,ok,,pso,10,29,2464295026,1.2609834432344167,8.130983443234417,20000,20000,0.1435
BBOB_f23,RandomSearch,ok,,random,10,0,2215337393,0.8251686152431947,7.695168615243195,20000,20000,0.4622
BBOB_f23,RandomSearch,ok,,random,10,1,1138772139,1.712366698207176,8.582366698207176,20000,20000,0.4071
BBOB_f23,RandomSearch,ok,,random,10,2,462112375,1.6418029676921977,8.511802967692198,20000,20000,0.494
BBOB_f23,RandomSearch,ok,,random,10,3,1625550589,1.2233834766574772,8.093383476657477,20000,20000,0.4995
BBOB_f23,RandomSearch,ok,,random,10,4,3433381256,1.3291156346751274,8.199115634675127,20000,20000,0.6636
BBOB_f23,RandomSearch,ok,,random,10,5,1089189548,1.4770360026020333,8.347036002602033,20000,20000,0.5936
BBOB_f23,RandomSearch,ok,,random,10,6,3900298538,1.4839517703967333,8.353951770396733,20000,20000,0.5096
BBOB_f23,RandomSearch,ok,,random,10,7,2820968143,1.7090539845177046,8.579053984517705,20000,20000,0.498
BBOB_f23,RandomSearch,ok,,random,10,8,727566428,1.9057117929817577,8.775711792981758,20000,20000,0.5788
BBOB_f23,RandomSearch,ok,,random,10,9,1187212847,1.4463226146814714,8.316322614681471,20000,20000,0.4703
BBOB_f23,RandomSearch,ok,,random,10,10,3128846779,1.615344231341214,8.485344231341214,20000,20000,0.4686
BBOB_f23,RandomSearch,ok,,random,10,11,651950281,1.2910023705911877,8.161002370591188,20000,20000,0.4552
BBOB_f23,RandomSearch,ok,,random,10,12,840047706,1.2520244262541658,8.122024426254166,20000,20000,0.6613
BBOB_f23,RandomSearch,ok,,random,10,13,1948532902,1.4661668643449746,8.336166864344975,20000,20000,0.641
BBOB_f23,RandomSearch,ok,,random,10,14,3062165341,1.8663584365903398,8.73635843659034,20000,20000,0.6387
BBOB_f23,RandomSearch,ok,,random,10,15,3224092982,1.4646832727705315,8.334683272770532,20000,20000,0.6323
BBOB_f23,RandomSearch,ok,,random,10,16,1800482176,1.8744544331960045,8.744454433196005,20000,20000,0.6872
BBOB_f23,RandomSearch,ok,,random,10,17,4287004782,1.5442809727915359,8.414280972791536,20000,20000,0.6665
BBOB_f23,RandomSearch,ok,,random,10,18,630530035,1.1256478277010435,7.995647827701044,20000,20000,0.6461
BBOB_f23,RandomSearch,ok,,random,10,19,3531401057,1.7121843850708638,8.582184385070864,20000,20000,0.7437
BBOB_f23,RandomSearch,ok,,random,10,20,1418154327,1.2624199125006745,8.132419912500675,20000,20000,0.5581
BBOB_f23,RandomSearch,ok,,random,10,21,144658018,1.6097725542210908,8.47977255422109,20000,20000,0.5716
BBOB_f23,RandomSearch,ok,,random,10,22,2994940878,1.9197766079421745,8.789776607942175,20000,20000,0.5728
BBOB_f23,RandomSearch,ok,,random,10,23,3122091628,1.7060554793007165,8.576055479300717,20000,20000,0.5505
BBOB_f23,RandomSearch,ok,,random,10,24,4067328393,1.3958535012802207,8.26585350128022,20000,20000,0.5748
BBOB_f23,RandomSearch,ok,,random,10,25,918869028,1.7413120127030508,8.611312012703051,20000,20000,0.534
BBOB_f23,RandomSearch,ok,,random,10,26,2438994721,1.570948031824856,8.440948031824856,20000,20000,0.5447
BBOB_f23,RandomSearch,ok,,random,10,27,2332964391,1.3145303220854485,8.184530322085449,20000,20000,1.0058
BBOB_f23,RandomSearch,ok,,random,10,28,1943187910,1.4662840167333089,8.336284016733309,20000,20000,1.1447
BBOB_f23,RandomSearch,ok,,random,10,29,2603809588,1.8417295442853971,8.711729544285397,20000,20000,1.1606
BBOB_f24,CMA-ES/IPOP sigma0=0.3*span ipop=x2,ok,,cmaes,10,0,3139765948,19.018925907601314,121.62892590760131,20000,20000,2.1191
BBOB_f24,CMA-ES/IPOP sigma0=0.3*span ipop=x2,ok,,cmaes,10,1,3875576092,16.36438479349667,118.97438479349667,20000,20000,1.9515
BBOB_f24,CMA-ES/IPOP sigma0=0.3*span ipop=x2,ok,,cmaes,10,2,2585873606,16.2909129827095,118.9009129827095,20000,20000,1.9874
BBOB_f24,CMA-ES/IPOP sigma0=0.3*span ipop=x2,ok,,cmaes,10,3,3572939944,13.447559291923952,116.05755929192395,20000,20000,2.0672
BBOB_f24,CMA-ES/IPOP sigma0=0.3*span ipop=x2,ok,,cmaes,10,4,3063834340,17.464534676306528,120.07453467630653,20000,20000,2.1257
BBOB_f24,CMA-ES/IPOP sigma0=0.3*span ipop=x2,ok,,cmaes,10,5,2857321471,17.6316557978938,120.2416557978938,20000,20000,1.8961
BBOB_f24,CMA-ES/IPOP sigma0=0.3*span ipop=x2,ok,,cmaes,10,6,2754697895,14.036929010803433,116.64692901080343,20000,20000,1.7669
BBOB_f24,CMA-ES/IPOP sigma0=0.3*span ipop=x2,ok,,cmaes,10,7,3144012932,4.337161419504255,106.94716141950425,20000,20000,1.9765
BBOB_f24,CMA-ES/IPOP sigma0=0.3*span ipop=x2,ok,,cmaes,10,8,4261718257,16.838079804918678,119.44807980491868,20000,20000,2.1943
BBOB_f24,CMA-ES/IPOP sigma0=0.3*span ipop=x2,ok,,cmaes,10,9,477234051,20.29062601504708,122.90062601504708,20000,20000,2.0345
BBOB_f24,CMA-ES/IPOP sigma0=0.3*span ipop=x2,ok,,cmaes,10,10,605389169,15.586317446712172,118.19631744671217,20000,20000,2.3967
BBOB_f24,CMA-ES/IPOP sigma0=0.3*span ipop=x2,ok,,cmaes,10,11,2262251305,16.619002525962387,119.22900252596239,20000,20000,2.7073
BBOB_f24,CMA-ES/IPOP sigma0=0.3*span ipop=x2,ok,,cmaes,10,12,3586116466,17.28701887154466,119.89701887154466,20000,20000,2.4274
BBOB_f24,CMA-ES/IPOP sigma0=0.3*span ipop=x2,ok,,cmaes,10,13,2581548553,13.492389582229066,116.10238958222907,20000,20000,2.8668
BBOB_f24,CMA-ES/IPOP sigma0=0.3*span ipop=x2,ok,,cmaes,10,14,145897098,11.878003015759717,114.48800301575972,20000,20000,2.2577
BBOB_f24,CMA-ES/IPOP sigma0=0.3*span ipop=x2,ok,,cmaes,10,15,1769244560,15.12152771554237,117.73152771554237,20000,20000,2.2617
BBOB_f24,CMA-ES/IPOP sigma0=0.3*span ipop=x2,ok,,cmaes,10,16,2745639747,14.916476037921257,117.52647603792126,20000,20000,2.711
BBOB_f24,CMA-ES/IPOP sigma0=0.3*span ipop=x2,ok,,cmaes,10,17,839902955,13.819104025906014,116.42910402590601,20000,20000,3.1023
BBOB_f24,CMA-ES/IPOP sigma0=0.3*span ipop=x2,ok,,cmaes,10,18,884488314,18.243347362932695,120.8533473629327,20000,20000,2.4539
BBOB_f24,CMA-ES/IPOP sigma0=0.3*span ipop=x2,ok,,cmaes,10,19,3059893671,15.516893229865573,118.12689322986557,20000,20000,2.3422
BBOB_f24,CMA-ES/IPOP sigma0=0.3*span ipop=x2,ok,,cmaes,10,20,2963708652,4.2849898297017575,106.89498982970176,20000,20000,2.2734
BBOB_f24,CMA-ES/IPOP sigma0=0.3*span ipop=x2,ok,,cmaes,10,21,2039675678,16.583641391946614,119.19364139194661,20000,20000,2.3826
BBOB_f24,CMA-ES/IPOP sigma0=0.3*span ipop=x2,ok,,cmaes,10,22,2454365819,18.191618540025956,120.80161854002596,20000,20000,2.0814
BBOB_f24,CMA-ES/IPOP sigma0=0.3*span ipop=x2,ok,,cmaes,10,23,326773573,17.815104748636983,120.42510474863698,20000,20000,2.4904
BBOB_f24,CMA-ES/IPOP sigma0=0.3*span ipop=x2,ok,,cmaes,10,24,2847091388,16.737061822638353,119.34706182263835,20000,20000,1.8829
BBOB_f24,CMA-ES/IPOP sigma0=0.3*span ipop=x2,ok,,cmaes,10,25,620336366,15.157992754573868,117.76799275457387,20000,20000,2.1265
BBOB_f24,CMA-ES/IPOP sigma0=0.3*span ipop=x2,ok,,cmaes,10,26,3023227234,14.9203143452864,117.5303143452864,20000,20000,1.8839
BBOB_f24,CMA-ES/IPOP sigma0=0.3*span ipop=x2,ok,,cmaes,10,27,619994897,15.582156944437102,118.1921569444371,20000,20000,2.0311
BBOB_f24,CMA-ES/IPOP sigma0=0.3*span ipop=x2,ok,,cmaes,10,28,3559878135,12.789040039248292,115.39904003924829,20000,20000,1.7181
BBOB_f24,CMA-ES/IPOP sigma0=0.3*span ipop=x2,ok,,cmaes,10,29,1180121863,20.54169308831176,123.15169308831176,20000,20000,2.2956
BBOB_f24,DE/rand/1/bin F=0.5 CR=0.9 NP=50,ok,,de,10,0,421117376,50.10605838402877,152.71605838402877,20000,20000,1.0373
BBOB_f24,DE/rand/1/bin F=0.5 CR=0.9 NP=50,ok,,de,10,1,2800728059,37.99502762274416,140.60502762274416,20000,20000,1.1059
BBOB_f24,DE/rand/1/bin F=0.5 CR=0.9 NP=50,ok,,de,10,2,331028118,47.88384747020403,150.49384747020403,20000,20000,1.0779
BBOB_f24,DE/rand/1/bin F=0.5 CR=0.9 NP=50,ok,,de,10,3,3852349718,47.51637327956759,150.1263732795676,20000,20000,1.069
BBOB_f24,DE/rand/1/bin F=0.5 CR=0.9 NP=50,ok,,de,10,4,1255690448,43.16342626605966,145.77342626605966,20000,20000,1.1117
BBOB_f24,DE/rand/1/bin F=0.5 CR=0.9 NP=50,ok,,de,10,5,2276423074,39.67868673081459,142.2886867308146,20000,20000,1.1462
BBOB_f24,DE/rand/1/bin F=0.5 CR=0.9 NP=50,ok,,de,10,6,2832256930,41.14716001877433,143.75716001877433,20000,20000,1.0858
BBOB_f24,DE/rand/1/bin F=0.5 CR=0.9 NP=50,ok,,de,10,7,3201333045,43.175610860419866,145.78561086041987,20000,20000,1.1757
BBOB_f24,DE/rand/1/bin F=0.5 CR=0.9 NP=50,ok,,de,10,8,3489334138,31.017270457332174,133.62727045733217,20000,20000,1.2505
BBOB_f24,DE/rand/1/bin F=0.5 CR=0.9 NP=50,ok,,de,10,9,339973196,44.12080302590637,146.73080302590637,20000,20000,1.3271
BBOB_f24,DE/rand/1/bin F=0.5 CR=0.9 NP=50,ok,,de,10,10,2691901410,33.32321130667522,135.93321130667522,20000,20000,1.2489
BBOB_f24,DE/rand/1/bin F=0.5 CR=0.9 NP=50,ok,,de,10,11,3109917667,48.88387222524024,151.49387222524024,20000,20000,1.2737
BBOB_f24,DE/rand/1/bin F=0.5 CR=0.9 NP=50,ok,,de,10,12,2639367767,33.43403442152716,136.04403442152716,20000,20000,1.4836
BBOB_f24,DE/rand/1/bin F=0.5 CR=0.9 NP=50,ok,,de,10,13,3964195746,42.65167814173303,145.26167814173303,20000,20000,1.5195
BBOB_f24,DE/rand/1/bin F=0.5 CR=0.9 NP=50,ok,,de,10,14,473170102,42.959383248134074,145.56938324813407,20000,20000,1.4689
BBOB_f24,DE/rand/1/bin F=0.5 CR=0.9 NP=50,ok,,de,10,15,1557966465,31.8968450487326,134.5068450487326,20000,20000,1.6303
BBOB_f24,DE/rand/1/bin F=0.5 CR=0.9 NP=50,ok,,de,10,16,1252871383,38.796679884242636,141.40667988424264,20000,20000,1.4118
BBOB_f24,DE/rand/1/bin F=0.5 CR=0.9 NP=50,ok,,de,10,17,1628064305,33.4275287543589,136.0375287543589,20000,20000,1.6008
BBOB_f24,DE/rand/1/bin F=0.5 CR=0.9 NP=50,ok,,de,10,18,2458656019,46.434336872408394,149.0443368724084,20000,20000,1.8215
BBOB_f24,DE/rand/1/bin F=0.5 CR=0.9 NP=50,ok,,de,10,19,2729969719,38.89133349589672,141.50133349589672,20000,20000,1.8197
BBOB_f24,DE/rand/1/bin F=0.5 CR=0.9 NP=50,ok,,de,10,20,1447859159,37.906281997905054,140.51628199790505,20000,20000,1.5361
BBOB_f24,DE/rand/1/bin F=0.5 CR=0.9 NP=50,ok,,de,10,21,696921676,46.55902773390865,149.16902773390865,20000,20000,1.5713
BBOB_f24,DE/rand/1/bin F=0.5 CR=0.9 NP=50,ok,,de,10,22,3282409503,44.276938612960535,146.88693861296053,20000,20000,1.4031
BBOB_f24,DE/rand/1/bin F=0.5 CR=0.9 NP=50,ok,,de,10,23,2869797063,45.44939409745065,148.05939409745065,20000,20000,1.4908
BBOB_f24,DE/rand/1/bin F=0.5 CR=0.9 NP=50,ok,,de,10,24,3960863930,45.506894662908465,148.11689466290846,20000,20000,1.5958
BBOB_f24,DE/rand/1/bin F=0.5 CR=0.9 NP=50,ok,,de,10,25,3529845123,46.28643568879785,148.89643568879785,20000,20000,1.3065
BBOB_f24,DE/rand/1/bin F=0.5 CR=0.9 NP=50,ok,,de,10,26,2046644356,43.196364337215655,145.80636433721565,20000,20000,1.1973
BBOB_f24,DE/rand/1/bin F=0.5 CR=0.9 NP=50,ok,,de,10,27,1340174335,48.353403401495896,150.9634034014959,20000,20000,1.2014
BBOB_f24,DE/rand/1/bin F=0.5 CR=0.9 NP=50,ok,,de,10,28,2982168408,48.9792257996382,151.5892257996382,20000,20000,1.1939
BBOB_f24,DE/rand/1/bin F=0.5 CR=0.9 NP=50,ok,,de,10,29,1714651171,44.733318453969574,147.34331845396957,20000,20000,1.2026
BBOB_f24,GA/SBX NP=50 pc=0.9 eta_c=20.0 eta_m=20.0,ok,,ga,10,0,3914565127,70.12383366597645,172.73383366597645,20000,20000,0.7033
BBOB_f24,GA/SBX NP=50 pc=0.9 eta_c=20.0 eta_m=20.0,ok,,ga,10,1,667280809,54.51698671217214,157.12698671217214,20000,20000,0.7247
BBOB_f24,GA/SBX NP=50 pc=0.9 eta_c=20.0 eta_m=20.0,ok,,ga,10,2,786238796,54.61291993428411,157.2229199342841,20000,20000,0.707
BBOB_f24,GA/SBX NP=50 pc=0.9 eta_c=20.0 eta_m=20.0,ok,,ga,10,3,4056445049,107.74529854272772,210.35529854272772,20000,20000,0.7222
BBOB_f24,GA/SBX NP=50 pc=0.9 eta_c=20.0 eta_m=20.0,ok,,ga,10,4,17356060,108.43142326644464,211.04142326644464,20000,20000,0.7312
BBOB_f24,GA/SBX NP=50 pc=0.9 eta_c=20.0 eta_m=20.0,ok,,ga,10,5,3575647403,67.92165257062105,170.53165257062105,20000,20000,0.7233
BBOB_f24,GA/SBX NP=50 pc=0.9 eta_c=20.0 eta_m=20.0,ok,,ga,10,6,1362732581,138.8046110219659,241.41461102196592,20000,20000,0.7336
BBOB_f24,GA/SBX NP=50 pc=0.9 eta_c=20.0 eta_m=20.0,ok,,ga,10,7,1684572456,53.792113175430885,156.40211317543088,20000,20000,0.7367
BBOB_f24,GA/SBX NP=50 pc=0.9 eta_c=20.0 eta_m=20.0,ok,,ga,10,8,1609867594,72.2836927120912,174.8936927120912,20000,20000,0.7071
BBOB_f24,GA/SBX NP=50 pc=0.9 eta_c=20.0 eta_m=20.0,ok,,ga,10,9,3800313940,60.8996818031395,163.5096818031395,20000,20000,0.6898
BBOB_f24,GA/SBX NP=50 pc=0.9 eta_c=20.0 eta_m=20.0,ok,,ga,10,10,1117761613,82.63643896218197,185.24643896218197,20000,20000,0.701
BBOB_f24,GA/SBX NP=50 pc=0.9 eta_c=20.0 eta_m=20.0,ok,,ga,10,11,3463229685,63.9956119163286,166.6056119163286,20000,20000,0.6887
BBOB_f24,GA/SBX NP=50 pc=0.9 eta_c=20.0 eta_m=20.0,ok,,ga,10,12,2919236196,81.02848172709373,183.63848172709373,20000,20000,0.6907
BBOB_f24,GA/SBX NP=50 pc=0.9 eta_c=20.0 eta_m=20.0,ok,,ga,10,13,4018493445,66.19727633742959,168.80727633742958,20000,20000,0.7032
BBOB_f24,GA/SBX NP=50 pc=0.9 eta_c=20.0 eta_m=20.0,ok,,ga,10,14,377481357,43.66475926438265,146.27475926438265,20000,20000,0.7158
BBOB_f24,GA/SBX NP=50 pc=0.9 eta_c=20.0 eta_m=20.0,ok,,ga,10,15,1304869228,67.17899566875776,169.78899566875776,20000,20000,0.6753
BBOB_f24,GA/SBX NP=50 pc=0.9 eta_c=20.0 eta_m=20.0,ok,,ga,10,16,1650648203,48.19938215106272,150.80938215106272,20000,20000,1.1656
BBOB_f24,GA/SBX NP=50 pc=0.9 eta_c=20.0 eta_m=20.0,ok,,ga,10,17,2474703243,66.53636030473537,169.14636030473537,20000,20000,1.1697
BBOB_f24,GA/SBX NP=50 pc=0.9 eta_c=20.0 eta_m=20.0,ok,,ga,10,18,4068858418,47.330109364596595,149.9401093645966,20000,20000,1.25
BBOB_f24,GA/SBX NP=50 pc=0.9 eta_c=20.0 eta_m=20.0,ok,,ga,10,19,1088280407,60.99070760193901,163.600707601939,20000,20000,1.2102
BBOB_f24,GA/SBX NP=50 pc=0.9 eta_c=20.0 eta_m=20.0,ok,,ga,10,20,761665592,69.88246123895685,172.49246123895685,20000,20000,1.1777
BBOB_f24,GA/SBX NP=50 pc=0.9 eta_c=20.0 eta_m=20.0,ok,,ga,10,21,3690776734,79.49440444205455,182.10440444205454,20000,20000,1.1845
BBOB_f24,GA/SBX NP=50 pc=0.9 eta_c=20.0 eta_m=20.0,ok,,ga,10,22,3217514011,58.76177952188242,161.37177952188242,20000,20000,1.1676
BBOB_f24,GA/SBX NP=50 pc=0.9 eta_c=20.0 eta_m=20.0,ok,,ga,10,23,2010242208,57.76341374350413,160.37341374350413,20000,20000,1.2038
BBOB_f24,GA/SBX NP=50 pc=0.9 eta_c=20.0 eta_m=20.0,ok,,ga,10,24,3937840414,99.6836729338004,202.2936729338004,20000,20000,0.7393
BBOB_f24,GA/SBX NP=50 pc=0.9 eta_c=20.0 eta_m=20.0,ok,,ga,10,25,1029714262,77.16302648709457,179.77302648709457,20000,20000,0.7192
BBOB_f24,GA/SBX NP=50 pc=0.9 eta_c=20.0 eta_m=20.0,ok,,ga,10,26,795658437,55.760273206364346,158.37027320636435,20000,20000,0.7442
BBOB_f24,GA/SBX NP=50 pc=0.9 eta_c=20.0 eta_m=20.0,ok,,ga,10,27,1062401900,83.15353447450623,185.76353447450623,20000,20000,0.7278
BBOB_f24,GA/SBX NP=50 pc=0.9 eta_c=20.0 eta_m=20.0,ok,,ga,10,28,2910173324,81.79711504371905,184.40711504371905,20000,20000,0.7298
BBOB_f24,GA/SBX NP=50 pc=0.9 eta_c=20.0 eta_m=20.0,ok,,ga,10,29,3012918982,37.4875658145928,140.0975658145928,20000,20000,0.7178
BBOB_f24,PSO/constriction N=40 c1=2.05 c2=2.05 chi=0.7298,ok,,pso,10,0,2801130358,37.12771926886104,139.73771926886104,20000,20000,0.1387
BBOB_f24,PSO/constriction N=40 c1=2.05 c2=2.05 chi=0.7298,ok,,pso,10,1,167140952,20.753837287938794,123.3638372879388,20000,20000,0.1742
BBOB_f24,PSO/constriction N=40 c1=2.05 c2=2.05 chi=0.7298,ok,,pso,10,2,2403910717,37.16265054543156,139.77265054543156,20000,20000,0.1504
BBOB_f24,PSO/constriction N=40 c1=2.05 c2=2.05 chi=0.7298,ok,,pso,10,3,639055936,5.499693416140872,108.10969341614087,20000,20000,0.1389
BBOB_f24,PSO/constriction N=40 c1=2.05 c2=2.05 chi=0.7298,ok,,pso,10,4,3105248191,23.497872530555966,126.10787253055597,20000,20000,0.1463
BBOB_f24,PSO/constriction N=40 c1=2.05 c2=2.05 chi=0.7298,ok,,pso,10,5,152704410,40.67536194226439,143.2853619422644,20000,20000,0.1655
BBOB_f24,PSO/constriction N=40 c1=2.05 c2=2.05 chi=0.7298,ok,,pso,10,6,626989767,31.915344581221817,134.52534458122182,20000,20000,0.1383
BBOB_f24,PSO/constriction N=40 c1=2.05 c2=2.05 chi=0.7298,ok,,pso,10,7,3480792750,39.62178472102018,142.23178472102018,20000,20000,0.1965
BBOB_f24,PSO/constriction N=40 c1=2.05 c2=2.05 chi=0.7298,ok,,pso,10,8,295148924,40.316727817879766,142.92672781787977,20000,20000,0.1972
BBOB_f24,PSO/constriction N=40 c1=2.05 c2=2.05 chi=0.7298,ok,,pso,10,9,214089391,36.63747364623653,139.24747364623653,20000,20000,0.1276
BBOB_f24,PSO/constriction N=40 c1=2.05 c2=2.05 chi=0.7298,ok,,pso,10,10,1610807302,43.42047523026595,146.03047523026595,20000,20000,0.1184
BBOB_f24,PSO/constriction N=40 c1=2.05 c2=2.05 chi=0.7298,ok,,pso,10,11,2256813592,19.97864396703129,122.58864396703129,20000,20000,0.1279
BBOB_f24,PSO/constriction N=40 c1=2.05 c2=2.05 chi=0.7298,ok,,pso,10,12,2528169323,20.6325323454452,123.2425323454452,20000,20000,0.1237
BBOB_f24,PSO/constriction N=40 c1=2.05 c2=2.05 chi=0.7298,ok,,pso,10,13,3809199754,55.82808247031831,158.4380824703183,20000,20000,0.1316
BBOB_f24,PSO/constriction N=40 c1=2.05 c2=2.05 chi=0.7298,ok,,pso,10,14,3734202479,45.671324655193374,148.28132465519337,20000,20000,0.1165
BBOB_f24,PSO/constriction N=40 c1=2.05 c2=2.05 chi=0.7298,ok,,pso,10,15,3078400816,20.975018445655337,123.58501844565534,20000,20000,0.1465
BBOB_f24,PSO/constriction N=40 c1=2.05 c2=2.05 chi=0.7298,ok,,pso,10,16,255902332,17.200521207686208,119.81052120768621,20000,20000,0.1566
BBOB_f24,PSO/constriction N=40 c1=2.05 c2=2.05 chi=0.7298,ok,,pso,10,17,134647132,52.81749610153942,155.42749610153942,20000,20000,0.1315
BBOB_f24,PSO/constriction N=40 c1=2.05 c2=2.05 chi=0.7298,ok,,pso,10,18,2809869173,26.71767366625913,129.32767366625913,20000,20000,0.1303
BBOB_f24,PSO/constriction N=40 c1=2.05 c2=2.05 chi=0.7298,ok,,pso,10,19,1953557000,19.441678897712876,122.05167889771288,20000,20000,0.1299
BBOB_f24,PSO/constriction N=40 c1=2.05 c2=2.05 chi=0.7298,ok,,pso,10,20,2232899656,26.590153819187336,129.20015381918734,20000,20000,0.1241
BBOB_f24,PSO/constriction N=40 c1=2.05 c2=2.05 chi=0.7298,ok,,pso,10,21,3615922083,25.52504869106643,128.13504869106643,20000,20000,0.1238
BBOB_f24,PSO/constriction N=40 c1=2.05 c2=2.05 chi=0.7298,ok,,pso,10,22,2302193153,22.414106127394987,125.02410612739499,20000,20000,0.1191
BBOB_f24,PSO/constriction N=40 c1=2.05 c2=2.05 chi=0.7298,ok,,pso,10,23,500985353,24.109903965659683,126.71990396565968,20000,20000,0.1844
BBOB_f24,PSO/constriction N=40 c1=2.05 c2=2.05 chi=0.7298,ok,,pso,10,24,1766193421,28.80027369779053,131.41027369779053,20000,20000,0.1001
BBOB_f24,PSO/constriction N=40 c1=2.05 c2=2.05 chi=0.7298,ok,,pso,10,25,3510488682,24.204625629026353,126.81462562902635,20000,20000,0.0992
BBOB_f24,PSO/constriction N=40 c1=2.05 c2=2.05 chi=0.7298,ok,,pso,10,26,1132709968,26.864667098810983,129.47466709881098,20000,20000,0.1038
BBOB_f24,PSO/constriction N=40 c1=2.05 c2=2.05 chi=0.7298,ok,,pso,10,27,1735690919,20.477371571779784,123.08737157177978,20000,20000,0.1005
BBOB_f24,PSO/constriction N=40 c1=2.05 c2=2.05 chi=0.7298,ok,,pso,10,28,601088437,53.394444071375474,156.00444407137547,20000,20000,0.1017
BBOB_f24,PSO/constriction N=40 c1=2.05 c2=2.05 chi=0.7298,ok,,pso,10,29,15724186,20.924549266688146,123.53454926668815,20000,20000,0.138
BBOB_f24,RandomSearch,ok,,random,10,0,1366983843,108.05093621890059,210.6609362189006,20000,20000,0.4761
BBOB_f24,RandomSearch,ok,,random,10,1,678371628,93.25462249590147,195.86462249590147,20000,20000,0.472
BBOB_f24,RandomSearch,ok,,random,10,2,3099751246,102.88103018478974,205.49103018478974,20000,20000,0.4508
BBOB_f24,RandomSearch,ok,,random,10,3,1243683066,109.93430658726159,212.5443065872616,20000,20000,0.5917
BBOB_f24,RandomSearch,ok,,random,10,4,1827184752,113.96562534734916,216.57562534734916,20000,20000,0.4839
BBOB_f24,RandomSearch,ok,,random,10,5,1541211167,107.25218688885259,209.8621868888526,20000,20000,0.4436
BBOB_f24,RandomSearch,ok,,random,10,6,1566653589,105.79283504311469,208.4028350431147,20000,20000,0.4649
BBOB_f24,RandomSearch,ok,,random,10,7,3052633786,106.36726289814074,208.97726289814074,20000,20000,0.445
BBOB_f24,RandomSearch,ok,,random,10,8,3043839378,109.96722431376186,212.57722431376186,20000,20000,0.4611
BBOB_f24,RandomSearch,ok,,random,10,9,688152915,100.75748589657714,203.36748589657714,20000,20000,0.4476
BBOB_f24,RandomSearch,ok,,random,10,10,157505942,111.41912215687735,214.02912215687735,20000,20000,0.5161
BBOB_f24,RandomSearch,ok,,random,10,11,1227868509,106.06687331713842,208.67687331713842,20000,20000,0.4389
BBOB_f24,RandomSearch,ok,,random,10,12,3978216242,103.84251797834641,206.4525179783464,20000,20000,0.4776
BBOB_f24,RandomSearch,ok,,random,10,13,3703941100,102.88583105586356,205.49583105586356,20000,20000,0.6167
BBOB_f24,RandomSearch,ok,,random,10,14,3259946812,88.42870236437757,191.03870236437757,20000,20000,0.4492
BBOB_f24,RandomSearch,ok,,random,10,15,2476219372,87.73590512350638,190.34590512350638,20000,20000,0.4228
BBOB_f24,RandomSearch,ok,,random,10,16,606150057,99.92171747709169,202.5317174770917,20000,20000,0.5697
BBOB_f24,RandomSearch,ok,,random,10,17,1523932626,113.32369651018656,215.93369651018656,20000,20000,0.427
BBOB_f24,RandomSearch,ok,,random,10,18,2419431999,105.21408629018926,207.82408629018926,20000,20000,0.4255
BBOB_f24,RandomSearch,ok,,random,10,19,1436425757,123.63321028989658,226.24321028989658,20000,20000,0.4445
BBOB_f24,RandomSearch,ok,,random,10,20,417204942,101.5061203951259,204.1161203951259,20000,20000,0.4492
BBOB_f24,RandomSearch,ok,,random,10,21,1656613907,106.26261904525349,208.8726190452535,20000,20000,0.4892
BBOB_f24,RandomSearch,ok,,random,10,22,3955659138,101.1379669683338,203.7479669683338,20000,20000,0.4789
BBOB_f24,RandomSearch,ok,,random,10,23,179447584,107.17692274720564,209.78692274720564,20000,20000,0.496
BBOB_f24,RandomSearch,ok,,random,10,24,1672110421,117.89673936850944,220.50673936850944,20000,20000,0.5046
BBOB_f24,RandomSearch,ok,,random,10,25,4161490898,98.40729697622119,201.0172969762212,20000,20000,0.4662
BBOB_f24,RandomSearch,ok,,random,10,26,921580782,115.71014876952457,218.32014876952456,20000,20000,0.4901
BBOB_f24,RandomSearch,ok,,random,10,27,1654688233,117.30066508902873,219.91066508902873,20000,20000,0.4836
BBOB_f24,RandomSearch,ok,,random,10,28,2100492006,119.67644106343128,222.28644106343128,20000,20000,0.478
BBOB_f24,RandomSearch,ok,,random,10,29,2083231552,93.72652109827699,196.336521098277,20000,20000,0.4621
BBOB_f3,CMA-ES/IPOP sigma0=0.3*span ipop=x2,ok,,cmaes,10,0,904481808,3.9798362283738697,-458.1101637716261,20000,20000,2.4081
BBOB_f3,CMA-ES/IPOP sigma0=0.3*span ipop=x2,ok,,cmaes,10,1,2751950844,5.969754342560748,-456.1202456574392,20000,20000,2.3995
BBOB_f3,CMA-ES/IPOP sigma0=0.3*span ipop=x2,ok,,cmaes,10,2,3084142145,2.9848771712827897,-459.1051228287172,20000,20000,2.6804
BBOB_f3,CMA-ES/IPOP sigma0=0.3*span ipop=x2,ok,,cmaes,10,3,2876880346,1.9899181242358281,-460.10008187576415,20000,20000,2.6693
BBOB_f3,CMA-ES/IPOP sigma0=0.3*span ipop=x2,ok,,cmaes,10,4,1291305168,4.974795285466598,-457.1152047145334,20000,20000,2.2597
BBOB_f3,CMA-ES/IPOP sigma0=0.3*span ipop=x2,ok,,cmaes,10,5,1848276207,3.9798362283787583,-458.1101637716212,20000,20000,2.2734
BBOB_f3,CMA-ES/IPOP sigma0=0.3*span ipop=x2,ok,,cmaes,10,6,2626291509,4.974795285467337,-457.11520471453264,20000,20000,2.193
BBOB_f3,CMA-ES/IPOP sigma0=0.3*span ipop=x2,ok,,cmaes,10,7,388506463,4.974795285466996,-457.115204714533,20000,20000,2.1393
BBOB_f3,CMA-ES/IPOP sigma0=0.3*span ipop=x2,ok,,cmaes,10,8,3859394913,4.9747952854664845,-457.1152047145335,20000,20000,2.5535
BBOB_f3,CMA-ES/IPOP sigma0=0.3*span ipop=x2,ok,,cmaes,10,9,38689885,4.974795285466712,-457.11520471453326,20000,20000,2.7201
BBOB_f3,CMA-ES/IPOP sigma0=0.3*span ipop=x2,ok,,cmaes,10,10,838922896,4.974790247647604,-457.11520975235237,20000,20000,2.6714
BBOB_f3,CMA-ES/IPOP sigma0=0.3*span ipop=x2,ok,,cmaes,10,11,1683025002,3.9798362283732445,-458.11016377162673,20000,20000,2.4997
BBOB_f3,CMA-ES/IPOP sigma0=0.3*span ipop=x2,ok,,cmaes,10,12,120896613,4.974795285466769,-457.1152047145332,20000,20000,2.5948
BBOB_f3,CMA-ES/IPOP sigma0=0.3*span ipop=x2,ok,,cmaes,10,13,3505987544,2.9848771712811413,-459.10512282871883,20000,20000,2.3396
BBOB_f3,CMA-ES/IPOP sigma0=0.3*span ipop=x2,ok,,cmaes,10,14,1870301830,1.9899181143441638,-460.1000818856558,20000,20000,2.6126
BBOB_f3,CMA-ES/IPOP sigma0=0.3*span ipop=x2,ok,,cmaes,10,15,880143267,3.9798362283732445,-458.11016377162673,20000,20000,2.3868
BBOB_f3,CMA-ES/IPOP sigma0=0.3*span ipop=x2,ok,,cmaes,10,16,2148162889,3.9798362393381126,-458.11016376066186,20000,20000,2.2554
BBOB_f3,CMA-ES/IPOP sigma0=0.3*span ipop=x2,ok,,cmaes,10,17,3005950653,7.959667418927722,-454.13033258107225,20000,20000,2.031
BBOB_f3,CMA-ES/IPOP sigma0=0.3*span ipop=x2,ok,,cmaes,10,18,1914202976,3.9798362283732445,-458.11016377162673,20000,20000,2.6449
BBOB_f3,CMA-ES/IPOP sigma0=0.3*span ipop=x2,ok,,cmaes,10,19,2369222921,3.9798363979413125,-458.11016360205866,20000,20000,2.5195
BBOB_f3,CMA-ES/IPOP sigma0=0.3*span ipop=x2,ok,,cmaes,10,20,1888722878,1.9899181142096154,-460.10008188579036,20000,20000,2.7848
BBOB_f3,CMA-ES/IPOP sigma0=0.3*span ipop=x2,ok,,cmaes,10,21,2428077730,8.954626476021645,-453.13537352397833,20000,20000,2.5103
BBOB_f3,CMA-ES/IPOP sigma0=0.3*span ipop=x2,ok,,cmaes,10,22,803654934,6.964708361837779,-455.1252916381622,20000,20000,2.6925
BBOB_f3,CMA-ES/IPOP sigma0=0.3*span ipop=x2,ok,,cmaes,10,23,1820159245,6.9647083618376655,-455.1252916381623,20000,20000,2.249
BBOB_f3,CMA-ES/IPOP sigma0=0.3*span ipop=x2,ok,,cmaes,10,24,3011034826,5.969754342561373,-456.1202456574386,20000,20000,2.2143
BBOB_f3,CMA-ES/IPOP sigma0=0.3*span ipop=x2,ok,,cmaes,10,25,3586302860,4.974795285467337,-457.11520471453264,20000,20000,2.1777
BBOB_f3,CMA-ES/IPOP sigma0=0.3*span ipop=x2,ok,,cmaes,10,26,2186936047,3.9798362283731876,-458.1101637716268,20000,20000,2.0208
BBOB_f3,CMA-ES/IPOP sigma0=0.3*span ipop=x2,ok,,cmaes,10,27,3132561173,3.979836228373472,-458.1101637716265,20000,20000,2.1065
BBOB_f3,CMA-ES/IPOP sigma0=0.3*span ipop=x2,ok,,cmaes,10,28,2728432271,4.974795285466996,-457.115204714533,20000,20000,2.3387
BBOB_f3,CMA-ES/IPOP sigma0=0.3*span ipop=x2,ok,,cmaes,10,29,780208758,3.9798362283731876,-458.1101637716268,20000,20000,1.9453
BBOB_f3,DE/rand/1/bin F=0.5 CR=0.9 NP=50,ok,,de,10,0,1395402777,27.076321421190926,-435.01367857880905,20000,20000,1.3042
BBOB_f3,DE/rand/1/bin F=0.5 CR=0.9 NP=50,ok,,de,10,1,4075869196,22.149853158147607,-439.94014684185237,20000,20000,1.4019
BBOB_f3,DE/rand/1/bin F=0.5 CR=0.9 NP=50,ok,,de,10,2,3238756362,29.87456869612032,-432.21543130387965,20000,20000,1.6962
BBOB_f3,DE/rand/1/bin F=0.5 CR=0.9 NP=50,ok,,de,10,3,3156837974,23.381024082315378,-438.7089759176846,20000,20000,1.5193
BBOB_f3,DE/rand/1/bin F=0.5 CR=0.9 NP=50,ok,,de,10,4,4105733271,29.23763532440381,-432.85236467559616,20000,20000,1.4986
BBOB_f3,DE/rand/1/bin F=0.5 CR=0.9 NP=50,ok,,de,10,5,2941169331,27.22792067883097,-434.862079321169,20000,20000,1.459
BBOB_f3,DE/rand/1/bin F=0.5 CR=0.9 NP=50,ok,,de,10,6,911837370,20.255115697024678,-441.8348843029753,20000,20000,1.5892
BBOB_f3,DE/rand/1/bin F=0.5 CR=0.9 NP=50,ok,,de,10,7,2957098732,19.181615017586125,-442.90838498241385,20000,20000,1.4862
BBOB_f3,DE/rand/1/bin F=0.5 CR=0.9 NP=50,ok,,de,10,8,2043994676,28.099342070166188,-433.9906579298338,20000,20000,1.4897
BBOB_f3,DE/rand/1/bin F=0.5 CR=0.9 NP=50,ok,,de,10,9,1320046073,16.29165887451495,-445.798341125485,20000,20000,1.4879
BBOB_f3,DE/rand/1/bin F=0.5 CR=0.9 NP=50,ok,,de,10,10,3940746111,22.163184836239054,-439.9268151637609,20000,20000,1.3921
BBOB_f3,DE/rand/1/bin F=0.5 CR=0.9 NP=50,ok,,de,10,11,2246503130,25.25756650912058,-436.8324334908794,20000,20000,1.3691
BBOB_f3,DE/rand/1/bin F=0.5 CR=0.9 NP=50,ok,,de,10,12,1666730823,30.13941901316167,-431.9505809868383,20000,20000,1.3866
BBOB_f3,DE/rand/1/bin F=0.5 CR=0.9 NP=50,ok,,de,10,13,2935003602,24.172561909828516,-437.91743809017146,20000,20000,1.4011
BBOB_f3,DE/rand/1/bin F=0.5 CR=0.9 NP=50,ok,,de,10,14,3818712646,30.660101916973133,-431.42989808302684,20000,20000,1.2926
BBOB_f3,DE/rand/1/bin F=0.5 CR=0.9 NP=50,ok,,de,10,15,2440027144,17.47942288472251,-444.61057711527747,20000,20000,1.3019
BBOB_f3,DE/rand/1/bin F=0.5 CR=0.9 NP=50,ok,,de,10,16,2678125036,13.769305214965527,-448.32069478503445,20000,20000,1.3719
BBOB_f3,DE/rand/1/bin F=0.5 CR=0.9 NP=50,ok,,de,10,17,3053777710,29.02488509419993,-433.06511490580004,20000,20000,1.4899
BBOB_f3,DE/rand/1/bin F=0.5 CR=0.9 NP=50,ok,,de,10,18,2119275034,12.052295238772501,-450.0377047612275,20000,20000,1.5192
BBOB_f3,DE/rand/1/bin F=0.5 CR=0.9 NP=50,ok,,de,10,19,657919469,25.254544269512678,-436.8354557304873,20000,20000,1.5207
BBOB_f3,DE/rand/1/bin F=0.5 CR=0.9 NP=50,ok,,de,10,20,950975181,29.439502666102726,-432.65049733389725,20000,20000,1.5905
BBOB_f3,DE/rand/1/bin F=0.5 CR=0.9 NP=50,ok,,de,10,21,3274453801,19.424596415948884,-442.6654035840511,20000,20000,1.4749
BBOB_f3,DE/rand/1/bin F=0.5 CR=0.9 NP=50,ok,,de,10,22,2679571479,27.326394104036865,-434.7636058959631,20000,20000,1.4431
BBOB_f3,DE/rand/1/bin F=0.5 CR=0.9 NP=50,ok,,de,10,23,1445607772,13.493693920737883,-448.5963060792621,20000,20000,1.325
BBOB_f3,DE/rand/1/bin F=0.5 CR=0.9 NP=50,ok,,de,10,24,1524490215,30.864706557050567,-431.2252934429494,20000,20000,1.2102
BBOB_f3,DE/rand/1/bin F=0.5 CR=0.9 NP=50,ok,,de,10,25,1959520602,23.890378239709833,-438.19962176029014,20000,20000,1.1189
BBOB_f3,DE/rand/1/bin F=0.5 CR=0.9 NP=50,ok,,de,10,26,3583334517,21.255028765964425,-440.83497123403555,20000,20000,1.2276
BBOB_f3,DE/rand/1/bin F=0.5 CR=0.9 NP=50,ok,,de,10,27,1776322532,37.87048438461363,-424.21951561538634,20000,20000,1.0936
BBOB_f3,DE/rand/1/bin F=0.5 CR=0.9 NP=50,ok,,de,10,28,3912105660,24.00206934933493,-438.08793065066504,20000,20000,1.1179
BBOB_f3,DE/rand/1/bin F=0.5 CR=0.9 NP=50,ok,,de,10,29,3109089406,21.159161184624622,-440.93083881537535,20000,20000,1.1674
BBOB_f3,GA/SBX NP=50 pc=0.9 eta_c=20.0 eta_m=20.0,ok,,ga,10,0,4219408675,0.0028782845114960764,-462.0871217154885,20000,20000,0.9089
BBOB_f3,GA/SBX NP=50 pc=0.9 eta_c=20.0 eta_m=20.0,ok,,ga,10,1,2005151044,0.02678864724578034,-462.0632113527542,20000,20000,0.8845
BBOB_f3,GA/SBX NP=50 pc=0.9 eta_c=20.0 eta_m=20.0,ok,,ga,10,2,2592044284,0.021351953292878534,-462.0686480467071,20000,20000,0.8983
BBOB_f3,GA/SBX NP=50 pc=0.9 eta_c=20.0 eta_m=20.0,ok,,ga,10,3,3663193718,0.011951620535569418,-462.0780483794644,20000,20000,0.9043
BBOB_f3,GA/SBX NP=50 pc=0.9 eta_c=20.0 eta_m=20.0,ok,,ga,10,4,1256308926,0.031412788091699895,-462.0585872119083,20000,20000,0.9118
BBOB_f3,GA/SBX NP=50 pc=0.9 eta_c=20.0 eta_m=20.0,ok,,ga,10,5,159382185,0.011611370090975015,-462.078388629909,20000,20000,0.9498
BBOB_f3,GA/SBX NP=50 pc=0.9 eta_c=20.0 eta_m=20.0,ok,,ga,10,6,2756052057,0.025196808020552908,-462.0648031919794,20000,20000,0.9322
BBOB_f3,GA/SBX NP=50 pc=0.9 eta_c=20.0 eta_m=20.0,ok,,ga,10,7,2805307154,0.006108809311001551,-462.083891190689,20000,20000,0.8947
BBOB_f3,GA/SBX NP=50 pc=0.9 eta_c=20.0 eta_m=20.0,ok,,ga,10,8,3860292000,0.011196682723380036,-462.0788033172766,20000,20000,1.2135
BBOB_f3,GA/SBX NP=50 pc=0.9 eta_c=20.0 eta_m=20.0,ok,,ga,10,9,3747321841,0.0166566657952103,-462.07334333420476,20000,20000,1.3319
BBOB_f3,GA/SBX NP=50 pc=0.9 eta_c=20.0 eta_m=20.0,ok,,ga,10,10,271556403,0.011563491563038042,-462.07843650843694,20000,20000,1.3033
BBOB_f3,GA/SBX NP=50 pc=0.9 eta_c=20.0 eta_m=20.0,ok,,ga,10,11,424812519,0.03893101855345549,-462.0510689814465,20000,20000,1.3514
BBOB_f3,GA/SBX NP=50 pc=0.9 eta_c=20.0 eta_m=20.0,ok,,ga,10,12,1320703754,0.01869819927566141,-462.0713018007243,20000,20000,1.3143
BBOB_f3,GA/SBX NP=50 pc=0.9 eta_c=20.0 eta_m=20.0,ok,,ga,10,13,1669972689,0.01519322874014506,-462.07480677125983,20000,20000,1.3489
BBOB_f3,GA/SBX NP=50 pc=0.9 eta_c=20.0 eta_m=20.0,ok,,ga,10,14,3204393971,0.009691180813433675,-462.08030881918654,20000,20000,1.2776
BBOB_f3,GA/SBX NP=50 pc=0.9 eta_c=20.0 eta_m=20.0,ok,,ga,10,15,1142877729,0.016915718610675867,-462.0730842813893,20000,20000,1.3187
BBOB_f3,GA/SBX NP=50 pc=0.9 eta_c=20.0 eta_m=20.0,ok,,ga,10,16,348052587,0.019457327267161872,-462.0705426727328,20000,20000,1.0316
BBOB_f3,GA/SBX NP=50 pc=0.9 eta_c=20.0 eta_m=20.0,ok,,ga,10,17,2989631369,0.020121367707304216,-462.06987863229267,20000,20000,1.0167
BBOB_f3,GA/SBX NP=50 pc=0.9 eta_c=20.0 eta_m=20.0,ok,,ga,10,18,3301350244,0.013356777487501859,-462.0766432225125,20000,20000,1.0291
BBOB_f3,GA/SBX NP=50 pc=0.9 eta_c=20.0 eta_m=20.0,ok,,ga,10,19,3011280465,0.0069868442154188415,-462.08301315578456,20000,20000,0.9926
BBOB_f3,GA/SBX NP=50 pc=0.9 eta_c=20.0 eta_m=20.0,ok,,ga,10,20,229724742,0.01434116955385889,-462.0756588304461,20000,20000,1.0559
BBOB_f3,GA/SBX NP=50 pc=0.9 eta_c=20.0 eta_m=20.0,ok,,ga,10,21,1714998402,0.008431828137361208,-462.0815681718626,20000,20000,0.9948
BBOB_f3,GA/SBX NP=50 pc=0.9 eta_c=20.0 eta_m=20.0,ok,,ga,10,22,3304302684,0.005215365321532772,-462.08478463467844,20000,20000,1.02
BBOB_f3,GA/SBX NP=50 pc=0.9 eta_c=20.0 eta_m=20.0,ok,,ga,10,23,1490156288,0.010493657880374485,-462.0795063421196,20000,20000,1.0913
BBOB_f3,GA/SBX NP=50 pc=0.9 eta_c=20.0 eta_m=20.0,ok,,ga,10,24,3352452202,0.006523513880722476,-462.08347648611925,20000,20000,0.9344
BBOB_f3,GA/SBX NP=50 pc=0.9 eta_c=20.0 eta_m=20.0,ok,,ga,10,25,2750788835,0.007890686261930568,-462.08210931373804,20000,20000,0.9802
BBOB_f3,GA/SBX NP=50 pc=0.9 eta_c=20.0 eta_m=20.0,ok,,ga,10,26,2616155254,0.005742292460411136,-462.08425770753956,20000,20000,0.9699
BBOB_f3,GA/SBX NP=50 pc=0.9 eta_c=20.0 eta_m=20.0,ok,,ga,10,27,3139851792,0.00738823353412954,-462.08261176646585,20000,20000,0.9393
BBOB_f3,GA/SBX NP=50 pc=0.9 eta_c=20.0 eta_m=20.0,ok,,ga,10,28,3756453357,0.019949361313251757,-462.0700506386867,20000,20000,1.0716
BBOB_f3,GA/SBX NP=50 pc=0.9 eta_c=20.0 eta_m=20.0,ok,,ga,10,29,3513190849,0.0537213539696495,-462.0362786460303,20000,20000,0.9505
BBOB_f3,PSO/constriction N=40 c1=2.05 c2=2.05 chi=0.7298,ok,,pso,10,0,620962162,9.949580495294754,-452.1404195047052,20000,20000,0.1513
BBOB_f3,PSO/constriction N=40 c1=2.05 c2=2.05 chi=0.7298,ok,,pso,10,1,344978242,5.969749305095036,-456.12025069490494,20000,20000,0.1796
BBOB_f3,PSO/constriction N=40 c1=2.05 c2=2.05 chi=0.7298,ok,,pso,10,2,3083438763,18.318221172267954,-443.771778827732,20000,20000,0.1577
BBOB_f3,PSO/constriction N=40 c1=2.05 c2=2.05 chi=0.7298,ok,,pso,10,3,1861919819,29.729388057654035,-432.36061194234594,20000,20000,0.1821
BBOB_f3,PSO/constriction N=40 c1=2.05 c2=2.05 chi=0.7298,ok,,pso,10,4,3576809518,12.934437469860825,-449.15556253013915,20000,20000,0.1648
BBOB_f3,PSO/constriction N=40 c1=2.05 c2=2.05 chi=0.7298,ok,,pso,10,5,2692561162,6.964708361836358,-455.1252916381636,20000,20000,0.1569
BBOB_f3,PSO/constriction N=40 c1=2.05 c2=2.05 chi=0.7298,ok,,pso,10,6,3931845351,25.282929534101868,-436.8070704658981,20000,20000,0.1516
BBOB_f3,PSO/constriction N=40 c1=2.05 c2=2.05 chi=0.7298,ok,,pso,10,7,562683022,5.969754342559781,-456.1202456574402,20000,20000,0.1494
BBOB_f3,PSO/constriction N=40 c1=2.05 c2=2.05 chi=0.7298,ok,,pso,10,8,3046605838,3.979836228373358,-458.1101637716266,20000,20000,0.2073
BBOB_f3,PSO/constriction N=40 c1=2.05 c2=2.05 chi=0.7298,ok,,pso,10,9,2678719671,3.979836228373358,-458.1101637716266,20000,20000,0.1741
BBOB_f3,PSO/constriction N=40 c1=2.05 c2=2.05 chi=0.7298,ok,,pso,10,10,3078220052,5.969754342559781,-456.1202456574402,20000,20000,0.1768
BBOB_f3,PSO/constriction N=40 c1=2.05 c2=2.05 chi=0.7298,ok,,pso,10,11,3198940707,5.96974930474147,-456.1202506952585,20000,20000,0.1665
BBOB_f3,PSO/constriction N=40 c1=2.05 c2=2.05 chi=0.7298,ok,,pso,10,12,4264027549,8.954626476044211,-453.13537352395576,20000,20000,0.1644
BBOB_f3,PSO/constriction N=40 c1=2.05 c2=2.05 chi=0.7298,ok,,pso,10,13,2760829950,5.969749304740674,-456.1202506952593,20000,20000,0.162
BBOB_f3,PSO/constriction N=40 c1=2.05 c2=2.05 chi=0.7298,ok,,pso,10,14,3563134689,40.52201153382663,-421.56798846617335,20000,20000,0.1645
BBOB_f3,PSO/constriction N=40 c1=2.05 c2=2.05 chi=0.7298,ok,,pso,10,15,1961546083,0.0,-462.09,20000,20000,0.1743
BBOB_f3,PSO/constriction N=40 c1=2.05 c2=2.05 chi=0.7298,ok,,pso,10,16,2016187039,13.929416723667941,-448.16058327633203,20000,20000,0.1562
BBOB_f3,PSO/constriction N=40 c1=2.05 c2=2.05 chi=0.7298,ok,,pso,10,17,1004934911,13.92939652695344,-448.16060347304654,20000,20000,0.1596
BBOB_f3,PSO/constriction N=40 c1=2.05 c2=2.05 chi=0.7298,ok,,pso,10,18,3417702939,4.9747952854664845,-457.1152047145335,20000,20000,0.1612
BBOB_f3,PSO/constriction N=40 c1=2.05 c2=2.05 chi=0.7298,ok,,pso,10,19,374226232,8.954626476020564,-453.1353735239794,20000,20000,0.1548
BBOB_f3,PSO/constriction N=40 c1=2.05 c2=2.05 chi=0.7298,ok,,pso,10,20,846097249,8.95495641559802,-453.13504358440196,20000,20000,0.1801
BBOB_f3,PSO/constriction N=40 c1=2.05 c2=2.05 chi=0.7298,ok,,pso,10,21,2894766674,2.9848771712799476,-459.10512282872,20000,20000,0.1727
BBOB_f3,PSO/constriction N=40 c1=2.05 c2=2.05 chi=0.7298,ok,,pso,10,22,64148215,2.9848771712798907,-459.1051228287201,20000,20000,0.1466
BBOB_f3,PSO/constriction N=40 c1=2.05 c2=2.05 chi=0.7298,ok,,pso,10,23,4089181626,6.964713399653078,-455.1252866003469,20000,20000,0.1441
BBOB_f3,PSO/constriction N=40 c1=2.05 c2=2.05 chi=0.7298,ok,,pso,10,24,3888726344,1.9899181141875601,-460.1000818858124,20000,20000,0.1554
BBOB_f3,PSO/constriction N=40 c1=2.05 c2=2.05 chi=0.7298,ok,,pso,10,25,3593883874,8.954626476020564,-453.1353735239794,20000,20000,0.1631
BBOB_f3,PSO/constriction N=40 c1=2.05 c2=2.05 chi=0.7298,ok,,pso,10,26,3382694438,24.75459781001905,-437.3354021899809,20000,20000,0.1655
BBOB_f3,PSO/constriction N=40 c1=2.05 c2=2.05 chi=0.7298,ok,,pso,10,27,2141728915,3.9798362283731876,-458.1101637716268,20000,20000,0.1768
BBOB_f3,PSO/constriction N=40 c1=2.05 c2=2.05 chi=0.7298,ok,,pso,10,28,1505487976,5.969754342559781,-456.1202456574402,20000,20000,0.1772
BBOB_f3,PSO/constriction N=40 c1=2.05 c2=2.05 chi=0.7298,ok,,pso,10,29,458750567,23.293011419915274,-438.7969885800847,20000,20000,0.1626
BBOB_f3,RandomSearch,ok,,random,10,0,613327055,122.85671080632875,-339.2332891936712,20000,20000,0.4157
BBOB_f3,RandomSearch,ok,,random,10,1,1399266634,130.2820967343094,-331.8079032656906,20000,20000,0.3993
BBOB_f3,RandomSearch,ok,,random,10,2,4161793794,90.52321113930111,-371.56678886069886,20000,20000,0.4134
BBOB_f3,RandomSearch,ok,,random,10,3,2281170179,122.58203471595226,-339.5079652840477,20000,20000,0.4095
BBOB_f3,RandomSearch,ok,,random,10,4,3492060456,126.11306209638428,-335.9769379036157,20000,20000,0.4753
BBOB_f3,RandomSearch,ok,,random,10,5,546598365,104.34671727881914,-357.74328272118083,20000,20000,0.4675
BBOB_f3,RandomSearch,ok,,random,10,6,126536418,114.00551195078799,-348.084488049212,20000,20000,0.405
BBOB_f3,RandomSearch,ok,,random,10,7,1548788802,118.17572641198996,-343.91427358801,20000,20000,0.3878
BBOB_f3,RandomSearch,ok,,random,10,8,2517852793,114.71786320536688,-347.3721367946331,20000,20000,0.3938
BBOB_f3,RandomSearch,ok,,random,10,9,2942349175,111.79700652482353,-350.29299347517644,20000,20000,0.4273
BBOB_f3,RandomSearch,ok,,random,10,10,1316119423,132.9558725419967,-329.13412745800326,20000,20000,0.4149
BBOB_f3,RandomSearch,ok,,random,10,11,2264663248,106.77668734637649,-355.3133126536235,20000,20000,0.3936
BBOB_f3,RandomSearch,ok,,random,10,12,3206661334,130.4801612748136,-331.60983872518636,20000,20000,0.4041
BBOB_f3,RandomSearch,ok,,random,10,13,3182692246,88.74852756678553,-373.34147243321445,20000,20000,0.3981
BBOB_f3,RandomSearch,ok,,random,10,14,736159280,125.93288255436318,-336.1571174456368,20000,20000,0.3749
BBOB_f3,RandomSearch,ok,,random,10,15,200109689,90.29996001593645,-371.7900399840635,20000,20000,0.3606
BBOB_f3,RandomSearch,ok,,random,10,16,1362838608,107.74077292385647,-354.3492270761435,20000,20000,0.3824
BBOB_f3,RandomSearch,ok,,random,10,17,2616313871,127.94968231314937,-334.1403176868506,20000,20000,0.3685
BBOB_f3,RandomSearch,ok,,random,10,18,369578315,103.29259946738296,-358.797400532617,20000,20000,0.3929
BBOB_f3,RandomSearch,ok,,random,10,19,2811353224,118.83777849781166,-343.2522215021883,20000,20000,0.3716
BBOB_f3,RandomSearch,ok,,random,10,20,1748470495,116.84086815680342,-345.24913184319655,20000,20000,0.3953
BBOB_f3,RandomSearch,ok,,random,10,21,198144976,113.97365159119437,-348.1163484088056,20000,20000,0.3905
BBOB_f3,RandomSearch,ok,,random,10,22,4111415515,117.32563799309196,-344.764362006908,20000,20000,0.4008
BBOB_f3,RandomSearch,ok,,random,10,23,2485423623,110.53102682717264,-351.55897317282734,20000,20000,0.4016
BBOB_f3,RandomSearch,ok,,random,10,24,3005075087,103.18965180610917,-358.9003481938908,20000,20000,0.4047
BBOB_f3,RandomSearch,ok,,random,10,25,141710272,109.15657593315035,-352.9334240668496,20000,20000,0.4238
BBOB_f3,RandomSearch,ok,,random,10,26,2369875837,115.62552384615532,-346.46447615384466,20000,20000,0.4307
BBOB_f3,RandomSearch,ok,,random,10,27,3774440528,121.26245844819738,-340.8275415518026,20000,20000,0.4299
BBOB_f3,RandomSearch,ok,,random,10,28,1614653549,127.99853150093736,-334.0914684990626,20000,20000,0.4987
BBOB_f3,RandomSearch,ok,,random,10,29,3308887514,94.76399271003515,-367.3260072899648,20000,20000,0.6357
BBOB_f4,CMA-ES/IPOP sigma0=0.3*span ipop=x2,ok,,cmaes,10,0,2040741576,13.929416723667998,-448.160583276332,20000,20000,2.0583
BBOB_f4,CMA-ES/IPOP sigma0=0.3*span ipop=x2,ok,,cmaes,10,1,877352403,4.974795285528046,-457.11520471447193,20000,20000,2.3904
BBOB_f4,CMA-ES/IPOP sigma0=0.3*span ipop=x2,ok,,cmaes,10,2,2094326498,18.904186774601555,-443.1858132253984,20000,20000,2.4649
BBOB_f4,CMA-ES/IPOP sigma0=0.3*span ipop=x2,ok,,cmaes,10,3,4200165963,13.929416723667941,-448.16058327633203,20000,20000,2.3221
BBOB_f4,CMA-ES/IPOP sigma0=0.3*span ipop=x2,ok,,cmaes,10,4,2751797094,11.939503647301365,-450.1504963526986,20000,20000,2.1956
BBOB_f4,CMA-ES/IPOP sigma0=0.3*span ipop=x2,ok,,cmaes,10,5,2689852036,2.984877171292567,-459.1051228287074,20000,20000,2.6384
BBOB_f4,CMA-ES/IPOP sigma0=0.3*span ipop=x2,ok,,cmaes,10,6,3662386997,16.914273698299155,-445.1757263017008,20000,20000,2.6721
BBOB_f4,CMA-ES/IPOP sigma0=0.3*span ipop=x2,ok,,cmaes,10,7,3461655746,6.964713399653704,-455.12528660034627,20000,20000,2.4443
BBOB_f4,CMA-ES/IPOP sigma0=0.3*span ipop=x2,ok,,cmaes,10,8,2350589781,5.9697543425608615,-456.1202456574391,20000,20000,2.4447
BBOB_f4,CMA-ES/IPOP sigma0=0.3*span ipop=x2,ok,,cmaes,10,9,1535934672,8.9546315138399,-453.1353684861601,20000,20000,2.3846
BBOB_f4,CMA-ES/IPOP sigma0=0.3*span ipop=x2,ok,,cmaes,10,10,3313962146,10.94454459021739,-451.1454554097826,20000,20000,2.3789
BBOB_f4,CMA-ES/IPOP sigma0=0.3*span ipop=x2,ok,,cmaes,10,11,3605873674,10.944544590208125,-451.14545540979185,20000,20000,2.4398
BBOB_f4,CMA-ES/IPOP sigma0=0.3*span ipop=x2,ok,,cmaes,10,12,727635118,9.949585533114202,-452.1404144668858,20000,20000,2.4774
BBOB_f4,CMA-ES/IPOP sigma0=0.3*span ipop=x2,ok,,cmaes,10,13,4276641720,10.944544590207443,-451.14545540979253,20000,20000,2.2601
BBOB_f4,CMA-ES/IPOP sigma0=0.3*span ipop=x2,ok,,cmaes,10,14,1300952384,6.964713399653135,-455.12528660034684,20000,20000,2.4471
BBOB_f4,CMA-ES/IPOP sigma0=0.3*span ipop=x2,ok,,cmaes,10,15,266719062,11.939498609481404,-450.15050139051857,20000,20000,2.3081
BBOB_f4,CMA-ES/IPOP sigma0=0.3*span ipop=x2,ok,,cmaes,10,16,2409697697,12.934462704393752,-449.1555372956062,20000,20000,2.4435
BBOB_f4,CMA-ES/IPOP sigma0=0.3*span ipop=x2,ok,,cmaes,10,17,761506368,5.969754344339776,-456.1202456556602,20000,20000,2.4457
BBOB_f4,CMA-ES/IPOP sigma0=0.3*span ipop=x2,ok,,cmaes,10,18,3335857162,7.9596724584125695,-454.1303275415874,20000,20000,2.1035
BBOB_f4,CMA-ES/IPOP sigma0=0.3*span ipop=x2,ok,,cmaes,10,19,2379381178,9.94958553311568,-452.1404144668843,20000,20000,2.2507
BBOB_f4,CMA-ES/IPOP sigma0=0.3*span ipop=x2,ok,,cmaes,10,20,2573695519,10.944544590207613,-451.14545540979236,20000,20000,2.4209
BBOB_f4,CMA-ES/IPOP sigma0=0.3*span ipop=x2,ok,,cmaes,10,21,1718471958,7.959667418927438,-454.13033258107254,20000,20000,2.289
BBOB_f4,CMA-ES/IPOP sigma0=0.3*span ipop=x2,ok,,cmaes,10,22,3947012080,5.969754342560293,-456.1202456574397,20000,20000,2.0956
BBOB_f4,CMA-ES/IPOP sigma0=0.3*span ipop=x2,ok,,cmaes,10,23,1406165998,8.954626476034889,-453.1353735239651,20000,20000,2.424
BBOB_f4,CMA-ES/IPOP sigma0=0.3*span ipop=x2,ok,,cmaes,10,24,1580744810,10.944544590207329,-451.14545540979265,20000,20000,2.1345
BBOB_f4,CMA-ES/IPOP sigma0=0.3*span ipop=x2,ok,,cmaes,10,25,1618089985,10.944544590207158,-451.1454554097928,20000,20000,2.2737
BBOB_f4,CMA-ES/IPOP sigma0=0.3*span ipop=x2,ok,,cmaes,10,26,1572620401,10.944544590260307,-451.14545540973967,20000,20000,2.2408
BBOB_f4,CMA-ES/IPOP sigma0=0.3*span ipop=x2,ok,,cmaes,10,27,1233450394,6.964713399653135,-455.12528660034684,20000,20000,1.8112
BBOB_f4,CMA-ES/IPOP sigma0=0.3*span ipop=x2,ok,,cmaes,10,28,1672050501,7.959672456746375,-454.1303275432536,20000,20000,2.2895
BBOB_f4,CMA-ES/IPOP sigma0=0.3*span ipop=x2,ok,,cmaes,10,29,1852402788,8.954631513839729,-453.13536848616025,20000,20000,2.2183
BBOB_f4,DE/rand/1/bin F=0.5 CR=0.9 NP=50,ok,,de,10,0,1229084560,15.411752162839775,-446.6782478371602,20000,20000,1.2624
BBOB_f4,DE/rand/1/bin F=0.5 CR=0.9 NP=50,ok,,de,10,1,419036972,26.447716014727064,-435.6422839852729,20000,20000,1.1246
BBOB_f4,DE/rand/1/bin F=0.5 CR=0.9 NP=50,ok,,de,10,2,1152056917,12.734347293648113,-449.35565270635186,20000,20000,1.1016
BBOB_f4,DE/rand/1/bin F=0.5 CR=0.9 NP=50,ok,,de,10,3,44930586,23.349046957634698,-438.7409530423653,20000,20000,1.1426
BBOB_f4,DE/rand/1/bin F=0.5 CR=0.9 NP=50,ok,,de,10,4,3920649146,23.776699037490914,-438.31330096250906,20000,20000,1.1682
BBOB_f4,DE/rand/1/bin F=0.5 CR=0.9 NP=50,ok,,de,10,5,1002884733,33.67292729992573,-428.41707270007424,20000,20000,1.0919
BBOB_f4,DE/rand/1/bin F=0.5 CR=0.9 NP=50,ok,,de,10,6,2816335658,26.166792730857367,-435.9232072691426,20000,20000,1.1415
BBOB_f4,DE/rand/1/bin F=0.5 CR=0.9 NP=50,ok,,de,10,7,2471335736,24.87507650559894,-437.21492349440103,20000,20000,1.1215
BBOB_f4,DE/rand/1/bin F=0.5 CR=0.9 NP=50,ok,,de,10,8,2678136475,31.9314804362308,-430.1585195637692,20000,20000,1.2166
BBOB_f4,DE/rand/1/bin F=0.5 CR=0.9 NP=50,ok,,de,10,9,694820834,25.203652674249213,-436.88634732575076,20000,20000,1.1385
BBOB_f4,DE/rand/1/bin F=0.5 CR=0.9 NP=50,ok,,de,10,10,4052579697,28.772490686938795,-433.3175093130612,20000,20000,1.1988
BBOB_f4,DE/rand/1/bin F=0.5 CR=0.9 NP=50,ok,,de,10,11,3860511569,24.851858060171935,-437.23814193982804,20000,20000,1.2254
BBOB_f4,DE/rand/1/bin F=0.5 CR=0.9 NP=50,ok,,de,10,12,1584622166,25.461618866921924,-436.62838113307805,20000,20000,1.1118
BBOB_f4,DE/rand/1/bin F=0.5 CR=0.9 NP=50,ok,,de,10,13,3450620147,27.559947816394526,-434.53005218360545,20000,20000,1.2564
BBOB_f4,DE/rand/1/bin F=0.5 CR=0.9 NP=50,ok,,de,10,14,1142227300,20.210509440092153,-441.8794905599078,20000,20000,1.4607
BBOB_f4,DE/rand/1/bin F=0.5 CR=0.9 NP=50,ok,,de,10,15,904063486,17.051048602829383,-445.0389513971706,20000,20000,1.4339
BBOB_f4,DE/rand/1/bin F=0.5 CR=0.9 NP=50,ok,,de,10,16,1478923670,26.73657526053239,-435.3534247394676,20000,20000,1.4147
BBOB_f4,DE/rand/1/bin F=0.5 CR=0.9 NP=50,ok,,de,10,17,413444982,24.80428624725789,-437.2857137527421,20000,20000,1.4103
BBOB_f4,DE/rand/1/bin F=0.5 CR=0.9 NP=50,ok,,de,10,18,1171179102,34.28207978153364,-427.80792021846634,20000,20000,1.5356
BBOB_f4,DE/rand/1/bin F=0.5 CR=0.9 NP=50,ok,,de,10,19,2739474374,25.424514011524934,-436.66548598847504,20000,20000,1.3827
BBOB_f4,DE/rand/1/bin F=0.5 CR=0.9 NP=50,ok,,de,10,20,3919005617,32.78067917942457,-429.3093208205754,20000,20000,1.5317
BBOB_f4,DE/rand/1/bin F=0.5 CR=0.9 NP=50,ok,,de,10,21,3357925248,34.607322887017745,-427.48267711298223,20000,20000,1.3221
BBOB_f4,DE/rand/1/bin F=0.5 CR=0.9 NP=50,ok,,de,10,22,2230977827,21.3801066507703,-440.7098933492297,20000,20000,1.1403
BBOB_f4,DE/rand/1/bin F=0.5 CR=0.9 NP=50,ok,,de,10,23,1081374116,23.521480396530592,-438.5685196034694,20000,20000,1.1293
BBOB_f4,DE/rand/1/bin F=0.5 CR=0.9 NP=50,ok,,de,10,24,147440823,29.641809902879686,-432.4481900971203,20000,20000,1.1396
BBOB_f4,DE/rand/1/bin F=0.5 CR=0.9 NP=50,ok,,de,10,25,3732653878,32.87506470784683,-429.21493529215314,20000,20000,1.27
BBOB_f4,DE/rand/1/bin F=0.5 CR=0.9 NP=50,ok,,de,10,26,767490509,28.923499882249814,-433.16650011775016,20000,20000,1.1561
BBOB_f4,DE/rand/1/bin F=0.5 CR=0.9 NP=50,ok,,de,10,27,2602474912,28.67928979378786,-433.4107102062121,20000,20000,1.2446
BBOB_f4,DE/rand/1/bin F=0.5 CR=0.9 NP=50,ok,,de,10,28,4019411759,27.61756141401122,-434.47243858598875,20000,20000,1.2143
BBOB_f4,DE/rand/1/bin F=0.5 CR=0.9 NP=50,ok,,de,10,29,2044688225,18.19869261977277,-443.8913073802272,20000,20000,1.209
BBOB_f4,GA/SBX NP=50 pc=0.9 eta_c=20.0 eta_m=20.0,ok,,ga,10,0,3549066647,0.04092620582650852,-462.04907379417347,20000,20000,1.0763
BBOB_f4,GA/SBX NP=50 pc=0.9 eta_c=20.0 eta_m=20.0,ok,,ga,10,1,3048694817,0.008517520317695926,-462.0814824796823,20000,20000,1.093
BBOB_f4,GA/SBX NP=50 pc=0.9 eta_c=20.0 eta_m=20.0,ok,,ga,10,2,1704637230,0.020589564683291428,-462.0694104353167,20000,20000,1.0751
BBOB_f4,GA/SBX NP=50 pc=0.9 eta_c=20.0 eta_m=20.0,ok,,ga,10,3,3278525613,0.02432975254782832,-462.06567024745215,20000,20000,1.0014
BBOB_f4,GA/SBX NP=50 pc=0.9 eta_c=20.0 eta_m=20.0,ok,,ga,10,4,1797739521,0.012610176064981715,-462.077389823935,20000,20000,1.1287
BBOB_f4,GA/SBX NP=50 pc=0.9 eta_c=20.0 eta_m=20.0,ok,,ga,10,5,2541287475,0.05286606909413649,-462.03713393090584,20000,20000,1.1373
BBOB_f4,GA/SBX NP=50 pc=0.9 eta_c=20.0 eta_m=20.0,ok,,ga,10,6,4155475855,0.06016979638900466,-462.02983020361097,20000,20000,1.1015
BBOB_f4,GA/SBX NP=50 pc=0.9 eta_c=20.0 eta_m=20.0,ok,,ga,10,7,4107636219,0.026563712643906,-462.06343628735607,20000,20000,1.072
BBOB_f4,GA/SBX NP=50 pc=0.9 eta_c=20.0 eta_m=20.0,ok,,ga,10,8,426956826,0.08584554052606563,-462.0041544594739,20000,20000,1.0109
BBOB_f4,GA/SBX NP=50 pc=0.9 eta_c=20.0 eta_m=20.0,ok,,ga,10,9,3626302080,0.04119475496315772,-462.0488052450368,20000,20000,0.9363
BBOB_f4,GA/SBX NP=50 pc=0.9 eta_c=20.0 eta_m=20.0,ok,,ga,10,10,2523851515,0.026884141862922206,-462.06311585813705,20000,20000,0.8845
BBOB_f4,GA/SBX NP=50 pc=0.9 eta_c=20.0 eta_m=20.0,ok,,ga,10,11,2875500490,0.04520792143483732,-462.04479207856514,20000,20000,1.0499
BBOB_f4,GA/SBX NP=50 pc=0.9 eta_c=20.0 eta_m=20.0,ok,,ga,10,12,909797896,0.029783145342321404,-462.06021685465765,20000,20000,0.8865
BBOB_f4,GA/SBX NP=50 pc=0.9 eta_c=20.0 eta_m=20.0,ok,,ga,10,13,1765094059,0.05856401215208962,-462.0314359878479,20000,20000,0.9375
BBOB_f4,GA/SBX NP=50 pc=0.9 eta_c=20.0 eta_m=20.0,ok,,ga,10,14,850366577,0.008932407682721077,-462.08106759231725,20000,20000,0.8033
BBOB_f4,GA/SBX NP=50 pc=0.9 eta_c=20.0 eta_m=20.0,ok,,ga,10,15,2543285972,0.029267523885550872,-462.0607324761144,20000,20000,0.9097
BBOB_f4,GA/SBX NP=50 pc=0.9 eta_c=20.0 eta_m=20.0,ok,,ga,10,16,12065027,0.018358606463834803,-462.07164139353614,20000,20000,0.9564
BBOB_f4,GA/SBX NP=50 pc=0.9 eta_c=20.0 eta_m=20.0,ok,,ga,10,17,3713191215,0.05160407154727409,-462.0383959284527,20000,20000,0.9579
BBOB_f4,GA/SBX NP=50 pc=0.9 eta_c=20.0 eta_m=20.0,ok,,ga,10,18,2448968448,0.031118992390929634,-462.05888100760905,20000,20000,1.1271
BBOB_f4,GA/SBX NP=50 pc=0.9 eta_c=20.0 eta_m=20.0,ok,,ga,10,19,2719041078,0.012854751841189227,-462.0771452481588,20000,20000,0.949
BBOB_f4,GA/SBX NP=50 pc=0.9 eta_c=20.0 eta_m=20.0,ok,,ga,10,20,1872270029,0.027100415665074706,-462.0628995843349,20000,20000,1.2554
BBOB_f4,GA/SBX NP=50 pc=0.9 eta_c=20.0 eta_m=20.0,ok,,ga,10,21,11094655,0.04379803522533621,-462.04620196477464,20000,20000,0.933
BBOB_f4,GA/SBX NP=50 pc=0.9 eta_c=20.0 eta_m=20.0,ok,,ga,10,22,4291975150,0.07435501285101509,-462.01564498714896,20000,20000,0.9126
BBOB_f4,GA/SBX NP=50 pc=0.9 eta_c=20.0 eta_m=20.0,ok,,ga,10,23,1364236114,0.06612484906816007,-462.0238751509318,20000,20000,0.916
BBOB_f4,GA/SBX NP=50 pc=0.9 eta_c=20.0 eta_m=20.0,ok,,ga,10,24,2136355500,0.056024898815678625,-462.0339751011843,20000,20000,0.9229
BBOB_f4,GA/SBX NP=50 pc=0.9 eta_c=20.0 eta_m=20.0,ok,,ga,10,25,111558412,0.05950480014405457,-462.0304951998559,20000,20000,0.8456
BBOB_f4,GA/SBX NP=50 pc=0.9 eta_c=20.0 eta_m=20.0,ok,,ga,10,26,1304912119,0.015075945965861592,-462.0749240540341,20000,20000,0.8746
BBOB_f4,GA/SBX NP=50 pc=0.9 eta_c=20.0 eta_m=20.0,ok,,ga,10,27,3573643284,0.034914893581344586,-462.05508510641863,20000,20000,0.9132
BBOB_f4,GA/SBX NP=50 pc=0.9 eta_c=20.0 eta_m=20.0,ok,,ga,10,28,71399533,0.08045110947267631,-462.0095488905273,20000,20000,0.8852
BBOB_f4,GA/SBX NP=50 pc=0.9 eta_c=20.0 eta_m=20.0,ok,,ga,10,29,2135842046,0.030915741550586517,-462.0590842584494,20000,20000,0.8772
BBOB_f4,PSO/constriction N=40 c1=2.05 c2=2.05 chi=0.7298,ok,,pso,10,0,243623486,9.949585533113861,-452.1404144668861,20000,20000,0.1606
BBOB_f4,PSO/constriction N=40 c1=2.05 c2=2.05 chi=0.7298,ok,,pso,10,1,132874062,16.9143177370467,-445.1756822629533,20000,20000,0.1826
BBOB_f4,PSO/constriction N=40 c1=2.05 c2=2.05 chi=0.7298,ok,,pso,10,2,11252388,42.78270029463073,-419.30729970536925,20000,20000,0.1763
BBOB_f4,PSO/constriction N=40 c1=2.05 c2=2.05 chi=0.7298,ok,,pso,10,3,452747886,12.934457666574644,-449.15554233342533,20000,20000,0.1713
BBOB_f4,PSO/constriction N=40 c1=2.05 c2=2.05 chi=0.7298,ok,,pso,10,4,3677243481,6.964708361833971,-455.125291638166,20000,20000,0.1634
BBOB_f4,PSO/constriction N=40 c1=2.05 c2=2.05 chi=0.7298,ok,,pso,10,5,2883460202,5.969754342559781,-456.1202456574402,20000,20000,0.1746
BBOB_f4,PSO/constriction N=40 c1=2.05 c2=2.05 chi=0.7298,ok,,pso,10,6,2035669453,9.949585533113861,-452.1404144668861,20000,20000,0.1731
BBOB_f4,PSO/constriction N=40 c1=2.05 c2=2.05 chi=0.7298,ok,,pso,10,7,2023391074,48.7524294026569,-413.3375705973431,20000,20000,0.1634
BBOB_f4,PSO/constriction N=40 c1=2.05 c2=2.05 chi=0.7298,ok,,pso,10,8,843774083,6.9647133996530215,-455.12528660034695,20000,20000,0.2032
BBOB_f4,PSO/constriction N=40 c1=2.05 c2=2.05 chi=0.7298,ok,,pso,10,9,3695945572,12.934457666576122,-449.15554233342385,20000,20000,0.2297
BBOB_f4,PSO/constriction N=40 c1=2.05 c2=2.05 chi=0.7298,ok,,pso,10,10,3785288681,14.924355584046737,-447.16564441595324,20000,20000,0.2179
BBOB_f4,PSO/constriction N=40 c1=2.05 c2=2.05 chi=0.7298,ok,,pso,10,11,3124760451,14.924355584046737,-447.16564441595324,20000,20000,0.2015
BBOB_f4,PSO/constriction N=40 c1=2.05 c2=2.05 chi=0.7298,ok,,pso,10,12,3629650620,12.9344374698602,-449.1555625301398,20000,20000,0.2023
BBOB_f4,PSO/constriction N=40 c1=2.05 c2=2.05 chi=0.7298,ok,,pso,10,13,2512892330,6.964708432353461,-455.1252915676465,20000,20000,0.1759
BBOB_f4,PSO/constriction N=40 c1=2.05 c2=2.05 chi=0.7298,ok,,pso,10,14,1939741280,21.889058908061656,-440.2009410919383,20000,20000,0.2962
BBOB_f4,PSO/constriction N=40 c1=2.05 c2=2.05 chi=0.7298,ok,,pso,10,15,1104522877,51.755268487639796,-410.3347315123602,20000,20000,0.1889
BBOB_f4,PSO/constriction N=40 c1=2.05 c2=2.05 chi=0.7298,ok,,pso,10,16,508938120,12.934457666574701,-449.1555423334253,20000,20000,0.187
BBOB_f4,PSO/constriction N=40 c1=2.05 c2=2.05 chi=0.7298,ok,,pso,10,17,1511375413,12.934457666574644,-449.15554233342533,20000,20000,0.2144
BBOB_f4,PSO/constriction N=40 c1=2.05 c2=2.05 chi=0.7298,ok,,pso,10,18,245102812,4.9747952854664845,-457.1152047145335,20000,20000,0.2159
BBOB_f4,PSO/constriction N=40 c1=2.05 c2=2.05 chi=0.7298,ok,,pso,10,19,2403827678,25.795764280391325,-436.29423571960865,20000,20000,0.2106
BBOB_f4,PSO/constriction N=40 c1=2.05 c2=2.05 chi=0.7298,ok,,pso,10,20,1899253876,6.964708361851251,-455.1252916381487,20000,20000,0.3262
BBOB_f4,PSO/constriction N=40 c1=2.05 c2=2.05 chi=0.7298,ok,,pso,10,21,1360744958,1.989918114240652,-460.1000818857593,20000,20000,0.3407
BBOB_f4,PSO/constriction N=40 c1=2.05 c2=2.05 chi=0.7298,ok,,pso,10,22,1372054443,11.939498609481348,-450.1505013905186,20000,20000,0.3508
BBOB_f4,PSO/constriction N=40 c1=2.05 c2=2.05 chi=0.7298,ok,,pso,10,23,985251732,4.974795285589835,-457.11520471441014,20000,20000,0.3353
BBOB_f4,PSO/constriction N=40 c1=2.05 c2=2.05 chi=0.7298,ok,,pso,10,24,2146364493,16.91426906448072,-445.17573093551925,20000,20000,0.3214
BBOB_f4,PSO/constriction N=40 c1=2.05 c2=2.05 chi=0.7298,ok,,pso,10,25,2057967963,15.919309603320983,-446.170690396679,20000,20000,0.3326
BBOB_f4,PSO/constriction N=40 c1=2.05 c2=2.05 chi=0.7298,ok,,pso,10,26,1690216175,18.83106095637646,-443.2589390436235,20000,20000,0.3134
BBOB_f4,PSO/constriction N=40 c1=2.05 c2=2.05 chi=0.7298,ok,,pso,10,27,1218769183,5.969754342559781,-456.1202456574402,20000,20000,0.3257
BBOB_f4,PSO/constriction N=40 c1=2.05 c2=2.05 chi=0.7298,ok,,pso,10,28,153830349,14.924355607838152,-447.1656443921618,20000,20000,0.2097
BBOB_f4,PSO/constriction N=40 c1=2.05 c2=2.05 chi=0.7298,ok,,pso,10,29,1210514700,20.89409985096836,-441.1959001490316,20000,20000,0.2298
BBOB_f4,RandomSearch,ok,,random,10,0,2382879722,142.70201416347498,-319.387985836525,20000,20000,0.5072
BBOB_f4,RandomSearch,ok,,random,10,1,2357359426,154.71716849143235,-307.37283150856763,20000,20000,0.5124
BBOB_f4,RandomSearch,ok,,random,10,2,1227711682,160.66879065214192,-301.42120934785805,20000,20000,0.4873
BBOB_f4,RandomSearch,ok,,random,10,3,1091467193,144.01718991352988,-318.0728100864701,20000,20000,0.5137
BBOB_f4,RandomSearch,ok,,random,10,4,143775187,149.24191410120085,-312.8480858987991,20000,20000,0.4942
BBOB_f4,RandomSearch,ok,,random,10,5,2557663164,148.76835836257902,-313.32164163742095,20000,20000,0.5347
BBOB_f4,RandomSearch,ok,,random,10,6,944549095,122.80412700710946,-339.2858729928905,20000,20000,0.506
BBOB_f4,RandomSearch,ok,,random,10,7,1726600521,172.52308754664404,-289.56691245335594,20000,20000,0.4946
BBOB_f4,RandomSearch,ok,,random,10,8,3490802329,126.63239780300597,-335.457602196994,20000,20000,0.5032
BBOB_f4,RandomSearch,ok,,random,10,9,1961085304,129.48771178077124,-332.60228821922874,20000,20000,0.5445
BBOB_f4,RandomSearch,ok,,random,10,10,4006823432,166.9055987314531,-295.1844012685469,20000,20000,0.4779
BBOB_f4,RandomSearch,ok,,random,10,11,3681463026,159.57308031162756,-302.5169196883724,20000,20000,0.4939
BBOB_f4,RandomSearch,ok,,random,10,12,1744182337,151.7139711615838,-310.3760288384162,20000,20000,0.4961
BBOB_f4,RandomSearch,ok,,random,10,13,2244361154,101.23403048698214,-360.85596951301784,20000,20000,0.4787
BBOB_f4,RandomSearch,ok,,random,10,14,3279327150,174.35776197801533,-287.73223802198464,20000,20000,0.549
BBOB_f4,RandomSearch,ok,,random,10,15,1963279574,151.3661180764061,-310.72388192359386,20000,20000,0.5355
BBOB_f4,RandomSearch,ok,,random,10,16,3979400044,160.46796978981507,-301.6220302101849,20000,20000,0.5017
BBOB_f4,RandomSearch,ok,,random,10,17,687653764,148.34683212958328,-313.7431678704167,20000,20000,0.555
BBOB_f4,RandomSearch,ok,,random,10,18,1644154800,135.96267390674973,-326.12732609325025,20000,20000,0.5284
BBOB_f4,RandomSearch,ok,,random,10,19,3859659597,139.9324625145291,-322.15753748547087,20000,20000,0.5295
BBOB_f4,RandomSearch,ok,,random,10,20,2377117369,165.43885223122913,-296.65114776877084,20000,20000,0.5354
BBOB_f4,RandomSearch,ok,,random,10,21,3197903479,151.51845974280485,-310.5715402571951,20000,20000,0.5134
BBOB_f4,RandomSearch,ok,,random,10,22,2030954023,113.30432272481369,-348.7856772751863,20000,20000,0.5328
BBOB_f4,RandomSearch,ok,,random,10,23,3667801521,144.93354050812206,-317.1564594918779,20000,20000,0.4781
BBOB_f4,RandomSearch,ok,,random,10,24,3003973372,142.07067763046803,-320.01932236953195,20000,20000,0.5048
BBOB_f4,RandomSearch,ok,,random,10,25,3974309678,136.11242401910403,-325.97757598089595,20000,20000,0.4961
BBOB_f4,RandomSearch,ok,,random,10,26,265653465,163.82204905773148,-298.2679509422685,20000,20000,0.4802
BBOB_f4,RandomSearch,ok,,random,10,27,1344547179,144.2481778821396,-317.8418221178604,20000,20000,0.5015
BBOB_f4,RandomSearch,ok,,random,10,28,1780141130,147.8184091103314,-314.2715908896686,20000,20000,0.6521
BBOB_f4,RandomSearch,ok,,random,10,29,2666041138,171.49803924907286,-290.5919607509271,20000,20000,0.4821
BBOB_f5,CMA-ES/IPOP sigma0=0.3*span ipop=x2,ok,,cmaes,10,0,349757885,2.6645352591003757e-14,-9.209999999999974,20000,20000,2.2798
BBOB_f5,CMA-ES/IPOP sigma0=0.3*span ipop=x2,ok,,cmaes,10,1,2876592028,1.0658141036401503e-14,-9.20999999999999,20000,20000,2.5772
BBOB_f5,CMA-ES/IPOP sigma0=0.3*span ipop=x2,ok,,cmaes,10,2,3879262422,1.9539925233402755e-14,-9.209999999999981,20000,20000,2.5184
BBOB_f5,CMA-ES/IPOP sigma0=0.3*span ipop=x2,ok,,cmaes,10,3,198786775,3.552713678800501e-15,-9.209999999999997,20000,20000,2.21
BBOB_f5,CMA-ES/IPOP sigma0=0.3*span ipop=x2,ok,,cmaes,10,4,1077555521,1.7763568394002505e-14,-9.209999999999983,20000,20000,2.4055
BBOB_f5,CMA-ES/IPOP sigma0=0.3*span ipop=x2,ok,,cmaes,10,5,321930118,7.105427357601002e-15,-9.209999999999994,20000,20000,2.1325
BBOB_f5,CMA-ES/IPOP sigma0=0.3*span ipop=x2,ok,,cmaes,10,6,2354992181,3.552713678800501e-15,-9.209999999999997,20000,20000,2.4852
BBOB_f5,CMA-ES/IPOP sigma0=0.3*span ipop=x2,ok,,cmaes,10,7,2719687798,1.9539925233402755e-14,-9.209999999999981,20000,20000,2.4969
BBOB_f5,CMA-ES/IPOP sigma0=0.3*span ipop=x2,ok,,cmaes,10,8,657497161,2.6645352591003757e-14,-9.209999999999974,20000,20000,2.3015
BBOB_f5,CMA-ES/IPOP sigma0=0.3*span ipop=x2,ok,,cmaes,10,9,1497374026,1.9539925233402755e-14,-9.209999999999981,20000,20000,2.5044
BBOB_f5,CMA-ES/IPOP sigma0=0.3*span ipop=x2,ok,,cmaes,10,10,3835724665,3.552713678800501e-15,-9.209999999999997,20000,20000,2.2768
BBOB_f5,CMA-ES/IPOP sigma0=0.3*span ipop=x2,ok,,cmaes,10,11,236139291,2.842170943040401e-14,-9.209999999999972,20000,20000,2.3214
BBOB_f5,CMA-ES/IPOP sigma0=0.3*span ipop=x2,ok,,cmaes,10,12,1139010430,5.329070518200751e-15,-9.209999999999996,20000,20000,2.4694
BBOB_f5,CMA-ES/IPOP sigma0=0.3*span ipop=x2,ok,,cmaes,10,13,238573958,3.019806626980426e-14,-9.20999999999997,20000,20000,2.4145
BBOB_f5,CMA-ES/IPOP sigma0=0.3*span ipop=x2,ok,,cmaes,10,14,2277974966,2.1316282072803006e-14,-9.20999999999998,20000,20000,2.52
BBOB_f5,CMA-ES/IPOP sigma0=0.3*span ipop=x2,ok,,cmaes,10,15,4187336472,0.0,-9.21,20000,20000,2.2327
BBOB_f5,CMA-ES/IPOP sigma0=0.3*span ipop=x2,ok,,cmaes,10,16,3779777674,1.0658141036401503e-14,-9.20999999999999,20000,20000,2.5898
BBOB_f5,CMA-ES/IPOP sigma0=0.3*span ipop=x2,ok,,cmaes,10,17,1763047841,5.3290705182007514e-14,-9.209999999999948,20000,20000,2.5239
BBOB_f5,CMA-ES/IPOP sigma0=0.3*span ipop=x2,ok,,cmaes,10,18,518461981,2.4868995751603507e-14,-9.209999999999976,20000,20000,2.3239
BBOB_f5,CMA-ES/IPOP sigma0=0.3*span ipop=x2,ok,,cmaes,10,19,2255834133,5.329070518200751e-15,-9.209999999999996,20000,20000,2.4919
BBOB_f5,CMA-ES/IPOP sigma0=0.3*span ipop=x2,ok,,cmaes,10,20,3133001130,2.842170943040401e-14,-9.209999999999972,20000,20000,2.4292
BBOB_f5,CMA-ES/IPOP sigma0=0.3*span ipop=x2,ok,,cmaes,10,21,4273357676,1.7763568394002505e-15,-9.209999999999999,20000,20000,2.3779
BBOB_f5,CMA-ES/IPOP sigma0=0.3*span ipop=x2,ok,,cmaes,10,22,590819396,3.552713678800501e-15,-9.209999999999997,20000,20000,2.2287
BBOB_f5,CMA-ES/IPOP sigma0=0.3*span ipop=x2,ok,,cmaes,10,23,2616504126,1.7763568394002505e-15,-9.209999999999999,20000,20000,2.4311
BBOB_f5,CMA-ES/IPOP sigma0=0.3*span ipop=x2,ok,,cmaes,10,24,3421235929,8.881784197001252e-15,-9.209999999999992,20000,20000,2.6095
BBOB_f5,CMA-ES/IPOP sigma0=0.3*span ipop=x2,ok,,cmaes,10,25,707577646,8.881784197001252e-15,-9.209999999999992,20000,20000,2.4208
BBOB_f5,CMA-ES/IPOP sigma0=0.3*span ipop=x2,ok,,cmaes,10,26,3440451981,0.0,-9.21,20000,20000,2.388
BBOB_f5,CMA-ES/IPOP sigma0=0.3*span ipop=x2,ok,,cmaes,10,27,873706908,2.1316282072803006e-14,-9.20999999999998,20000,20000,2.3473
BBOB_f5,CMA-ES/IPOP sigma0=0.3*span ipop=x2,ok,,cmaes,10,28,4114002883,8.881784197001252e-15,-9.209999999999992,20000,20000,2.3739
BBOB_f5,CMA-ES/IPOP sigma0=0.3*span ipop=x2,ok,,cmaes,10,29,3956660257,0.0,-9.21,20000,20000,2.4486
BBOB_f5,DE/rand/1/bin F=0.5 CR=0.9 NP=50,ok,,de,10,0,2544092561,0.0,-9.21,20000,20000,1.1404
BBOB_f5,DE/rand/1/bin F=0.5 CR=0.9 NP=50,ok,,de,10,1,460372705,0.0,-9.21,20000,20000,1.1115
BBOB_f5,DE/rand/1/bin F=0.5 CR=0.9 NP=50,ok,,de,10,2,3419099214,0.0,-9.21,20000,20000,1.1132
BBOB_f5,DE/rand/1/bin F=0.5 CR=0.9 NP=50,ok,,de,10,3,3463814080,0.0,-9.21,20000,20000,1.1164
BBOB_f5,DE/rand/1/bin F=0.5 CR=0.9 NP=50,ok,,de,10,4,3686541486,0.0,-9.21,20000,20000,1.112
BBOB_f5,DE/rand/1/bin F=0.5 CR=0.9 NP=50,ok,,de,10,5,910059901,0.0,-9.21,20000,20000,1.1329
BBOB_f5,DE/rand/1/bin F=0.5 CR=0.9 NP=50,ok,,de,10,6,1330453820,0.0,-9.21,20000,20000,1.113
BBOB_f5,DE/rand/1/bin F=0.5 CR=0.9 NP=50,ok,,de,10,7,1436069652,0.0,-9.21,20000,20000,1.1449
BBOB_f5,DE/rand/1/bin F=0.5 CR=0.9 NP=50,ok,,de,10,8,997708137,0.0,-9.21,20000,20000,1.1338
BBOB_f5,DE/rand/1/bin F=0.5 CR=0.9 NP=50,ok,,de,10,9,2884641520,0.0,-9.21,20000,20000,1.1334
BBOB_f5,DE/rand/1/bin F=0.5 CR=0.9 NP=50,ok,,de,10,10,3728383455,0.0,-9.21,20000,20000,1.3578
BBOB_f5,DE/rand/1/bin F=0.5 CR=0.9 NP=50,ok,,de,10,11,2099038190,0.0,-9.21,20000,20000,1.3621
BBOB_f5,DE/rand/1/bin F=0.5 CR=0.9 NP=50,ok,,de,10,12,2052135733,0.0,-9.21,20000,20000,1.359
BBOB_f5,DE/rand/1/bin F=0.5 CR=0.9 NP=50,ok,,de,10,13,3488801947,0.0,-9.21,20000,20000,1.2585
BBOB_f5,DE/rand/1/bin F=0.5 CR=0.9 NP=50,ok,,de,10,14,2119668454,0.0,-9.21,20000,20000,1.2976
BBOB_f5,DE/rand/1/bin F=0.5 CR=0.9 NP=50,ok,,de,10,15,1683796812,0.0,-9.21,20000,20000,1.3591
BBOB_f5,DE/rand/1/bin F=0.5 CR=0.9 NP=50,ok,,de,10,16,1008108879,0.0,-9.21,20000,20000,1.2961
BBOB_f5,DE/rand/1/bin F=0.5 CR=0.9 NP=50,ok,,de,10,17,4253477625,0.0,-9.21,20000,20000,1.26
BBOB_f5,DE/rand/1/bin F=0.5 CR=0.9 NP=50,ok,,de,10,18,2342440613,0.0,-9.21,20000,20000,1.0772
BBOB_f5,DE/rand/1/bin F=0.5 CR=0.9 NP=50,ok,,de,10,19,3919456452,0.0,-9.21,20000,20000,1.0576
BBOB_f5,DE/rand/1/bin F=0.5 CR=0.9 NP=50,ok,,de,10,20,3399055002,0.0,-9.21,20000,20000,1.0624
BBOB_f5,DE/rand/1/bin F=0.5 CR=0.9 NP=50,ok,,de,10,21,1022884919,0.0,-9.21,20000,20000,1.0731
BBOB_f5,DE/rand/1/bin F=0.5 CR=0.9 NP=50,ok,,de,10,22,2890495670,0.0,-9.21,20000,20000,1.0387
BBOB_f5,DE/rand/1/bin F=0.5 CR=0.9 NP=50,ok,,de,10,23,3802289697,0.0,-9.21,20000,20000,1.1268
BBOB_f5,DE/rand/1/bin F=0.5 CR=0.9 NP=50,ok,,de,10,24,3965911926,0.0,-9.21,20000,20000,1.0696
BBOB_f5,DE/rand/1/bin F=0.5 CR=0.9 NP=50,ok,,de,10,25,432612940,0.0,-9.21,20000,20000,1.1003
BBOB_f5,DE/rand/1/bin F=0.5 CR=0.9 NP=50,ok,,de,10,26,2070211375,0.0,-9.21,20000,20000,1.107
BBOB_f5,DE/rand/1/bin F=0.5 CR=0.9 NP=50,ok,,de,10,27,1931984466,0.0,-9.21,20000,20000,1.1311
BBOB_f5,DE/rand/1/bin F=0.5 CR=0.9 NP=50,ok,,de,10,28,791373735,0.0,-9.21,20000,20000,1.1119
BBOB_f5,DE/rand/1/bin F=0.5 CR=0.9 NP=50,ok,,de,10,29,2101869468,0.0,-9.21,20000,20000,1.1851
BBOB_f5,GA/SBX NP=50 pc=0.9 eta_c=20.0 eta_m=20.0,ok,,ga,10,0,1763462248,0.0,-9.21,20000,20000,0.8002
BBOB_f5,GA/SBX NP=50 pc=0.9 eta_c=20.0 eta_m=20.0,ok,,ga,10,1,572576818,0.0,-9.21,20000,20000,0.8082
BBOB_f5,GA/SBX NP=50 pc=0.9 eta_c=20.0 eta_m=20.0,ok,,ga,10,2,3196231345,0.0,-9.21,20000,20000,0.8345
BBOB_f5,GA/SBX NP=50 pc=0.9 eta_c=20.0 eta_m=20.0,ok,,ga,10,3,3213473812,0.0,-9.21,20000,20000,0.856
BBOB_f5,GA/SBX NP=50 pc=0.9 eta_c=20.0 eta_m=20.0,ok,,ga,10,4,518314019,0.0,-9.21,20000,20000,0.9564
BBOB_f5,GA/SBX NP=50 pc=0.9 eta_c=20.0 eta_m=20.0,ok,,ga,10,5,1599000783,0.0,-9.21,20000,20000,0.8399
BBOB_f5,GA/SBX NP=50 pc=0.9 eta_c=20.0 eta_m=20.0,ok,,ga,10,6,1227780692,0.0,-9.21,20000,20000,0.8578
BBOB_f5,GA/SBX NP=50 pc=0.9 eta_c=20.0 eta_m=20.0,ok,,ga,10,7,331571371,0.0,-9.21,20000,20000,0.8271
BBOB_f5,GA/SBX NP=50 pc=0.9 eta_c=20.0 eta_m=20.0,ok,,ga,10,8,33058788,0.0,-9.21,20000,20000,0.8437
BBOB_f5,GA/SBX NP=50 pc=0.9 eta_c=20.0 eta_m=20.0,ok,,ga,10,9,837309929,0.0,-9.21,20000,20000,0.7949
BBOB_f5,GA/SBX NP=50 pc=0.9 eta_c=20.0 eta_m=20.0,ok,,ga,10,10,2646749960,0.0,-9.21,20000,20000,0.7945
BBOB_f5,GA/SBX NP=50 pc=0.9 eta_c=20.0 eta_m=20.0,ok,,ga,10,11,16569178,0.0,-9.21,20000,20000,0.9496
BBOB_f5,GA/SBX NP=50 pc=0.9 eta_c=20.0 eta_m=20.0,ok,,ga,10,12,148558182,0.0,-9.21,20000,20000,0.8262
BBOB_f5,GA/SBX NP=50 pc=0.9 eta_c=20.0 eta_m=20.0,ok,,ga,10,13,3622667918,0.0,-9.21,20000,20000,0.8299
BBOB_f5,GA/SBX NP=50 pc=0.9 eta_c=20.0 eta_m=20.0,ok,,ga,10,14,2014981510,0.0,-9.21,20000,20000,0.8269
BBOB_f5,GA/SBX NP=50 pc=0.9 eta_c=20.0 eta_m=20.0,ok,,ga,10,15,1762752015,0.0,-9.21,20000,20000,0.8181
BBOB_f5,GA/SBX NP=50 pc=0.9 eta_c=20.0 eta_m=20.0,ok,,ga,10,16,716285646,0.0,-9.21,20000,20000,0.8751
BBOB_f5,GA/SBX NP=50 pc=0.9 eta_c=20.0 eta_m=20.0,ok,,ga,10,17,1375444146,0.0,-9.21,20000,20000,0.8452
BBOB_f5,GA/SBX NP=50 pc=0.9 eta_c=20.0 eta_m=20.0,ok,,ga,10,18,2466083306,0.0,-9.21,20000,20000,0.8029
BBOB_f5,GA/SBX NP=50 pc=0.9 eta_c=20.0 eta_m=20.0,ok,,ga,10,19,2358151951,0.0,-9.21,20000,20000,0.8665
BBOB_f5,GA/SBX NP=50 pc=0.9 eta_c=20.0 eta_m=20.0,ok,,ga,10,20,1501676942,0.0,-9.21,20000,20000,0.8479
BBOB_f5,GA/SBX NP=50 pc=0.9 eta_c=20.0 eta_m=20.0,ok,,ga,10,21,231276738,0.0,-9.21,20000,20000,0.7968
BBOB_f5,GA/SBX NP=50 pc=0.9 eta_c=20.0 eta_m=20.0,ok,,ga,10,22,3769428918,0.0,-9.21,20000,20000,0.8926
BBOB_f5,GA/SBX NP=50 pc=0.9 eta_c=20.0 eta_m=20.0,ok,,ga,10,23,2130176489,0.0,-9.21,20000,20000,0.8269
BBOB_f5,GA/SBX NP=50 pc=0.9 eta_c=20.0 eta_m=20.0,ok,,ga,10,24,3934766588,0.0,-9.21,20000,20000,0.8208
BBOB_f5,GA/SBX NP=50 pc=0.9 eta_c=20.0 eta_m=20.0,ok,,ga,10,25,1365362467,0.0,-9.21,20000,20000,0.8046
BBOB_f5,GA/SBX NP=50 pc=0.9 eta_c=20.0 eta_m=20.0,ok,,ga,10,26,683114081,0.0,-9.21,20000,20000,0.8077
BBOB_f5,GA/SBX NP=50 pc=0.9 eta_c=20.0 eta_m=20.0,ok,,ga,10,27,1490221671,0.0,-9.21,20000,20000,0.7953
BBOB_f5,GA/SBX NP=50 pc=0.9 eta_c=20.0 eta_m=20.0,ok,,ga,10,28,3269849705,0.0,-9.21,20000,20000,0.8479
BBOB_f5,GA/SBX NP=50 pc=0.9 eta_c=20.0 eta_m=20.0,ok,,ga,10,29,3765475907,0.0,-9.21,20000,20000,0.8401
BBOB_f5,PSO/constriction N=40 c1=2.05 c2=2.05 chi=0.7298,ok,,pso,10,0,1580286563,0.0,-9.21,20000,20000,0.1198
BBOB_f5,PSO/constriction N=40 c1=2.05 c2=2.05 chi=0.7298,ok,,pso,10,1,3324268008,0.0,-9.21,20000,20000,0.1196
BBOB_f5,PSO/constriction N=40 c1=2.05 c2=2.05 chi=0.7298,ok,,pso,10,2,3809542933,0.0,-9.21,20000,20000,0.1199
BBOB_f5,PSO/constriction N=40 c1=2.05 c2=2.05 chi=0.7298,ok,,pso,10,3,1486655676,0.0,-9.21,20000,20000,0.1266
BBOB_f5,PSO/constriction N=40 c1=2.05 c2=2.05 chi=0.7298,ok,,pso,10,4,1475564661,16.681005372000584,7.471005372000583,20000,20000,0.1244
BBOB_f5,PSO/constriction N=40 c1=2.05 c2=2.05 chi=0.7298,ok,,pso,10,5,2183441420,0.0,-9.21,20000,20000,0.1525
BBOB_f5,PSO/constriction N=40 c1=2.05 c2=2.05 chi=0.7298,ok,,pso,10,6,3751155745,0.0,-9.21,20000,20000,0.1314
BBOB_f5,PSO/constriction N=40 c1=2.05 c2=2.05 chi=0.7298,ok,,pso,10,7,1849625699,12.915496650148837,3.7054966501488362,20000,20000,0.1103
BBOB_f5,PSO/constriction N=40 c1=2.05 c2=2.05 chi=0.7298,ok,,pso,10,8,1466320194,0.0,-9.21,20000,20000,0.114
BBOB_f5,PSO/constriction N=40 c1=2.05 c2=2.05 chi=0.7298,ok,,pso,10,9,446395426,0.0,-9.21,20000,20000,0.1172
BBOB_f5,PSO/constriction N=40 c1=2.05 c2=2.05 chi=0.7298,ok,,pso,10,10,2515933630,9.999999999999998,0.7899999999999974,20000,20000,0.1231
BBOB_f5,PSO/constriction N=40 c1=2.05 c2=2.05 chi=0.7298,ok,,pso,10,11,1384266980,0.0,-9.21,20000,20000,0.114
BBOB_f5,PSO/constriction N=40 c1=2.05 c2=2.05 chi=0.7298,ok,,pso,10,12,3215799728,0.0,-9.21,20000,20000,0.1068
BBOB_f5,PSO/constriction N=40 c1=2.05 c2=2.05 chi=0.7298,ok,,pso,10,13,322169359,0.0,-9.21,20000,20000,0.1176
BBOB_f5,PSO/constriction N=40 c1=2.05 c2=2.05 chi=0.7298,ok,,pso,10,14,2364908139,0.0,-9.21,20000,20000,0.134
BBOB_f5,PSO/constriction N=40 c1=2.05 c2=2.05 chi=0.7298,ok,,pso,10,15,2154643795,0.0,-9.21,20000,20000,0.1292
BBOB_f5,PSO/constriction N=40 c1=2.05 c2=2.05 chi=0.7298,ok,,pso,10,16,3264462410,0.0,-9.21,20000,20000,0.0887
BBOB_f5,PSO/constriction N=40 c1=2.05 c2=2.05 chi=0.7298,ok,,pso,10,17,3633658970,0.0,-9.21,20000,20000,0.1273
BBOB_f5,PSO/constriction N=40 c1=2.05 c2=2.05 chi=0.7298,ok,,pso,10,18,1224357443,0.0,-9.21,20000,20000,0.1138
BBOB_f5,PSO/constriction N=40 c1=2.05 c2=2.05 chi=0.7298,ok,,pso,10,19,3851210461,0.0,-9.21,20000,20000,0.1114
BBOB_f5,PSO/constriction N=40 c1=2.05 c2=2.05 chi=0.7298,ok,,pso,10,20,1882850730,12.915496650148837,3.7054966501488362,20000,20000,0.119
BBOB_f5,PSO/constriction N=40 c1=2.05 c2=2.05 chi=0.7298,ok,,pso,10,21,3527070269,0.0,-9.21,20000,20000,0.1104
BBOB_f5,PSO/constriction N=40 c1=2.05 c2=2.05 chi=0.7298,ok,,pso,10,22,1552033740,0.0,-9.21,20000,20000,0.1118
BBOB_f5,PSO/constriction N=40 c1=2.05 c2=2.05 chi=0.7298,ok,,pso,10,23,3575374001,0.0,-9.21,20000,20000,0.1298
BBOB_f5,PSO/constriction N=40 c1=2.05 c2=2.05 chi=0.7298,ok,,pso,10,24,2623405863,0.0,-9.21,20000,20000,0.1036
BBOB_f5,PSO/constriction N=40 c1=2.05 c2=2.05 chi=0.7298,ok,,pso,10,25,748618477,0.0,-9.21,20000,20000,0.1047
BBOB_f5,PSO/constriction N=40 c1=2.05 c2=2.05 chi=0.7298,ok,,pso,10,26,3427217413,0.0,-9.21,20000,20000,0.1341
BBOB_f5,PSO/constriction N=40 c1=2.05 c2=2.05 chi=0.7298,ok,,pso,10,27,4182423068,0.0,-9.21,20000,20000,0.1409
BBOB_f5,PSO/constriction N=40 c1=2.05 c2=2.05 chi=0.7298,ok,,pso,10,28,227138987,0.0,-9.21,20000,20000,0.134
BBOB_f5,PSO/constriction N=40 c1=2.05 c2=2.05 chi=0.7298,ok,,pso,10,29,1988000361,0.0,-9.21,20000,20000,0.1139
BBOB_f5,RandomSearch,ok,,random,10,0,3108334323,47.609469369700655,38.399469369700654,20000,20000,0.4707
BBOB_f5,RandomSearch,ok,,random,10,1,229652970,45.69396126145206,36.48396126145206,20000,20000,0.4368
BBOB_f5,RandomSearch,ok,,random,10,2,3593320795,58.025988653551224,48.81598865355122,20000,20000,0.4347
BBOB_f5,RandomSearch,ok,,random,10,3,3780194617,49.79745188059411,40.58745188059411,20000,20000,0.4435
BBOB_f5,RandomSearch,ok,,random,10,4,2132831967,57.862561003254136,48.652561003254135,20000,20000,0.46
BBOB_f5,RandomSearch,ok,,random,10,5,1001303414,47.54069816971185,38.33069816971185,20000,20000,0.424
BBOB_f5,RandomSearch,ok,,random,10,6,3867652605,54.079287029509665,44.869287029509664,20000,20000,0.4346
BBOB_f5,RandomSearch,ok,,random,10,7,910443366,44.03977919753209,34.82977919753209,20000,20000,0.5441
BBOB_f5,RandomSearch,ok,,random,10,8,4123396744,54.05633005987245,44.84633005987245,20000,20000,0.5556
BBOB_f5,RandomSearch,ok,,random,10,9,2534291055,55.26258424838248,46.05258424838248,20000,20000,0.5424
BBOB_f5,RandomSearch,ok,,random,10,10,2495104386,46.92842302602359,37.718423026023586,20000,20000,0.571
BBOB_f5,RandomSearch,ok,,random,10,11,4185929265,43.23702186914854,34.02702186914854,20000,20000,0.535
BBOB_f5,RandomSearch,ok,,random,10,12,2535943286,52.76424214333701,43.55424214333701,20000,20000,0.5253
BBOB_f5,RandomSearch,ok,,random,10,13,85415369,50.208217667042526,40.998217667042525,20000,20000,0.4704
BBOB_f5,RandomSearch,ok,,random,10,14,468221306,50.21297070531605,41.00297070531605,20000,20000,0.4486
BBOB_f5,RandomSearch,ok,,random,10,15,3644163005,51.83669214406686,42.62669214406686,20000,20000,0.445
BBOB_f5,RandomSearch,ok,,random,10,16,2755158242,39.019029570394515,29.809029570394515,20000,20000,0.4581
BBOB_f5,RandomSearch,ok,,random,10,17,706903154,54.99614133414488,45.78614133414488,20000,20000,0.4443
BBOB_f5,RandomSearch,ok,,random,10,18,2507391473,50.172345547260925,40.962345547260924,20000,20000,0.431
BBOB_f5,RandomSearch,ok,,random,10,19,3395780114,64.80727021031876,55.59727021031876,20000,20000,0.4532
BBOB_f5,RandomSearch,ok,,random,10,20,2912438528,45.95890436337181,36.74890436337181,20000,20000,0.4437
BBOB_f5,RandomSearch,ok,,random,10,21,3552837342,54.985757380973126,45.775757380973126,20000,20000,0.4606
BBOB_f5,RandomSearch,ok,,random,10,22,3911301638,46.36191797657186,37.15191797657186,20000,20000,0.4139
BBOB_f5,RandomSearch,ok,,random,10,23,460568663,58.48369869744909,49.27369869744909,20000,20000,0.4132
BBOB_f5,RandomSearch,ok,,random,10,24,3490088788,42.424058344946836,33.214058344946835,20000,20000,0.447
BBOB_f5,RandomSearch,ok,,random,10,25,3860916873,48.59370873819041,39.38370873819041,20000,20000,0.562
BBOB_f5,RandomSearch,ok,,random,10,26,1723778641,47.46573159162163,38.25573159162163,20000,20000,0.4244
BBOB_f5,RandomSearch,ok,,random,10,27,1555226664,41.55160718678725,32.34160718678725,20000,20000,0.544
BBOB_f5,RandomSearch,ok,,random,10,28,2374427431,53.294252006772005,44.084252006772005,20000,20000,0.4676
BBOB_f5,RandomSearch,ok,,random,10,29,3668053796,47.12494979435125,37.91494979435125,20000,20000,0.4216
BBOB_f6,CMA-ES/IPOP sigma0=0.3*span ipop=x2,ok,,cmaes,10,0,2454036440,1.4921397450962104e-13,35.90000000000015,20000,20000,3.8668
BBOB_f6,CMA-ES/IPOP sigma0=0.3*span ipop=x2,ok,,cmaes,10,1,627810807,5.684341886080802e-14,35.900000000000055,20000,20000,3.8824
BBOB_f6,CMA-ES/IPOP sigma0=0.3*span ipop=x2,ok,,cmaes,10,2,2059238764,1.3500311979441904e-13,35.900000000000134,20000,20000,3.4716
BBOB_f6,CMA-ES/IPOP sigma0=0.3*span ipop=x2,ok,,cmaes,10,3,1521500017,9.237055564881302e-14,35.90000000000009,20000,20000,3.3135
BBOB_f6,CMA-ES/IPOP sigma0=0.3*span ipop=x2,ok,,cmaes,10,4,2132180117,1.2789769243681803e-13,35.90000000000013,20000,20000,3.4281
BBOB_f6,CMA-ES/IPOP sigma0=0.3*span ipop=x2,ok,,cmaes,10,5,914283464,7.105427357601002e-14,35.90000000000007,20000,20000,3.232
BBOB_f6,CMA-ES/IPOP sigma0=0.3*span ipop=x2,ok,,cmaes,10,6,286220341,1.7763568394002505e-13,35.900000000000176,20000,20000,3.1212
BBOB_f6,CMA-ES/IPOP sigma0=0.3*span ipop=x2,ok,,cmaes,10,7,1631688160,1.9895196601282805e-13,35.9000000000002,20000,20000,3.3508
BBOB_f6,CMA-ES/IPOP sigma0=0.3*span ipop=x2,ok,,cmaes,10,8,3506323848,1.2079226507921703e-13,35.90000000000012,20000,20000,2.7071
BBOB_f6,CMA-ES/IPOP sigma0=0.3*span ipop=x2,ok,,cmaes,10,9,987353261,3.268496584496461e-13,35.900000000000325,20000,20000,2.7007
BBOB_f6,CMA-ES/IPOP sigma0=0.3*span ipop=x2,ok,,cmaes,10,10,1966996131,6.394884621840902e-14,35.90000000000006,20000,20000,2.7072
BBOB_f6,CMA-ES/IPOP sigma0=0.3*span ipop=x2,ok,,cmaes,10,11,1954266949,2.0605739337042905e-13,35.900000000000205,20000,20000,2.4957
BBOB_f6,CMA-ES/IPOP sigma0=0.3*span ipop=x2,ok,,cmaes,10,12,1141931750,1.0658141036401503e-13,35.900000000000105,20000,20000,2.6765
BBOB_f6,CMA-ES/IPOP sigma0=0.3*span ipop=x2,ok,,cmaes,10,13,1466125411,2.2026824808563106e-13,35.90000000000022,20000,20000,2.6645
BBOB_f6,CMA-ES/IPOP sigma0=0.3*span ipop=x2,ok,,cmaes,10,14,1409191767,1.4210854715202004e-13,35.90000000000014,20000,20000,2.7124
BBOB_f6,CMA-ES/IPOP sigma0=0.3*span ipop=x2,ok,,cmaes,10,15,1450110663,1.2789769243681803e-13,35.90000000000013,20000,20000,2.6192
BBOB_f6,CMA-ES/IPOP sigma0=0.3*span ipop=x2,ok,,cmaes,10,16,2650293330,2.7711166694643907e-13,35.900000000000276,20000,20000,2.4669
BBOB_f6,CMA-ES/IPOP sigma0=0.3*span ipop=x2,ok,,cmaes,10,17,3727164728,7.815970093361102e-14,35.90000000000008,20000,20000,2.4893
BBOB_f6,CMA-ES/IPOP sigma0=0.3*span ipop=x2,ok,,cmaes,10,18,2214156898,1.2789769243681803e-13,35.90000000000013,20000,20000,2.676
BBOB_f6,CMA-ES/IPOP sigma0=0.3*span ipop=x2,ok,,cmaes,10,19,2859873451,1.2789769243681803e-13,35.90000000000013,20000,20000,2.5234
BBOB_f6,CMA-ES/IPOP sigma0=0.3*span ipop=x2,ok,,cmaes,10,20,3239869425,2.6290081223123707e-13,35.90000000000026,20000,20000,2.274
BBOB_f6,CMA-ES/IPOP sigma0=0.3*span ipop=x2,ok,,cmaes,10,21,788168201,1.2789769243681803e-13,35.90000000000013,20000,20000,2.493
BBOB_f6,CMA-ES/IPOP sigma0=0.3*span ipop=x2,ok,,cmaes,10,22,3646466987,9.237055564881302e-14,35.90000000000009,20000,20000,2.5574
BBOB_f6,CMA-ES/IPOP sigma0=0.3*span ipop=x2,ok,,cmaes,10,23,322909755,1.2789769243681803e-13,35.90000000000013,20000,20000,2.4986
BBOB_f6,CMA-ES/IPOP sigma0=0.3*span ipop=x2,ok,,cmaes,10,24,4105498240,2.1316282072803006e-13,35.90000000000021,20000,20000,2.3245
BBOB_f6,CMA-ES/IPOP sigma0=0.3*span ipop=x2,ok,,cmaes,10,25,25351796,9.947598300641403e-14,35.9000000000001,20000,20000,2.3339
BBOB_f6,CMA-ES/IPOP sigma0=0.3*span ipop=x2,ok,,cmaes,10,26,782925778,4.263256414560601e-14,35.90000000000004,20000,20000,2.3172
BBOB_f6,CMA-ES/IPOP sigma0=0.3*span ipop=x2,ok,,cmaes,10,27,773740134,1.2789769243681803e-13,35.90000000000013,20000,20000,2.3034
BBOB_f6,CMA-ES/IPOP sigma0=0.3*span ipop=x2,ok,,cmaes,10,28,3174747436,5.684341886080802e-14,35.900000000000055,20000,20000,2.4
BBOB_f6,CMA-ES/IPOP sigma0=0.3*span ipop=x2,ok,,cmaes,10,29,460324000,1.9895196601282805e-13,35.9000000000002,20000,20000,2.4089
BBOB_f6,DE/rand/1/bin F=0.5 CR=0.9 NP=50,ok,,de,10,0,1668413078,1.2279301841999768e-06,35.90000122793018,20000,20000,0.8559
BBOB_f6,DE/rand/1/bin F=0.5 CR=0.9 NP=50,ok,,de,10,1,1132203822,9.444505771227796e-06,35.90000944450577,20000,20000,0.8948
BBOB_f6,DE/rand/1/bin F=0.5 CR=0.9 NP=50,ok,,de,10,2,2915813229,2.178984409795248e-06,35.90000217898441,20000,20000,0.8911
BBOB_f6,DE/rand/1/bin F=0.5 CR=0.9 NP=50,ok,,de,10,3,3326586118,7.117812216961283e-06,35.900007117812216,20000,20000,0.8589
BBOB_f6,DE/rand/1/bin F=0.5 CR=0.9 NP=50,ok,,de,10,4,2402205323,1.6133722127165129e-06,35.90000161337221,20000,20000,0.9036
BBOB_f6,DE/rand/1/bin F=0.5 CR=0.9 NP=50,ok,,de,10,5,726071889,1.5334088345753116e-05,35.900015334088344,20000,20000,0.8541
BBOB_f6,DE/rand/1/bin F=0.5 CR=0.9 NP=50,ok,,de,10,6,1688034823,1.8161962032081647e-06,35.9000018161962,20000,20000,0.8788
BBOB_f6,DE/rand/1/bin F=0.5 CR=0.9 NP=50,ok,,de,10,7,2754700469,6.257221940586533e-07,35.90000062572219,20000,20000,0.8711
BBOB_f6,DE/rand/1/bin F=0.5 CR=0.9 NP=50,ok,,de,10,8,2383953780,1.5300700276554835e-05,35.900015300700275,20000,20000,1.1518
BBOB_f6,DE/rand/1/bin F=0.5 CR=0.9 NP=50,ok,,de,10,9,2622195151,5.034282239080312e-06,35.90000503428224,20000,20000,1.1661
BBOB_f6,DE/rand/1/bin F=0.5 CR=0.9 NP=50,ok,,de,10,10,1713047701,7.720749898965096e-06,35.9000077207499,20000,20000,1.2159
BBOB_f6,DE/rand/1/bin F=0.5 CR=0.9 NP=50,ok,,de,10,11,3789265796,2.1122670688100698e-06,35.90000211226707,20000,20000,1.1604
BBOB_f6,DE/rand/1/bin F=0.5 CR=0.9 NP=50,ok,,de,10,12,524408400,5.5251057915484125e-06,35.90000552510579,20000,20000,1.2045
BBOB_f6,DE/rand/1/bin F=0.5 CR=0.9 NP=50,ok,,de,10,13,2996008266,1.5701172166870947e-05,35.900015701172165,20000,20000,1.1753
BBOB_f6,DE/rand/1/bin F=0.5 CR=0.9 NP=50,ok,,de,10,14,2656465800,2.6896021410038884e-06,35.90000268960214,20000,20000,1.4039
BBOB_f6,DE/rand/1/bin F=0.5 CR=0.9 NP=50,ok,,de,10,15,3787522533,1.7423025511220658e-06,35.90000174230255,20000,20000,1.2273
BBOB_f6,DE/rand/1/bin F=0.5 CR=0.9 NP=50,ok,,de,10,16,3566611693,1.7096083695378184e-06,35.90000170960837,20000,20000,1.0884
BBOB_f6,DE/rand/1/bin F=0.5 CR=0.9 NP=50,ok,,de,10,17,4065325649,5.756265544221151e-06,35.90000575626554,20000,20000,1.1109
BBOB_f6,DE/rand/1/bin F=0.5 CR=0.9 NP=50,ok,,de,10,18,2677651394,1.6563791191970267e-06,35.90000165637912,20000,20000,1.0918
BBOB_f6,DE/rand/1/bin F=0.5 CR=0.9 NP=50,ok,,de,10,19,3643210234,2.0617534630673617e-05,35.90002061753463,20000,20000,1.099
BBOB_f6,DE/rand/1/bin F=0.5 CR=0.9 NP=50,ok,,de,10,20,1282431297,2.3714768602189906e-06,35.90000237147686,20000,20000,1.1458
BBOB_f6,DE/rand/1/bin F=0.5 CR=0.9 NP=50,ok,,de,10,21,3907637475,1.6948234460301137e-06,35.900001694823445,20000,20000,1.0881
BBOB_f6,DE/rand/1/bin F=0.5 CR=0.9 NP=50,ok,,de,10,22,1391505252,7.711700561685575e-06,35.90000771170056,20000,20000,1.0258
BBOB_f6,DE/rand/1/bin F=0.5 CR=0.9 NP=50,ok,,de,10,23,1579374335,2.9849098268641683e-06,35.900002984909825,20000,20000,0.9606
BBOB_f6,DE/rand/1/bin F=0.5 CR=0.9 NP=50,ok,,de,10,24,1825201776,5.0736097421122395e-06,35.90000507360974,20000,20000,1.0042
BBOB_f6,DE/rand/1/bin F=0.5 CR=0.9 NP=50,ok,,de,10,25,3392555901,3.0064726814771348e-06,35.90000300647268,20000,20000,0.9878
BBOB_f6,DE/rand/1/bin F=0.5 CR=0.9 NP=50,ok,,de,10,26,4231678047,3.85609588704483e-06,35.900003856095886,20000,20000,0.9718
BBOB_f6,DE/rand/1/bin F=0.5 CR=0.9 NP=50,ok,,de,10,27,2103627889,2.404326146177027e-06,35.900002404326145,20000,20000,0.9617
BBOB_f6,DE/rand/1/bin F=0.5 CR=0.9 NP=50,ok,,de,10,28,1896069772,1.592265022054562e-05,35.90001592265022,20000,20000,0.9959
BBOB_f6,DE/rand/1/bin F=0.5 CR=0.9 NP=50,ok,,de,10,29,2509966118,7.590337681051551e-06,35.90000759033768,20000,20000,0.9193
BBOB_f6,GA/SBX NP=50 pc=0.9 eta_c=20.0 eta_m=20.0,ok,,ga,10,0,1006062276,0.19652327123016988,36.09652327123017,20000,20000,0.8276
BBOB_f6,GA/SBX NP=50 pc=0.9 eta_c=20.0 eta_m=20.0,ok,,ga,10,1,122454306,0.7371107759124627,36.63711077591246,20000,20000,0.7072
BBOB_f6,GA/SBX NP=50 pc=0.9 eta_c=20.0 eta_m=20.0,ok,,ga,10,2,2191238625,0.2619789080202324,36.16197890802023,20000,20000,0.8027
BBOB_f6,GA/SBX NP=50 pc=0.9 eta_c=20.0 eta_m=20.0,ok,,ga,10,3,2139661769,0.25651133192215525,36.156511331922154,20000,20000,0.6919
BBOB_f6,GA/SBX NP=50 pc=0.9 eta_c=20.0 eta_m=20.0,ok,,ga,10,4,2443331457,0.7318162544340083,36.63181625443401,20000,20000,0.721
BBOB_f6,GA/SBX NP=50 pc=0.9 eta_c=20.0 eta_m=20.0,ok,,ga,10,5,1033750029,0.14473478015945318,36.04473478015945,20000,20000,0.6885
BBOB_f6,GA/SBX NP=50 pc=0.9 eta_c=20.0 eta_m=20.0,ok,,ga,10,6,3307894866,0.4050259656597035,36.3050259656597,20000,20000,0.6978
BBOB_f6,GA/SBX NP=50 pc=0.9 eta_c=20.0 eta_m=20.0,ok,,ga,10,7,1444831330,0.14586241484714435,36.04586241484714,20000,20000,0.6875
BBOB_f6,GA/SBX NP=50 pc=0.9 eta_c=20.0 eta_m=20.0,ok,,ga,10,8,3552424877,0.09259825585048986,35.99259825585049,20000,20000,0.775
BBOB_f6,GA/SBX NP=50 pc=0.9 eta_c=20.0 eta_m=20.0,ok,,ga,10,9,1721398908,0.17063538353549035,36.07063538353549,20000,20000,0.7858
BBOB_f6,GA/SBX NP=50 pc=0.9 eta_c=20.0 eta_m=20.0,ok,,ga,10,10,2279681374,0.7258514939853029,36.6258514939853,20000,20000,0.93
BBOB_f6,GA/SBX NP=50 pc=0.9 eta_c=20.0 eta_m=20.0,ok,,ga,10,11,3841632597,0.03925290253785363,35.93925290253785,20000,20000,0.8201
BBOB_f6,GA/SBX NP=50 pc=0.9 eta_c=20.0 eta_m=20.0,ok,,ga,10,12,574171183,0.2551497995491019,36.1551497995491,20000,20000,0.7968
BBOB_f6,GA/SBX NP=50 pc=0.9 eta_c=20.0 eta_m=20.0,ok,,ga,10,13,3973865898,0.3526071260036048,36.2526071260036,20000,20000,0.8036
BBOB_f6,GA/SBX NP=50 pc=0.9 eta_c=20.0 eta_m=20.0,ok,,ga,10,14,1797550066,0.16297903325722274,36.06297903325722,20000,20000,0.7026
BBOB_f6,GA/SBX NP=50 pc=0.9 eta_c=20.0 eta_m=20.0,ok,,ga,10,15,726818407,0.27821977156057187,36.17821977156057,20000,20000,0.8357
BBOB_f6,GA/SBX NP=50 pc=0.9 eta_c=20.0 eta_m=20.0,ok,,ga,10,16,3575321445,1.300120179795087,37.200120179795086,20000,20000,1.1478
BBOB_f6,GA/SBX NP=50 pc=0.9 eta_c=20.0 eta_m=20.0,ok,,ga,10,17,3780788207,0.26490231801631836,36.16490231801632,20000,20000,1.0176
BBOB_f6,GA/SBX NP=50 pc=0.9 eta_c=20.0 eta_m=20.0,ok,,ga,10,18,1843080710,0.42293774557820996,36.32293774557821,20000,20000,1.1476
BBOB_f6,GA/SBX NP=50 pc=0.9 eta_c=20.0 eta_m=20.0,ok,,ga,10,19,646014566,0.6697993391427346,36.56979933914273,20000,20000,1.0325
BBOB_f6,GA/SBX NP=50 pc=0.9 eta_c=20.0 eta_m=20.0,ok,,ga,10,20,1093413839,1.0358655740808942,36.93586557408089,20000,20000,1.0231
BBOB_f6,GA/SBX NP=50 pc=0.9 eta_c=20.0 eta_m=20.0,ok,,ga,10,21,3657067431,0.972685246974379,36.87268524697438,20000,20000,1.0175
BBOB_f6,GA/SBX NP=50 pc=0.9 eta_c=20.0 eta_m=20.0,ok,,ga,10,22,1202014818,0.0777780269553574,35.977778026955356,20000,20000,1.0605
BBOB_f6,GA/SBX NP=50 pc=0.9 eta_c=20.0 eta_m=20.0,ok,,ga,10,23,2112896742,0.3110372984163803,36.21103729841638,20000,20000,1.0389
BBOB_f6,GA/SBX NP=50 pc=0.9 eta_c=20.0 eta_m=20.0,ok,,ga,10,24,133097439,0.4097727887052258,36.309772788705224,20000,20000,1.4853
BBOB_f6,GA/SBX NP=50 pc=0.9 eta_c=20.0 eta_m=20.0,ok,,ga,10,25,3246499700,0.14896250284239443,36.04896250284239,20000,20000,1.233
BBOB_f6,GA/SBX NP=50 pc=0.9 eta_c=20.0 eta_m=20.0,ok,,ga,10,26,78458337,0.3620087969706418,36.26200879697064,20000,20000,1.5784
BBOB_f6,GA/SBX NP=50 pc=0.9 eta_c=20.0 eta_m=20.0,ok,,ga,10,27,2737572686,0.3460812097413921,36.24608120974139,20000,20000,1.3368
BBOB_f6,GA/SBX NP=50 pc=0.9 eta_c=20.0 eta_m=20.0,ok,,ga,10,28,1677692337,0.11058230740916741,36.010582307409166,20000,20000,1.5133
BBOB_f6,GA/SBX NP=50 pc=0.9 eta_c=20.0 eta_m=20.0,ok,,ga,10,29,3618645965,0.2655898315535481,36.16558983155355,20000,20000,1.5674
BBOB_f6,PSO/constriction N=40 c1=2.05 c2=2.05 chi=0.7298,ok,,pso,10,0,2732551838,41.7152368806405,77.6152368806405,20000,20000,0.1215
BBOB_f6,PSO/constriction N=40 c1=2.05 c2=2.05 chi=0.7298,ok,,pso,10,1,1271936977,27.265583734353903,63.1655837343539,20000,20000,0.1249
BBOB_f6,PSO/constriction N=40 c1=2.05 c2=2.05 chi=0.7298,ok,,pso,10,2,1185392675,64.42239441018566,100.32239441018567,20000,20000,0.1226
BBOB_f6,PSO/constriction N=40 c1=2.05 c2=2.05 chi=0.7298,ok,,pso,10,3,4077824277,24.11914552549809,60.01914552549809,20000,20000,0.1102
BBOB_f6,PSO/constriction N=40 c1=2.05 c2=2.05 chi=0.7298,ok,,pso,10,4,1184715493,53.001700391853895,88.9017003918539,20000,20000,0.1325
BBOB_f6,PSO/constriction N=40 c1=2.05 c2=2.05 chi=0.7298,ok,,pso,10,5,2446016998,1.827584455327269e-06,35.900001827584454,20000,20000,0.1247
BBOB_f6,PSO/constriction N=40 c1=2.05 c2=2.05 chi=0.7298,ok,,pso,10,6,416789505,38.18338989731627,74.08338989731627,20000,20000,0.1012
BBOB_f6,PSO/constriction N=40 c1=2.05 c2=2.05 chi=0.7298,ok,,pso,10,7,2332675101,77.37712354302766,113.27712354302767,20000,20000,0.1112
BBOB_f6,PSO/constriction N=40 c1=2.05 c2=2.05 chi=0.7298,ok,,pso,10,8,912314222,3.7575227480601825e-06,35.90000375752275,20000,20000,0.1224
BBOB_f6,PSO/constriction N=40 c1=2.05 c2=2.05 chi=0.7298,ok,,pso,10,9,1418461055,94.00296493679522,129.90296493679523,20000,20000,0.1197
BBOB_f6,PSO/constriction N=40 c1=2.05 c2=2.05 chi=0.7298,ok,,pso,10,10,4256789355,94.00313290721013,129.90313290721014,20000,20000,0.1299
BBOB_f6,PSO/constriction N=40 c1=2.05 c2=2.05 chi=0.7298,ok,,pso,10,11,220397198,94.56549438200176,130.46549438200176,20000,20000,0.134
BBOB_f6,PSO/constriction N=40 c1=2.05 c2=2.05 chi=0.7298,ok,,pso,10,12,854564143,38.17029868451042,74.07029868451042,20000,20000,0.1198
BBOB_f6,PSO/constriction N=40 c1=2.05 c2=2.05 chi=0.7298,ok,,pso,10,13,3161109371,66.22643244250676,102.12643244250677,20000,20000,0.1144
BBOB_f6,PSO/constriction N=40 c1=2.05 c2=2.05 chi=0.7298,ok,,pso,10,14,1392751141,6.167823954683627e-06,35.90000616782395,20000,20000,0.1119
BBOB_f6,PSO/constriction N=40 c1=2.05 c2=2.05 chi=0.7298,ok,,pso,10,15,2712767821,42.281733311522636,78.18173331152263,20000,20000,0.1059
BBOB_f6,PSO/constriction N=40 c1=2.05 c2=2.05 chi=0.7298,ok,,pso,10,16,1700034869,4.7506810574304836e-07,35.900000475068104,20000,20000,0.1203
BBOB_f6,PSO/constriction N=40 c1=2.05 c2=2.05 chi=0.7298,ok,,pso,10,17,119302232,94.5654904319571,130.4654904319571,20000,20000,0.1209
BBOB_f6,PSO/constriction N=40 c1=2.05 c2=2.05 chi=0.7298,ok,,pso,10,18,751099095,35.00384954265501,70.90384954265501,20000,20000,0.1148
BBOB_f6,PSO/constriction N=40 c1=2.05 c2=2.05 chi=0.7298,ok,,pso,10,19,2092644970,38.172872612294604,74.0728726122946,20000,20000,0.1091
BBOB_f6,PSO/constriction N=40 c1=2.05 c2=2.05 chi=0.7298,ok,,pso,10,20,4098684717,74.39156333230022,110.29156333230023,20000,20000,0.1188
BBOB_f6,PSO/constriction N=40 c1=2.05 c2=2.05 chi=0.7298,ok,,pso,10,21,2532357322,94.00267573611069,129.9026757361107,20000,20000,0.116
BBOB_f6,PSO/constriction N=40 c1=2.05 c2=2.05 chi=0.7298,ok,,pso,10,22,570047492,25.54797856938464,61.44797856938464,20000,20000,0.1165
BBOB_f6,PSO/constriction N=40 c1=2.05 c2=2.05 chi=0.7298,ok,,pso,10,23,3186277490,38.17006717499937,74.07006717499937,20000,20000,0.1348
BBOB_f6,PSO/constriction N=40 c1=2.05 c2=2.05 chi=0.7298,ok,,pso,10,24,2512934707,25.64701592943984,61.54701592943984,20000,20000,0.1211
BBOB_f6,PSO/constriction N=40 c1=2.05 c2=2.05 chi=0.7298,ok,,pso,10,25,1195616978,150.95843137393564,186.85843137393564,20000,20000,0.1322
BBOB_f6,PSO/constriction N=40 c1=2.05 c2=2.05 chi=0.7298,ok,,pso,10,26,3143912388,45.548319381701994,81.44831938170199,20000,20000,0.1131
BBOB_f6,PSO/constriction N=40 c1=2.05 c2=2.05 chi=0.7298,ok,,pso,10,27,645616725,0.0002726835456030585,35.9002726835456,20000,20000,0.1156
BBOB_f6,PSO/constriction N=40 c1=2.05 c2=2.05 chi=0.7298,ok,,pso,10,28,2555882972,90.80100455285779,126.7010045528578,20000,20000,0.1231
BBOB_f6,PSO/constriction N=40 c1=2.05 c2=2.05 chi=0.7298,ok,,pso,10,29,4198608495,1.1445911951568633e-07,35.90000011445912,20000,20000,0.1257
BBOB_f6,RandomSearch,ok,,random,10,0,2226526910,119.08613123926915,154.98613123926916,20000,20000,0.4792
BBOB_f6,RandomSearch,ok,,random,10,1,2627178899,69.54556636498103,105.44556636498103,20000,20000,0.4743
BBOB_f6,RandomSearch,ok,,random,10,2,3253263290,118.81395364904091,154.71395364904092,20000,20000,0.4676
BBOB_f6,RandomSearch,ok,,random,10,3,1943473684,72.57552995069125,108.47552995069125,20000,20000,0.4173
BBOB_f6,RandomSearch,ok,,random,10,4,3698811489,73.74893905961545,109.64893905961546,20000,20000,0.4698
BBOB_f6,RandomSearch,ok,,random,10,5,1692232262,189.90668551886176,225.80668551886177,20000,20000,0.4394
BBOB_f6,RandomSearch,ok,,random,10,6,3608678153,98.95495227854892,134.85495227854892,20000,20000,0.4615
BBOB_f6,RandomSearch,ok,,random,10,7,3284884982,87.89348597040905,123.79348597040905,20000,20000,0.5152
BBOB_f6,RandomSearch,ok,,random,10,8,2906703557,52.526187043962885,88.42618704396288,20000,20000,0.4983
BBOB_f6,RandomSearch,ok,,random,10,9,4280317757,115.23918688942882,151.13918688942883,20000,20000,0.4847
BBOB_f6,RandomSearch,ok,,random,10,10,544701266,101.53231265112547,137.43231265112547,20000,20000,0.4637
BBOB_f6,RandomSearch,ok,,random,10,11,5672529,68.61170548130411,104.51170548130412,20000,20000,0.4863
BBOB_f6,RandomSearch,ok,,random,10,12,657211828,85.19162015203665,121.09162015203665,20000,20000,0.4969
BBOB_f6,RandomSearch,ok,,random,10,13,3311255607,127.49320099192576,163.39320099192577,20000,20000,0.6294
BBOB_f6,RandomSearch,ok,,random,10,14,3569713867,61.78543241475513,97.68543241475513,20000,20000,0.4644
BBOB_f6,RandomSearch,ok,,random,10,15,671086138,85.5845785489374,121.4845785489374,20000,20000,0.4388
BBOB_f6,RandomSearch,ok,,random,10,16,970466985,100.50482587724315,136.40482587724316,20000,20000,0.4473
BBOB_f6,RandomSearch,ok,,random,10,17,1125643802,109.50622925201716,145.40622925201717,20000,20000,0.5377
BBOB_f6,RandomSearch,ok,,random,10,18,2741867370,114.40995676401911,150.30995676401912,20000,20000,0.5319
BBOB_f6,RandomSearch,ok,,random,10,19,3419800257,114.68488332417618,150.5848833241762,20000,20000,0.4888
BBOB_f6,RandomSearch,ok,,random,10,20,3996227055,113.58559867899382,149.48559867899382,20000,20000,0.498
BBOB_f6,RandomSearch,ok,,random,10,21,3120765428,122.3247975358534,158.2247975358534,20000,20000,0.4963
BBOB_f6,RandomSearch,ok,,random,10,22,1146659751,63.924249394342375,99.82424939434237,20000,20000,0.4749
BBOB_f6,RandomSearch,ok,,random,10,23,218298907,71.12222338011549,107.02222338011549,20000,20000,0.4901
BBOB_f6,RandomSearch,ok,,random,10,24,3175527298,121.46765537555987,157.36765537555988,20000,20000,0.4913
BBOB_f6,RandomSearch,ok,,random,10,25,1531649660,104.25389788037836,140.15389788037837,20000,20000,0.3771
BBOB_f6,RandomSearch,ok,,random,10,26,838279679,131.66846023609943,167.56846023609944,20000,20000,0.4114
BBOB_f6,RandomSearch,ok,,random,10,27,1743412663,66.2406825091893,102.1406825091893,20000,20000,0.3999
BBOB_f6,RandomSearch,ok,,random,10,28,2328984719,81.6897682166113,117.5897682166113,20000,20000,0.3904
BBOB_f6,RandomSearch,ok,,random,10,29,3917920416,114.43088715233037,150.33088715233038,20000,20000,0.3719
BBOB_f7,CMA-ES/IPOP sigma0=0.3*span ipop=x2,ok,,cmaes,10,0,2429895362,0.0,92.94,20000,20000,1.8143
BBOB_f7,CMA-ES/IPOP sigma0=0.3*span ipop=x2,ok,,cmaes,10,1,2561146890,0.0,92.94,20000,20000,1.8333
BBOB_f7,CMA-ES/IPOP sigma0=0.3*span ipop=x2,ok,,cmaes,10,2,530371811,0.0,92.94,20000,20000,1.8874
BBOB_f7,CMA-ES/IPOP sigma0=0.3*span ipop=x2,ok,,cmaes,10,3,3475145082,0.0,92.94,20000,20000,1.8305
BBOB_f7,CMA-ES/IPOP sigma0=0.3*span ipop=x2,ok,,cmaes,10,4,3363909473,0.0,92.94,20000,20000,1.8854
BBOB_f7,CMA-ES/IPOP sigma0=0.3*span ipop=x2,ok,,cmaes,10,5,3661987361,0.0,92.94,20000,20000,1.8877
BBOB_f7,CMA-ES/IPOP sigma0=0.3*span ipop=x2,ok,,cmaes,10,6,127404120,0.0,92.94,20000,20000,1.7565
BBOB_f7,CMA-ES/IPOP sigma0=0.3*span ipop=x2,ok,,cmaes,10,7,1219874121,0.0,92.94,20000,20000,1.9792
BBOB_f7,CMA-ES/IPOP sigma0=0.3*span ipop=x2,ok,,cmaes,10,8,361068502,0.0,92.94,20000,20000,1.8862
BBOB_f7,CMA-ES/IPOP sigma0=0.3*span ipop=x2,ok,,cmaes,10,9,3823077416,0.0,92.94,20000,20000,1.994
BBOB_f7,CMA-ES/IPOP sigma0=0.3*span ipop=x2,ok,,cmaes,10,10,2977533656,0.0,92.94,20000,20000,2.1373
BBOB_f7,CMA-ES/IPOP sigma0=0.3*span ipop=x2,ok,,cmaes,10,11,3566830794,0.0,92.94,20000,20000,1.9793
BBOB_f7,CMA-ES/IPOP sigma0=0.3*span ipop=x2,ok,,cmaes,10,12,1641327262,0.0,92.94,20000,20000,2.0963
BBOB_f7,CMA-ES/IPOP sigma0=0.3*span ipop=x2,ok,,cmaes,10,13,270373917,0.0,92.94,20000,20000,2.0559
BBOB_f7,CMA-ES/IPOP sigma0=0.3*span ipop=x2,ok,,cmaes,10,14,1121176149,0.0,92.94,20000,20000,2.1764
BBOB_f7,CMA-ES/IPOP sigma0=0.3*span ipop=x2,ok,,cmaes,10,15,367932463,0.0,92.94,20000,20000,1.9226
BBOB_f7,CMA-ES/IPOP sigma0=0.3*span ipop=x2,ok,,cmaes,10,16,1553685218,0.0,92.94,20000,20000,1.7971
BBOB_f7,CMA-ES/IPOP sigma0=0.3*span ipop=x2,ok,,cmaes,10,17,3477747590,0.0,92.94,20000,20000,1.9219
BBOB_f7,CMA-ES/IPOP sigma0=0.3*span ipop=x2,ok,,cmaes,10,18,839148241,0.0,92.94,20000,20000,2.0499
BBOB_f7,CMA-ES/IPOP sigma0=0.3*span ipop=x2,ok,,cmaes,10,19,103323921,0.0,92.94,20000,20000,1.9665
BBOB_f7,CMA-ES/IPOP sigma0=0.3*span ipop=x2,ok,,cmaes,10,20,3456521325,0.0,92.94,20000,20000,2.0136
BBOB_f7,CMA-ES/IPOP sigma0=0.3*span ipop=x2,ok,,cmaes,10,21,1677562053,0.0,92.94,20000,20000,2.106
BBOB_f7,CMA-ES/IPOP sigma0=0.3*span ipop=x2,ok,,cmaes,10,22,822943710,0.0,92.94,20000,20000,2.0437
BBOB_f7,CMA-ES/IPOP sigma0=0.3*span ipop=x2,ok,,cmaes,10,23,3846096230,0.0,92.94,20000,20000,1.7504
BBOB_f7,CMA-ES/IPOP sigma0=0.3*span ipop=x2,ok,,cmaes,10,24,2564322724,0.0,92.94,20000,20000,1.8652
BBOB_f7,CMA-ES/IPOP sigma0=0.3*span ipop=x2,ok,,cmaes,10,25,1573175081,0.0,92.94,20000,20000,1.5817
BBOB_f7,CMA-ES/IPOP sigma0=0.3*span ipop=x2,ok,,cmaes,10,26,2509295036,0.0,92.94,20000,20000,2.1622
BBOB_f7,CMA-ES/IPOP sigma0=0.3*span ipop=x2,ok,,cmaes,10,27,1610906521,0.0,92.94,20000,20000,2.1068
BBOB_f7,CMA-ES/IPOP sigma0=0.3*span ipop=x2,ok,,cmaes,10,28,2389725767,0.0,92.94,20000,20000,2.3866
BBOB_f7,CMA-ES/IPOP sigma0=0.3*span ipop=x2,ok,,cmaes,10,29,2806737518,0.0,92.94,20000,20000,2.2943
BBOB_f7,DE/rand/1/bin F=0.5 CR=0.9 NP=50,ok,,de,10,0,269104208,0.0,92.94,20000,20000,1.0692
BBOB_f7,DE/rand/1/bin F=0.5 CR=0.9 NP=50,ok,,de,10,1,2024201786,0.0,92.94,20000,20000,1.0704
BBOB_f7,DE/rand/1/bin F=0.5 CR=0.9 NP=50,ok,,de,10,2,405524491,0.0,92.94,20000,20000,1.0847
BBOB_f7,DE/rand/1/bin F=0.5 CR=0.9 NP=50,ok,,de,10,3,3454788434,0.0,92.94,20000,20000,1.0552
BBOB_f7,DE/rand/1/bin F=0.5 CR=0.9 NP=50,ok,,de,10,4,1761188704,0.0,92.94,20000,20000,1.1058
BBOB_f7,DE/rand/1/bin F=0.5 CR=0.9 NP=50,ok,,de,10,5,2517412116,0.0,92.94,20000,20000,1.1233
BBOB_f7,DE/rand/1/bin F=0.5 CR=0.9 NP=50,ok,,de,10,6,564383960,0.0,92.94,20000,20000,1.0922
BBOB_f7,DE/rand/1/bin F=0.5 CR=0.9 NP=50,ok,,de,10,7,1292431774,0.0,92.94,20000,20000,1.0807
BBOB_f7,DE/rand/1/bin F=0.5 CR=0.9 NP=50,ok,,de,10,8,607530455,0.03516698441356425,92.97516698441356,20000,20000,1.1485
BBOB_f7,DE/rand/1/bin F=0.5 CR=0.9 NP=50,ok,,de,10,9,4209527399,0.0,92.94,20000,20000,1.1757
BBOB_f7,DE/rand/1/bin F=0.5 CR=0.9 NP=50,ok,,de,10,10,1546698630,0.0,92.94,20000,20000,1.1096
BBOB_f7,DE/rand/1/bin F=0.5 CR=0.9 NP=50,ok,,de,10,11,4031625613,0.0,92.94,20000,20000,1.1997
BBOB_f7,DE/rand/1/bin F=0.5 CR=0.9 NP=50,ok,,de,10,12,3301131100,0.0,92.94,20000,20000,1.2078
BBOB_f7,DE/rand/1/bin F=0.5 CR=0.9 NP=50,ok,,de,10,13,2027227883,0.0,92.94,20000,20000,1.2872
BBOB_f7,DE/rand/1/bin F=0.5 CR=0.9 NP=50,ok,,de,10,14,2314233464,0.0,92.94,20000,20000,1.1643
BBOB_f7,DE/rand/1/bin F=0.5 CR=0.9 NP=50,ok,,de,10,15,117921179,0.0,92.94,20000,20000,1.1513
BBOB_f7,DE/rand/1/bin F=0.5 CR=0.9 NP=50,ok,,de,10,16,2936888514,0.0,92.94,20000,20000,1.1934
BBOB_f7,DE/rand/1/bin F=0.5 CR=0.9 NP=50,ok,,de,10,17,2420023991,0.0,92.94,20000,20000,1.1822
BBOB_f7,DE/rand/1/bin F=0.5 CR=0.9 NP=50,ok,,de,10,18,4102272506,0.0,92.94,20000,20000,1.1874
BBOB_f7,DE/rand/1/bin F=0.5 CR=0.9 NP=50,ok,,de,10,19,2920115936,0.0,92.94,20000,20000,1.1576
BBOB_f7,DE/rand/1/bin F=0.5 CR=0.9 NP=50,ok,,de,10,20,2396972965,0.0,92.94,20000,20000,1.1735
BBOB_f7,DE/rand/1/bin F=0.5 CR=0.9 NP=50,ok,,de,10,21,2337757706,0.0,92.94,20000,20000,1.1833
BBOB_f7,DE/rand/1/bin F=0.5 CR=0.9 NP=50,ok,,de,10,22,3235504857,0.0,92.94,20000,20000,1.1897
BBOB_f7,DE/rand/1/bin F=0.5 CR=0.9 NP=50,ok,,de,10,23,1714253506,0.0,92.94,20000,20000,1.2444
BBOB_f7,DE/rand/1/bin F=0.5 CR=0.9 NP=50,ok,,de,10,24,2886420235,0.0,92.94,20000,20000,1.0844
BBOB_f7,DE/rand/1/bin F=0.5 CR=0.9 NP=50,ok,,de,10,25,175765574,0.0,92.94,20000,20000,1.1272
BBOB_f7,DE/rand/1/bin F=0.5 CR=0.9 NP=50,ok,,de,10,26,4057326834,0.0,92.94,20000,20000,1.1798
BBOB_f7,DE/rand/1/bin F=0.5 CR=0.9 NP=50,ok,,de,10,27,872176902,0.0,92.94,20000,20000,1.0595
BBOB_f7,DE/rand/1/bin F=0.5 CR=0.9 NP=50,ok,,de,10,28,2185469270,0.0,92.94,20000,20000,1.1512
BBOB_f7,DE/rand/1/bin F=0.5 CR=0.9 NP=50,ok,,de,10,29,2726920182,0.0,92.94,20000,20000,1.1572
BBOB_f7,GA/SBX NP=50 pc=0.9 eta_c=20.0 eta_m=20.0,ok,,ga,10,0,1320922746,7.75552270360167,100.69552270360167,20000,20000,1.0251
BBOB_f7,GA/SBX NP=50 pc=0.9 eta_c=20.0 eta_m=20.0,ok,,ga,10,1,1619052479,8.10416106664941,101.04416106664941,20000,20000,0.8496
BBOB_f7,GA/SBX NP=50 pc=0.9 eta_c=20.0 eta_m=20.0,ok,,ga,10,2,1972633595,1.5314299887349563,94.47142998873495,20000,20000,0.8588
BBOB_f7,GA/SBX NP=50 pc=0.9 eta_c=20.0 eta_m=20.0,ok,,ga,10,3,425098481,2.7514527989217044,95.6914527989217,20000,20000,1.0194
BBOB_f7,GA/SBX NP=50 pc=0.9 eta_c=20.0 eta_m=20.0,ok,,ga,10,4,3761869120,1.1128046862489782,94.05280468624898,20000,20000,0.8483
BBOB_f7,GA/SBX NP=50 pc=0.9 eta_c=20.0 eta_m=20.0,ok,,ga,10,5,1647890854,2.334575824878371,95.27457582487837,20000,20000,0.8814
BBOB_f7,GA/SBX NP=50 pc=0.9 eta_c=20.0 eta_m=20.0,ok,,ga,10,6,1869274025,2.0248494355574707,94.96484943555747,20000,20000,0.8178
BBOB_f7,GA/SBX NP=50 pc=0.9 eta_c=20.0 eta_m=20.0,ok,,ga,10,7,821443891,4.374462929546311,97.31446292954631,20000,20000,0.8847
BBOB_f7,GA/SBX NP=50 pc=0.9 eta_c=20.0 eta_m=20.0,ok,,ga,10,8,3982116942,8.41911331193704,101.35911331193704,20000,20000,0.9918
BBOB_f7,GA/SBX NP=50 pc=0.9 eta_c=20.0 eta_m=20.0,ok,,ga,10,9,2457059304,3.876143312325027,96.81614331232502,20000,20000,0.9884
BBOB_f7,GA/SBX NP=50 pc=0.9 eta_c=20.0 eta_m=20.0,ok,,ga,10,10,2060695846,0.45195753123100246,93.391957531231,20000,20000,1.1049
BBOB_f7,GA/SBX NP=50 pc=0.9 eta_c=20.0 eta_m=20.0,ok,,ga,10,11,3711432804,14.688395878099499,107.6283958780995,20000,20000,0.9587
BBOB_f7,GA/SBX NP=50 pc=0.9 eta_c=20.0 eta_m=20.0,ok,,ga,10,12,1030464117,4.226267469100009,97.1662674691,20000,20000,1.0172
BBOB_f7,GA/SBX NP=50 pc=0.9 eta_c=20.0 eta_m=20.0,ok,,ga,10,13,2241644721,1.430377682790862,94.37037768279086,20000,20000,0.9378
BBOB_f7,GA/SBX NP=50 pc=0.9 eta_c=20.0 eta_m=20.0,ok,,ga,10,14,421318714,1.9321348401714573,94.87213484017146,20000,20000,0.9857
BBOB_f7,GA/SBX NP=50 pc=0.9 eta_c=20.0 eta_m=20.0,ok,,ga,10,15,3803078948,0.91266017296455,93.85266017296455,20000,20000,0.919
BBOB_f7,GA/SBX NP=50 pc=0.9 eta_c=20.0 eta_m=20.0,ok,,ga,10,16,3093462735,2.239515881051858,95.17951588105186,20000,20000,0.8491
BBOB_f7,GA/SBX NP=50 pc=0.9 eta_c=20.0 eta_m=20.0,ok,,ga,10,17,3165372017,6.13622597191987,99.07622597191987,20000,20000,0.8579
BBOB_f7,GA/SBX NP=50 pc=0.9 eta_c=20.0 eta_m=20.0,ok,,ga,10,18,1091803473,2.392284658650752,95.33228465865075,20000,20000,0.7661
BBOB_f7,GA/SBX NP=50 pc=0.9 eta_c=20.0 eta_m=20.0,ok,,ga,10,19,1123284944,2.1294116805724457,95.06941168057244,20000,20000,0.8357
BBOB_f7,GA/SBX NP=50 pc=0.9 eta_c=20.0 eta_m=20.0,ok,,ga,10,20,616123093,13.137986901788608,106.0779869017886,20000,20000,0.8446
BBOB_f7,GA/SBX NP=50 pc=0.9 eta_c=20.0 eta_m=20.0,ok,,ga,10,21,2608989427,1.9364454215391333,94.87644542153913,20000,20000,0.8321
BBOB_f7,GA/SBX NP=50 pc=0.9 eta_c=20.0 eta_m=20.0,ok,,ga,10,22,360177474,6.127966390813214,99.06796639081321,20000,20000,0.9006
BBOB_f7,GA/SBX NP=50 pc=0.9 eta_c=20.0 eta_m=20.0,ok,,ga,10,23,649939354,6.749455849367621,99.68945584936762,20000,20000,0.8739
BBOB_f7,GA/SBX NP=50 pc=0.9 eta_c=20.0 eta_m=20.0,ok,,ga,10,24,2311996338,1.914120897223583,94.85412089722358,20000,20000,0.8518
BBOB_f7,GA/SBX NP=50 pc=0.9 eta_c=20.0 eta_m=20.0,ok,,ga,10,25,2421263035,11.46187048649844,104.40187048649844,20000,20000,0.8322
BBOB_f7,GA/SBX NP=50 pc=0.9 eta_c=20.0 eta_m=20.0,ok,,ga,10,26,542231934,5.0630191268903815,98.00301912689038,20000,20000,0.8523
BBOB_f7,GA/SBX NP=50 pc=0.9 eta_c=20.0 eta_m=20.0,ok,,ga,10,27,4149747363,0.4774254957355737,93.41742549573557,20000,20000,0.8141
BBOB_f7,GA/SBX NP=50 pc=0.9 eta_c=20.0 eta_m=20.0,ok,,ga,10,28,2053874980,6.4817090517333185,99.42170905173332,20000,20000,0.8642
BBOB_f7,GA/SBX NP=50 pc=0.9 eta_c=20.0 eta_m=20.0,ok,,ga,10,29,3947697283,4.153012509818083,97.09301250981808,20000,20000,0.8711
BBOB_f7,PSO/constriction N=40 c1=2.05 c2=2.05 chi=0.7298,ok,,pso,10,0,3305112058,5.082597499161054,98.02259749916105,20000,20000,0.1545
BBOB_f7,PSO/constriction N=40 c1=2.05 c2=2.05 chi=0.7298,ok,,pso,10,1,2550073613,2.8168275485305543,95.75682754853055,20000,20000,0.1208
BBOB_f7,PSO/constriction N=40 c1=2.05 c2=2.05 chi=0.7298,ok,,pso,10,2,3227276053,1.828400867343774,94.76840086734377,20000,20000,0.1561
BBOB_f7,PSO/constriction N=40 c1=2.05 c2=2.05 chi=0.7298,ok,,pso,10,3,3084502765,8.87645089530345,101.81645089530345,20000,20000,0.139
BBOB_f7,PSO/constriction N=40 c1=2.05 c2=2.05 chi=0.7298,ok,,pso,10,4,1739662491,9.077220954902174,102.01722095490217,20000,20000,0.1413
BBOB_f7,PSO/constriction N=40 c1=2.05 c2=2.05 chi=0.7298,ok,,pso,10,5,3497050147,4.248531780301036,97.18853178030103,20000,20000,0.1448
BBOB_f7,PSO/constriction N=40 c1=2.05 c2=2.05 chi=0.7298,ok,,pso,10,6,3599251230,2.415451774788295,95.35545177478829,20000,20000,0.1279
BBOB_f7,PSO/constriction N=40 c1=2.05 c2=2.05 chi=0.7298,ok,,pso,10,7,3619553317,0.8806625707094042,93.8206625707094,20000,20000,0.1435
BBOB_f7,PSO/constriction N=40 c1=2.05 c2=2.05 chi=0.7298,ok,,pso,10,8,3806835499,0.4381014777555947,93.37810147775559,20000,20000,0.1484
BBOB_f7,PSO/constriction N=40 c1=2.05 c2=2.05 chi=0.7298,ok,,pso,10,9,4121666489,4.037497733752801,96.9774977337528,20000,20000,0.138
BBOB_f7,PSO/constriction N=40 c1=2.05 c2=2.05 chi=0.7298,ok,,pso,10,10,1535005498,2.823945754426987,95.76394575442698,20000,20000,0.1368
BBOB_f7,PSO/constriction N=40 c1=2.05 c2=2.05 chi=0.7298,ok,,pso,10,11,3583203834,3.1046777902329126,96.04467779023291,20000,20000,0.1509
BBOB_f7,PSO/constriction N=40 c1=2.05 c2=2.05 chi=0.7298,ok,,pso,10,12,2442352490,1.9625361170826068,94.9025361170826,20000,20000,0.147
BBOB_f7,PSO/constriction N=40 c1=2.05 c2=2.05 chi=0.7298,ok,,pso,10,13,468909359,6.752055012452033,99.69205501245203,20000,20000,0.143
BBOB_f7,PSO/constriction N=40 c1=2.05 c2=2.05 chi=0.7298,ok,,pso,10,14,2023665928,24.28393029652858,117.22393029652858,20000,20000,0.164
BBOB_f7,PSO/constriction N=40 c1=2.05 c2=2.05 chi=0.7298,ok,,pso,10,15,834883635,2.7379141785746555,95.67791417857465,20000,20000,0.1627
BBOB_f7,PSO/constriction N=40 c1=2.05 c2=2.05 chi=0.7298,ok,,pso,10,16,3902006188,7.531427536001274,100.47142753600127,20000,20000,0.1285
BBOB_f7,PSO/constriction N=40 c1=2.05 c2=2.05 chi=0.7298,ok,,pso,10,17,2763626874,1.1455550991207843,94.08555509912078,20000,20000,0.1395
BBOB_f7,PSO/constriction N=40 c1=2.05 c2=2.05 chi=0.7298,ok,,pso,10,18,1288263350,2.9895852728448062,95.9295852728448,20000,20000,0.1411
BBOB_f7,PSO/constriction N=40 c1=2.05 c2=2.05 chi=0.7298,ok,,pso,10,19,3847660225,1.3868944079351309,94.32689440793513,20000,20000,0.1478
BBOB_f7,PSO/constriction N=40 c1=2.05 c2=2.05 chi=0.7298,ok,,pso,10,20,3276536598,8.10416106664941,101.04416106664941,20000,20000,0.1372
BBOB_f7,PSO/constriction N=40 c1=2.05 c2=2.05 chi=0.7298,ok,,pso,10,21,3806554912,1.382183310521782,94.32218331052178,20000,20000,0.1447
BBOB_f7,PSO/constriction N=40 c1=2.05 c2=2.05 chi=0.7298,ok,,pso,10,22,214293723,8.73219569647911,101.67219569647911,20000,20000,0.1287
BBOB_f7,PSO/constriction N=40 c1=2.05 c2=2.05 chi=0.7298,ok,,pso,10,23,3999303178,13.942495714552862,106.88249571455286,20000,20000,0.1393
BBOB_f7,PSO/constriction N=40 c1=2.05 c2=2.05 chi=0.7298,ok,,pso,10,24,825421598,11.70190480803386,104.64190480803386,20000,20000,0.1446
BBOB_f7,PSO/constriction N=40 c1=2.05 c2=2.05 chi=0.7298,ok,,pso,10,25,2694755599,12.463982332871154,105.40398233287115,20000,20000,0.1403
BBOB_f7,PSO/constriction N=40 c1=2.05 c2=2.05 chi=0.7298,ok,,pso,10,26,3361656484,3.1046777902329126,96.04467779023291,20000,20000,0.1336
BBOB_f7,PSO/constriction N=40 c1=2.05 c2=2.05 chi=0.7298,ok,,pso,10,27,914918280,13.05415191735321,105.99415191735321,20000,20000,0.1301
BBOB_f7,PSO/constriction N=40 c1=2.05 c2=2.05 chi=0.7298,ok,,pso,10,28,3543192813,11.124438062283346,104.06443806228334,20000,20000,0.1332
BBOB_f7,PSO/constriction N=40 c1=2.05 c2=2.05 chi=0.7298,ok,,pso,10,29,4285298230,4.598148135437725,97.53814813543772,20000,20000,0.1248
BBOB_f7,RandomSearch,ok,,random,10,0,4043997809,39.45949791625185,132.39949791625185,20000,20000,0.435
BBOB_f7,RandomSearch,ok,,random,10,1,1374259187,30.922981438096457,123.86298143809645,20000,20000,0.4694
BBOB_f7,RandomSearch,ok,,random,10,2,1150360208,43.73077623573434,136.67077623573434,20000,20000,0.4489
BBOB_f7,RandomSearch,ok,,random,10,3,2538500741,44.16619525040463,137.10619525040462,20000,20000,0.4566
BBOB_f7,RandomSearch,ok,,random,10,4,3875486018,51.38428106238092,144.32428106238092,20000,20000,0.4748
BBOB_f7,RandomSearch,ok,,random,10,5,3171061005,52.90484543579504,145.84484543579504,20000,20000,0.4876
BBOB_f7,RandomSearch,ok,,random,10,6,2657835111,30.230803995672886,123.17080399567288,20000,20000,0.4128
BBOB_f7,RandomSearch,ok,,random,10,7,2528092768,48.61449150823347,141.55449150823347,20000,20000,0.482
BBOB_f7,RandomSearch,ok,,random,10,8,3057710627,61.0424215962465,153.9824215962465,20000,20000,0.3768
BBOB_f7,RandomSearch,ok,,random,10,9,968669051,17.627629613316074,110.56762961331607,20000,20000,0.5178
BBOB_f7,RandomSearch,ok,,random,10,10,4076875869,60.57209455457874,153.51209455457874,20000,20000,0.4411
BBOB_f7,RandomSearch,ok,,random,10,11,2476234006,48.376785613188815,141.3167856131888,20000,20000,0.439
BBOB_f7,RandomSearch,ok,,random,10,12,2135210694,42.981572843227866,135.92157284322786,20000,20000,0.4683
BBOB_f7,RandomSearch,ok,,random,10,13,112244445,49.91872593288187,142.85872593288187,20000,20000,0.4775
BBOB_f7,RandomSearch,ok,,random,10,14,3987405642,34.713953822000676,127.65395382200067,20000,20000,0.4661
BBOB_f7,RandomSearch,ok,,random,10,15,1963982062,42.969952966335484,135.90995296633548,20000,20000,0.4612
BBOB_f7,RandomSearch,ok,,random,10,16,2387871179,43.80087436177948,136.74087436177948,20000,20000,0.486
BBOB_f7,RandomSearch,ok,,random,10,17,488565557,44.109657866870776,137.04965786687077,20000,20000,0.5069
BBOB_f7,RandomSearch,ok,,random,10,18,3885816279,56.20665657026146,149.14665657026146,20000,20000,0.5437
BBOB_f7,RandomSearch,ok,,random,10,19,2272422931,38.21644940711451,131.1564494071145,20000,20000,0.5172
BBOB_f7,RandomSearch,ok,,random,10,20,4153688345,51.60453638647371,144.5445363864737,20000,20000,0.5226
BBOB_f7,RandomSearch,ok,,random,10,21,3105096906,40.665679852853884,133.60567985285388,20000,20000,0.5263
BBOB_f7,RandomSearch,ok,,random,10,22,4271691065,37.24374712750944,130.18374712750943,20000,20000,0.5154
BBOB_f7,RandomSearch,ok,,random,10,23,3761144268,45.35741325603638,138.29741325603638,20000,20000,0.5162
BBOB_f7,RandomSearch,ok,,random,10,24,2898189795,39.64714543185596,132.58714543185596,20000,20000,0.4799
BBOB_f7,RandomSearch,ok,,random,10,25,2691704432,48.00739913570584,140.94739913570584,20000,20000,0.4618
BBOB_f7,RandomSearch,ok,,random,10,26,1101791533,42.79465285018051,135.7346528501805,20000,20000,0.469
BBOB_f7,RandomSearch,ok,,random,10,27,3052566199,51.96821628914762,144.90821628914762,20000,20000,0.4695
BBOB_f7,RandomSearch,ok,,random,10,28,548116951,55.331727978246874,148.27172797824687,20000,20000,0.452
BBOB_f7,RandomSearch,ok,,random,10,29,4186282565,35.51700314140811,128.4570031414081,20000,20000,0.5013
BBOB_f8,CMA-ES/IPOP sigma0=0.3*span ipop=x2,ok,,cmaes,10,0,134293067,0.0,149.15,20000,20000,2.1333
BBOB_f8,CMA-ES/IPOP sigma0=0.3*span ipop=x2,ok,,cmaes,10,1,3813712300,0.0,149.15,20000,20000,2.1053
BBOB_f8,CMA-ES/IPOP sigma0=0.3*span ipop=x2,ok,,cmaes,10,2,3420753705,0.0,149.15,20000,20000,2.0948
BBOB_f8,CMA-ES/IPOP sigma0=0.3*span ipop=x2,ok,,cmaes,10,3,2582189980,2.842170943040401e-14,149.15000000000003,20000,20000,2.0149
BBOB_f8,CMA-ES/IPOP sigma0=0.3*span ipop=x2,ok,,cmaes,10,4,3210167667,2.842170943040401e-14,149.15000000000003,20000,20000,2.1579
BBOB_f8,CMA-ES/IPOP sigma0=0.3*span ipop=x2,ok,,cmaes,10,5,222238777,5.684341886080802e-14,149.15000000000006,20000,20000,2.0698
BBOB_f8,CMA-ES/IPOP sigma0=0.3*span ipop=x2,ok,,cmaes,10,6,2441200172,2.842170943040401e-14,149.15000000000003,20000,20000,2.1323
BBOB_f8,CMA-ES/IPOP sigma0=0.3*span ipop=x2,ok,,cmaes,10,7,3219432478,2.842170943040401e-14,149.15000000000003,20000,20000,2.0912
BBOB_f8,CMA-ES/IPOP sigma0=0.3*span ipop=x2,ok,,cmaes,10,8,1981703918,5.684341886080802e-14,149.15000000000006,20000,20000,2.1458
BBOB_f8,CMA-ES/IPOP sigma0=0.3*span ipop=x2,ok,,cmaes,10,9,3647615324,0.0,149.15,20000,20000,1.9526
BBOB_f8,CMA-ES/IPOP sigma0=0.3*span ipop=x2,ok,,cmaes,10,10,3077284136,0.0,149.15,20000,20000,1.922
BBOB_f8,CMA-ES/IPOP sigma0=0.3*span ipop=x2,ok,,cmaes,10,11,1307344615,2.842170943040401e-14,149.15000000000003,20000,20000,2.2309
BBOB_f8,CMA-ES/IPOP sigma0=0.3*span ipop=x2,ok,,cmaes,10,12,2743414182,2.842170943040401e-14,149.15000000000003,20000,20000,2.2269
BBOB_f8,CMA-ES/IPOP sigma0=0.3*span ipop=x2,ok,,cmaes,10,13,1182474257,2.842170943040401e-14,149.15000000000003,20000,20000,2.0948
BBOB_f8,CMA-ES/IPOP sigma0=0.3*span ipop=x2,ok,,cmaes,10,14,366298402,2.842170943040401e-14,149.15000000000003,20000,20000,2.2615
BBOB_f8,CMA-ES/IPOP sigma0=0.3*span ipop=x2,ok,,cmaes,10,15,1748306523,0.0,149.15,20000,20000,2.0918
BBOB_f8,CMA-ES/IPOP sigma0=0.3*span ipop=x2,ok,,cmaes,10,16,1202806330,0.0,149.15,20000,20000,1.9179
BBOB_f8,CMA-ES/IPOP sigma0=0.3*span ipop=x2,ok,,cmaes,10,17,878498064,0.0,149.15,20000,20000,1.8065
BBOB_f8,CMA-ES/IPOP sigma0=0.3*span ipop=x2,ok,,cmaes,10,18,3765594543,2.842170943040401e-14,149.15000000000003,20000,20000,1.7899
BBOB_f8,CMA-ES/IPOP sigma0=0.3*span ipop=x2,ok,,cmaes,10,19,1067846394,0.0,149.15,20000,20000,1.7452
BBOB_f8,CMA-ES/IPOP sigma0=0.3*span ipop=x2,ok,,cmaes,10,20,4285340591,2.842170943040401e-14,149.15000000000003,20000,20000,1.6695
BBOB_f8,CMA-ES/IPOP sigma0=0.3*span ipop=x2,ok,,cmaes,10,21,1104088873,0.0,149.15,20000,20000,1.7665
BBOB_f8,CMA-ES/IPOP sigma0=0.3*span ipop=x2,ok,,cmaes,10,22,996131312,5.684341886080802e-14,149.15000000000006,20000,20000,1.8984
BBOB_f8,CMA-ES/IPOP sigma0=0.3*span ipop=x2,ok,,cmaes,10,23,4080423160,0.0,149.15,20000,20000,1.8904
BBOB_f8,CMA-ES/IPOP sigma0=0.3*span ipop=x2,ok,,cmaes,10,24,2140418934,2.842170943040401e-14,149.15000000000003,20000,20000,2.0371
BBOB_f8,CMA-ES/IPOP sigma0=0.3*span ipop=x2,ok,,cmaes,10,25,1723933155,5.684341886080802e-14,149.15000000000006,20000,20000,1.8032
BBOB_f8,CMA-ES/IPOP sigma0=0.3*span ipop=x2,ok,,cmaes,10,26,970920857,0.0,149.15,20000,20000,2.4886
BBOB_f8,CMA-ES/IPOP sigma0=0.3*span ipop=x2,ok,,cmaes,10,27,2310144527,0.0,149.15,20000,20000,2.2743
BBOB_f8,CMA-ES/IPOP sigma0=0.3*span ipop=x2,ok,,cmaes,10,28,1566382704,2.842170943040401e-14,149.15000000000003,20000,20000,2.2819
BBOB_f8,CMA-ES/IPOP sigma0=0.3*span ipop=x2,ok,,cmaes,10,29,2599570298,0.0,149.15,20000,20000,2.4238
BBOB_f8,DE/rand/1/bin F=0.5 CR=0.9 NP=50,ok,,de,10,0,2710967283,3.8489790136023316,152.99897901360234,20000,20000,1.1549
BBOB_f8,DE/rand/1/bin F=0.5 CR=0.9 NP=50,ok,,de,10,1,3944802754,4.909294124288635,154.05929412428864,20000,20000,1.1406
BBOB_f8,DE/rand/1/bin F=0.5 CR=0.9 NP=50,ok,,de,10,2,1864468625,2.9792981742369022,152.1292981742369,20000,20000,1.0982
BBOB_f8,DE/rand/1/bin F=0.5 CR=0.9 NP=50,ok,,de,10,3,2875784773,4.003785008684076,153.15378500868408,20000,20000,1.155
BBOB_f8,DE/rand/1/bin F=0.5 CR=0.9 NP=50,ok,,de,10,4,1803339217,3.364208328734435,152.51420832873444,20000,20000,1.1513
BBOB_f8,DE/rand/1/bin F=0.5 CR=0.9 NP=50,ok,,de,10,5,2014118417,1.4492591520017015,150.5992591520017,20000,20000,1.1252
BBOB_f8,DE/rand/1/bin F=0.5 CR=0.9 NP=50,ok,,de,10,6,395777387,3.1425013830743467,152.29250138307435,20000,20000,1.2434
BBOB_f8,DE/rand/1/bin F=0.5 CR=0.9 NP=50,ok,,de,10,7,3286763214,0.6830053570920143,149.83300535709202,20000,20000,1.0996
BBOB_f8,DE/rand/1/bin F=0.5 CR=0.9 NP=50,ok,,de,10,8,3218509380,5.386623685831836,154.53662368583184,20000,20000,1.0611
BBOB_f8,DE/rand/1/bin F=0.5 CR=0.9 NP=50,ok,,de,10,9,2312266414,1.5996593050516026,150.7496593050516,20000,20000,1.0938
BBOB_f8,DE/rand/1/bin F=0.5 CR=0.9 NP=50,ok,,de,10,10,1502688803,1.7701164775739926,150.920116477574,20000,20000,1.0454
BBOB_f8,DE/rand/1/bin F=0.5 CR=0.9 NP=50,ok,,de,10,11,220144904,3.8512913908508892,153.0012913908509,20000,20000,1.2722
BBOB_f8,DE/rand/1/bin F=0.5 CR=0.9 NP=50,ok,,de,10,12,4007377787,1.1930862193925975,150.3430862193926,20000,20000,1.0537
BBOB_f8,DE/rand/1/bin F=0.5 CR=0.9 NP=50,ok,,de,10,13,2904046572,2.944975238812333,152.09497523881234,20000,20000,1.1548
BBOB_f8,DE/rand/1/bin F=0.5 CR=0.9 NP=50,ok,,de,10,14,3309239233,6.661379330524596,155.8113793305246,20000,20000,1.1005
BBOB_f8,DE/rand/1/bin F=0.5 CR=0.9 NP=50,ok,,de,10,15,2550477980,2.418099138255087,151.5680991382551,20000,20000,1.1202
BBOB_f8,DE/rand/1/bin F=0.5 CR=0.9 NP=50,ok,,de,10,16,1799060588,4.43218222854577,153.58218222854578,20000,20000,1.1034
BBOB_f8,DE/rand/1/bin F=0.5 CR=0.9 NP=50,ok,,de,10,17,2912778214,2.2842506781500163,151.43425067815002,20000,20000,1.1867
BBOB_f8,DE/rand/1/bin F=0.5 CR=0.9 NP=50,ok,,de,10,18,2142952233,2.09029084203479,151.2402908420348,20000,20000,1.0958
BBOB_f8,DE/rand/1/bin F=0.5 CR=0.9 NP=50,ok,,de,10,19,3040998656,3.161736648154829,152.31173664815483,20000,20000,1.0412
BBOB_f8,DE/rand/1/bin F=0.5 CR=0.9 NP=50,ok,,de,10,20,2482498014,0.9412598980621851,150.0912598980622,20000,20000,1.0573
BBOB_f8,DE/rand/1/bin F=0.5 CR=0.9 NP=50,ok,,de,10,21,1923557773,2.3270628858182363,151.47706288581824,20000,20000,1.0735
BBOB_f8,DE/rand/1/bin F=0.5 CR=0.9 NP=50,ok,,de,10,22,355834278,3.496587815633575,152.64658781563358,20000,20000,1.0491
BBOB_f8,DE/rand/1/bin F=0.5 CR=0.9 NP=50,ok,,de,10,23,1589091409,3.98031755616978,153.13031755616979,20000,20000,1.1348
BBOB_f8,DE/rand/1/bin F=0.5 CR=0.9 NP=50,ok,,de,10,24,2223101728,2.5410663340902317,151.69106633409024,20000,20000,1.0636
BBOB_f8,DE/rand/1/bin F=0.5 CR=0.9 NP=50,ok,,de,10,25,1624351404,5.330462179468469,154.48046217946847,20000,20000,1.0662
BBOB_f8,DE/rand/1/bin F=0.5 CR=0.9 NP=50,ok,,de,10,26,3226100500,3.98657917209826,153.13657917209827,20000,20000,1.0492
BBOB_f8,DE/rand/1/bin F=0.5 CR=0.9 NP=50,ok,,de,10,27,3294266545,1.7543742066131927,150.9043742066132,20000,20000,1.1139
BBOB_f8,DE/rand/1/bin F=0.5 CR=0.9 NP=50,ok,,de,10,28,674399136,3.664421382678057,152.81442138267806,20000,20000,1.1107
BBOB_f8,DE/rand/1/bin F=0.5 CR=0.9 NP=50,ok,,de,10,29,3089502768,2.263096696175097,151.4130966961751,20000,20000,1.0862
BBOB_f8,GA/SBX NP=50 pc=0.9 eta_c=20.0 eta_m=20.0,ok,,ga,10,0,417398375,5.649599299626999,154.799599299627,20000,20000,1.0119
BBOB_f8,GA/SBX NP=50 pc=0.9 eta_c=20.0 eta_m=20.0,ok,,ga,10,1,2855422625,7.555663433567219,156.70566343356722,20000,20000,0.8763
BBOB_f8,GA/SBX NP=50 pc=0.9 eta_c=20.0 eta_m=20.0,ok,,ga,10,2,943863887,7.3017763973695935,156.4517763973696,20000,20000,0.8379
BBOB_f8,GA/SBX NP=50 pc=0.9 eta_c=20.0 eta_m=20.0,ok,,ga,10,3,3260061908,2.1297528368575627,151.27975283685757,20000,20000,0.8399
BBOB_f8,GA/SBX NP=50 pc=0.9 eta_c=20.0 eta_m=20.0,ok,,ga,10,4,3379938542,4.560067133126978,153.71006713312698,20000,20000,0.8184
BBOB_f8,GA/SBX NP=50 pc=0.9 eta_c=20.0 eta_m=20.0,ok,,ga,10,5,178944903,5.701678797886757,154.85167879788676,20000,20000,0.8436
BBOB_f8,GA/SBX NP=50 pc=0.9 eta_c=20.0 eta_m=20.0,ok,,ga,10,6,3832494361,7.483255200832076,156.63325520083208,20000,20000,0.8506
BBOB_f8,GA/SBX NP=50 pc=0.9 eta_c=20.0 eta_m=20.0,ok,,ga,10,7,465975230,6.073158302089496,155.2231583020895,20000,20000,0.7754
BBOB_f8,GA/SBX NP=50 pc=0.9 eta_c=20.0 eta_m=20.0,ok,,ga,10,8,4261115438,7.606978430632921,156.75697843063293,20000,20000,0.8968
BBOB_f8,GA/SBX NP=50 pc=0.9 eta_c=20.0 eta_m=20.0,ok,,ga,10,9,4083210513,7.103135717948987,156.253135717949,20000,20000,0.8995
BBOB_f8,GA/SBX NP=50 pc=0.9 eta_c=20.0 eta_m=20.0,ok,,ga,10,10,4285832277,0.8730838572872415,150.02308385728725,20000,20000,0.8467
BBOB_f8,GA/SBX NP=50 pc=0.9 eta_c=20.0 eta_m=20.0,ok,,ga,10,11,1159042427,0.22619424732891957,149.37619424732893,20000,20000,0.8186
BBOB_f8,GA/SBX NP=50 pc=0.9 eta_c=20.0 eta_m=20.0,ok,,ga,10,12,4129138977,7.486655272134385,156.6366552721344,20000,20000,0.8745
BBOB_f8,GA/SBX NP=50 pc=0.9 eta_c=20.0 eta_m=20.0,ok,,ga,10,13,1751755936,3.7162760061884796,152.86627600618849,20000,20000,0.8872
BBOB_f8,GA/SBX NP=50 pc=0.9 eta_c=20.0 eta_m=20.0,ok,,ga,10,14,34621485,1.6102691494696444,150.76026914946965,20000,20000,0.8728
BBOB_f8,GA/SBX NP=50 pc=0.9 eta_c=20.0 eta_m=20.0,ok,,ga,10,15,3221349418,0.9270509947309336,150.07705099473094,20000,20000,0.8739
BBOB_f8,GA/SBX NP=50 pc=0.9 eta_c=20.0 eta_m=20.0,ok,,ga,10,16,3832922148,3.5549799936761417,152.70497999367615,20000,20000,0.8298
BBOB_f8,GA/SBX NP=50 pc=0.9 eta_c=20.0 eta_m=20.0,ok,,ga,10,17,2743039862,0.09253696559056834,149.24253696559057,20000,20000,0.8595
BBOB_f8,GA/SBX NP=50 pc=0.9 eta_c=20.0 eta_m=20.0,ok,,ga,10,18,3660234228,2.38698181041525,151.53698181041526,20000,20000,0.8561
BBOB_f8,GA/SBX NP=50 pc=0.9 eta_c=20.0 eta_m=20.0,ok,,ga,10,19,779848387,0.2941301046267313,149.44413010462674,20000,20000,0.8628
BBOB_f8,GA/SBX NP=50 pc=0.9 eta_c=20.0 eta_m=20.0,ok,,ga,10,20,2627962873,7.973531301964442,157.12353130196445,20000,20000,0.8483
BBOB_f8,GA/SBX NP=50 pc=0.9 eta_c=20.0 eta_m=20.0,ok,,ga,10,21,3612898637,2.8856413346171337,152.03564133461714,20000,20000,0.8667
BBOB_f8,GA/SBX NP=50 pc=0.9 eta_c=20.0 eta_m=20.0,ok,,ga,10,22,1320385388,0.3041941298763504,149.45419412987636,20000,20000,0.8583
BBOB_f8,GA/SBX NP=50 pc=0.9 eta_c=20.0 eta_m=20.0,ok,,ga,10,23,3169553474,4.361121860848272,153.51112186084828,20000,20000,0.8555
BBOB_f8,GA/SBX NP=50 pc=0.9 eta_c=20.0 eta_m=20.0,ok,,ga,10,24,893709760,7.17467399209454,156.32467399209455,20000,20000,0.8341
BBOB_f8,GA/SBX NP=50 pc=0.9 eta_c=20.0 eta_m=20.0,ok,,ga,10,25,2476499418,7.3282057211000335,156.47820572110004,20000,20000,0.8411
BBOB_f8,GA/SBX NP=50 pc=0.9 eta_c=20.0 eta_m=20.0,ok,,ga,10,26,817012928,7.707734760523863,156.85773476052387,20000,20000,0.8342
BBOB_f8,GA/SBX NP=50 pc=0.9 eta_c=20.0 eta_m=20.0,ok,,ga,10,27,87556168,0.2794017754636684,149.42940177546367,20000,20000,0.8308
BBOB_f8,GA/SBX NP=50 pc=0.9 eta_c=20.0 eta_m=20.0,ok,,ga,10,28,1374019834,7.513124066683389,156.6631240666834,20000,20000,0.8702
BBOB_f8,GA/SBX NP=50 pc=0.9 eta_c=20.0 eta_m=20.0,ok,,ga,10,29,855731066,7.432340468395154,156.58234046839516,20000,20000,0.8724
BBOB_f8,PSO/constriction N=40 c1=2.05 c2=2.05 chi=0.7298,ok,,pso,10,0,1454442500,0.6171500753165446,149.76715007531655,20000,20000,0.1206
BBOB_f8,PSO/constriction N=40 c1=2.05 c2=2.05 chi=0.7298,ok,,pso,10,1,1546477429,2.4542866562996437,151.60428665629965,20000,20000,0.1246
BBOB_f8,PSO/constriction N=40 c1=2.05 c2=2.05 chi=0.7298,ok,,pso,10,2,2279478249,2.583738180198594,151.7337381801986,20000,20000,0.1176
BBOB_f8,PSO/constriction N=40 c1=2.05 c2=2.05 chi=0.7298,ok,,pso,10,3,290823340,2.4988702759175396,151.64887027591755,20000,20000,0.1318
BBOB_f8,PSO/constriction N=40 c1=2.05 c2=2.05 chi=0.7298,ok,,pso,10,4,597862494,2.6290568286452185,151.77905682864522,20000,20000,0.1321
BBOB_f8,PSO/constriction N=40 c1=2.05 c2=2.05 chi=0.7298,ok,,pso,10,5,557251162,6.156023203616201,155.3060232036162,20000,20000,0.1154
BBOB_f8,PSO/constriction N=40 c1=2.05 c2=2.05 chi=0.7298,ok,,pso,10,6,3588750401,6.609105067581254,155.75910506758126,20000,20000,0.1378
BBOB_f8,PSO/constriction N=40 c1=2.05 c2=2.05 chi=0.7298,ok,,pso,10,7,3742513089,0.42773389206408297,149.5777338920641,20000,20000,0.1297
BBOB_f8,PSO/constriction N=40 c1=2.05 c2=2.05 chi=0.7298,ok,,pso,10,8,155968818,189.19033481629478,338.3403348162948,20000,20000,0.1368
BBOB_f8,PSO/constriction N=40 c1=2.05 c2=2.05 chi=0.7298,ok,,pso,10,9,1417514847,7.049563622022703,156.1995636220227,20000,20000,0.1354
BBOB_f8,PSO/constriction N=40 c1=2.05 c2=2.05 chi=0.7298,ok,,pso,10,10,2521576391,1.487377114987254,150.63737711498726,20000,20000,0.1248
BBOB_f8,PSO/constriction N=40 c1=2.05 c2=2.05 chi=0.7298,ok,,pso,10,11,1803394298,2.716073391499833,151.86607339149984,20000,20000,0.1339
BBOB_f8,PSO/constriction N=40 c1=2.05 c2=2.05 chi=0.7298,ok,,pso,10,12,1838299730,1.8597610551519779,151.00976105515198,20000,20000,0.1348
BBOB_f8,PSO/constriction N=40 c1=2.05 c2=2.05 chi=0.7298,ok,,pso,10,13,3589039637,133.2323881297286,282.3823881297286,20000,20000,0.1255
BBOB_f8,PSO/constriction N=40 c1=2.05 c2=2.05 chi=0.7298,ok,,pso,10,14,454353277,2.116863642172518,151.26686364217252,20000,20000,0.1256
BBOB_f8,PSO/constriction N=40 c1=2.05 c2=2.05 chi=0.7298,ok,,pso,10,15,2240315272,2.7061136588219767,151.85611365882198,20000,20000,0.1327
BBOB_f8,PSO/constriction N=40 c1=2.05 c2=2.05 chi=0.7298,ok,,pso,10,16,2467233272,217.55529524946982,366.7052952494698,20000,20000,0.1318
BBOB_f8,PSO/constriction N=40 c1=2.05 c2=2.05 chi=0.7298,ok,,pso,10,17,1458641417,2.7784320665016935,151.9284320665017,20000,20000,0.1455
BBOB_f8,PSO/constriction N=40 c1=2.05 c2=2.05 chi=0.7298,ok,,pso,10,18,3528830600,2.1941731669848252,151.34417316698483,20000,20000,0.1314
BBOB_f8,PSO/constriction N=40 c1=2.05 c2=2.05 chi=0.7298,ok,,pso,10,19,972628202,3.997571189832712,153.14757118983272,20000,20000,0.1431
BBOB_f8,PSO/constriction N=40 c1=2.05 c2=2.05 chi=0.7298,ok,,pso,10,20,349797570,1.2956960025719582,150.44569600257196,20000,20000,0.1311
BBOB_f8,PSO/constriction N=40 c1=2.05 c2=2.05 chi=0.7298,ok,,pso,10,21,1666655650,2.829198398764447,151.97919839876445,20000,20000,0.1238
BBOB_f8,PSO/constriction N=40 c1=2.05 c2=2.05 chi=0.7298,ok,,pso,10,22,1008433102,5.370565709234569,154.52056570923457,20000,20000,0.1131
BBOB_f8,PSO/constriction N=40 c1=2.05 c2=2.05 chi=0.7298,ok,,pso,10,23,3581230614,189.3007421244848,338.4507421244848,20000,20000,0.2051
BBOB_f8,PSO/constriction N=40 c1=2.05 c2=2.05 chi=0.7298,ok,,pso,10,24,3870499248,1.8093649488466212,150.95936494884663,20000,20000,0.2684
BBOB_f8,PSO/constriction N=40 c1=2.05 c2=2.05 chi=0.7298,ok,,pso,10,25,178335290,1.538440135255712,150.68844013525572,20000,20000,0.2803
BBOB_f8,PSO/constriction N=40 c1=2.05 c2=2.05 chi=0.7298,ok,,pso,10,26,489891501,133.23238789757815,282.38238789757816,20000,20000,0.2985
BBOB_f8,PSO/constriction N=40 c1=2.05 c2=2.05 chi=0.7298,ok,,pso,10,27,141989254,2.951718029175055,152.10171802917506,20000,20000,0.2306
BBOB_f8,PSO/constriction N=40 c1=2.05 c2=2.05 chi=0.7298,ok,,pso,10,28,540284763,2.827212927634662,151.97721292763467,20000,20000,0.2848
BBOB_f8,PSO/constriction N=40 c1=2.05 c2=2.05 chi=0.7298,ok,,pso,10,29,2581869246,189.32333122952284,338.47333122952284,20000,20000,0.2629
BBOB_f8,RandomSearch,ok,,random,10,0,795358793,3290.2771076490912,3439.4271076490913,20000,20000,0.4536
BBOB_f8,RandomSearch,ok,,random,10,1,1007220056,3056.5814145011063,3205.7314145011064,20000,20000,0.4403
BBOB_f8,RandomSearch,ok,,random,10,2,1110934130,2710.0851662294813,2859.2351662294814,20000,20000,0.4671
BBOB_f8,RandomSearch,ok,,random,10,3,1320529743,3277.956574328433,3427.106574328433,20000,20000,0.4748
BBOB_f8,RandomSearch,ok,,random,10,4,2271217229,1812.2140890042235,1961.3640890042236,20000,20000,0.6756
BBOB_f8,RandomSearch,ok,,random,10,5,153670799,3622.0049395823303,3771.1549395823304,20000,20000,0.6696
BBOB_f8,RandomSearch,ok,,random,10,6,536707079,1011.5036362695811,1160.653636269581,20000,20000,0.6157
BBOB_f8,RandomSearch,ok,,random,10,7,590818275,2371.744086138616,2520.894086138616,20000,20000,0.6735
BBOB_f8,RandomSearch,ok,,random,10,8,935310928,1089.1621009774472,1238.3121009774472,20000,20000,0.4342
BBOB_f8,RandomSearch,ok,,random,10,9,3951627797,2717.8682066403044,2867.0182066403045,20000,20000,0.4662
BBOB_f8,RandomSearch,ok,,random,10,10,2815766672,2562.9770234495727,2712.127023449573,20000,20000,0.4671
BBOB_f8,RandomSearch,ok,,random,10,11,963736905,2082.932854524157,2232.082854524157,20000,20000,0.4565
BBOB_f8,RandomSearch,ok,,random,10,12,3377509153,2977.6215395373674,3126.7715395373675,20000,20000,0.3868
BBOB_f8,RandomSearch,ok,,random,10,13,2737453385,3574.918325041888,3724.068325041888,20000,20000,0.4504
BBOB_f8,RandomSearch,ok,,random,10,14,2838858139,2971.805804521275,3120.9558045212752,20000,20000,0.426
BBOB_f8,RandomSearch,ok,,random,10,15,3590038349,1175.7949366261973,1324.9449366261974,20000,20000,0.4205
BBOB_f8,RandomSearch,ok,,random,10,16,2922962554,3320.2736561317806,3469.4236561317807,20000,20000,0.449
BBOB_f8,RandomSearch,ok,,random,10,17,548837091,2478.363264782952,2627.513264782952,20000,20000,0.4558
BBOB_f8,RandomSearch,ok,,random,10,18,1961297225,1762.61355766634,1911.7635576663401,20000,20000,0.4506
BBOB_f8,RandomSearch,ok,,random,10,19,3510661669,1690.367394265748,1839.5173942657482,20000,20000,0.4404
BBOB_f8,RandomSearch,ok,,random,10,20,2994275942,2638.7521790098854,2787.9021790098855,20000,20000,0.474
BBOB_f8,RandomSearch,ok,,random,10,21,527722416,2016.8249309246366,2165.9749309246367,20000,20000,0.4843
BBOB_f8,RandomSearch,ok,,random,10,22,3588069391,476.9788584828999,626.1288584828999,20000,20000,0.4491
BBOB_f8,RandomSearch,ok,,random,10,23,4186752538,2171.2683628368914,2320.4183628368914,20000,20000,0.4579
BBOB_f8,RandomSearch,ok,,random,10,24,1685962981,1609.9105028643235,1759.0605028643236,20000,20000,0.4435
BBOB_f8,RandomSearch,ok,,random,10,25,3940044576,2551.0041866946817,2700.154186694682,20000,20000,0.4358
BBOB_f8,RandomSearch,ok,,random,10,26,2736451201,3321.583845996251,3470.733845996251,20000,20000,0.4495
BBOB_f8,RandomSearch,ok,,random,10,27,3278755370,3180.0620879872395,3329.2120879872396,20000,20000,0.4438
BBOB_f8,RandomSearch,ok,,random,10,28,2272771026,1811.7330873456258,1960.8830873456259,20000,20000,0.4648
BBOB_f8,RandomSearch,ok,,random,10,29,4171653944,2832.92020420342,2982.07020420342,20000,20000,0.4516
BBOB_f9,CMA-ES/IPOP sigma0=0.3*span ipop=x2,ok,,cmaes,10,0,3234491609,2.842170943040401e-14,123.83000000000003,20000,20000,2.3891
BBOB_f9,CMA-ES/IPOP sigma0=0.3*span ipop=x2,ok,,cmaes,10,1,3138669245,1.4210854715202004e-14,123.83000000000001,20000,20000,2.163
BBOB_f9,CMA-ES/IPOP sigma0=0.3*span ipop=x2,ok,,cmaes,10,2,4003318295,2.842170943040401e-14,123.83000000000003,20000,20000,2.2165
BBOB_f9,CMA-ES/IPOP sigma0=0.3*span ipop=x2,ok,,cmaes,10,3,3836813243,2.842170943040401e-14,123.83000000000003,20000,20000,2.4332
BBOB_f9,CMA-ES/IPOP sigma0=0.3*span ipop=x2,ok,,cmaes,10,4,476561887,0.0,123.83,20000,20000,2.0438
BBOB_f9,CMA-ES/IPOP sigma0=0.3*span ipop=x2,ok,,cmaes,10,5,3832430700,4.263256414560601e-14,123.83000000000004,20000,20000,2.2656
BBOB_f9,CMA-ES/IPOP sigma0=0.3*span ipop=x2,ok,,cmaes,10,6,1334067118,2.842170943040401e-14,123.83000000000003,20000,20000,2.1312
BBOB_f9,CMA-ES/IPOP sigma0=0.3*span ipop=x2,ok,,cmaes,10,7,663237554,5.684341886080802e-14,123.83000000000006,20000,20000,2.2815
BBOB_f9,CMA-ES/IPOP sigma0=0.3*span ipop=x2,ok,,cmaes,10,8,3934230249,2.842170943040401e-14,123.83000000000003,20000,20000,2.2068
BBOB_f9,CMA-ES/IPOP sigma0=0.3*span ipop=x2,ok,,cmaes,10,9,3638540385,1.4210854715202004e-14,123.83000000000001,20000,20000,2.5905
BBOB_f9,CMA-ES/IPOP sigma0=0.3*span ipop=x2,ok,,cmaes,10,10,4014631398,1.4210854715202004e-14,123.83000000000001,20000,20000,2.499
BBOB_f9,CMA-ES/IPOP sigma0=0.3*span ipop=x2,ok,,cmaes,10,11,3501762918,1.4210854715202004e-14,123.83000000000001,20000,20000,2.732
BBOB_f9,CMA-ES/IPOP sigma0=0.3*span ipop=x2,ok,,cmaes,10,12,3720345701,1.4210854715202004e-14,123.83000000000001,20000,20000,2.8223
BBOB_f9,CMA-ES/IPOP sigma0=0.3*span ipop=x2,ok,,cmaes,10,13,1626987928,2.842170943040401e-14,123.83000000000003,20000,20000,2.4114
BBOB_f9,CMA-ES/IPOP sigma0=0.3*span ipop=x2,ok,,cmaes,10,14,3481940486,1.4210854715202004e-14,123.83000000000001,20000,20000,2.623
BBOB_f9,CMA-ES/IPOP sigma0=0.3*span ipop=x2,ok,,cmaes,10,15,2867511813,2.842170943040401e-14,123.83000000000003,20000,20000,2.6784
BBOB_f9,CMA-ES/IPOP sigma0=0.3*span ipop=x2,ok,,cmaes,10,16,1120119500,0.0,123.83,20000,20000,2.9776
BBOB_f9,CMA-ES/IPOP sigma0=0.3*span ipop=x2,ok,,cmaes,10,17,2348176801,2.842170943040401e-14,123.83000000000003,20000,20000,2.6164
BBOB_f9,CMA-ES/IPOP sigma0=0.3*span ipop=x2,ok,,cmaes,10,18,2214554454,1.4210854715202004e-14,123.83000000000001,20000,20000,2.1203
BBOB_f9,CMA-ES/IPOP sigma0=0.3*span ipop=x2,ok,,cmaes,10,19,3745905909,1.4210854715202004e-14,123.83000000000001,20000,20000,2.7694
BBOB_f9,CMA-ES/IPOP sigma0=0.3*span ipop=x2,ok,,cmaes,10,20,636562661,4.263256414560601e-14,123.83000000000004,20000,20000,2.5759
BBOB_f9,CMA-ES/IPOP sigma0=0.3*span ipop=x2,ok,,cmaes,10,21,3179555360,2.842170943040401e-14,123.83000000000003,20000,20000,2.1878
BBOB_f9,CMA-ES/IPOP sigma0=0.3*span ipop=x2,ok,,cmaes,10,22,94387150,5.684341886080802e-14,123.83000000000006,20000,20000,2.343
BBOB_f9,CMA-ES/IPOP sigma0=0.3*span ipop=x2,ok,,cmaes,10,23,3309506946,1.4210854715202004e-14,123.83000000000001,20000,20000,2.2974
BBOB_f9,CMA-ES/IPOP sigma0=0.3*span ipop=x2,ok,,cmaes,10,24,3622646438,1.4210854715202004e-14,123.83000000000001,20000,20000,2.3853
BBOB_f9,CMA-ES/IPOP sigma0=0.3*span ipop=x2,ok,,cmaes,10,25,3948887799,5.684341886080802e-14,123.83000000000006,20000,20000,2.0561
BBOB_f9,CMA-ES/IPOP sigma0=0.3*span ipop=x2,ok,,cmaes,10,26,2710967516,1.4210854715202004e-14,123.83000000000001,20000,20000,2.1207
BBOB_f9,CMA-ES/IPOP sigma0=0.3*span ipop=x2,ok,,cmaes,10,27,1031395657,1.4210854715202004e-14,123.83000000000001,20000,20000,2.4833
BBOB_f9,CMA-ES/IPOP sigma0=0.3*span ipop=x2,ok,,cmaes,10,28,1001911761,1.4210854715202004e-14,123.83000000000001,20000,20000,2.2947
BBOB_f9,CMA-ES/IPOP sigma0=0.3*span ipop=x2,ok,,cmaes,10,29,400463709,4.263256414560601e-14,123.83000000000004,20000,20000,2.2427
BBOB_f9,DE/rand/1/bin F=0.5 CR=0.9 NP=50,ok,,de,10,0,979799793,4.887224714040215,128.7172247140402,20000,20000,1.2458
BBOB_f9,DE/rand/1/bin F=0.5 CR=0.9 NP=50,ok,,de,10,1,843245743,4.676906258374274,128.50690625837427,20000,20000,1.3005
BBOB_f9,DE/rand/1/bin F=0.5 CR=0.9 NP=50,ok,,de,10,2,1027506666,5.338104506207216,129.16810450620721,20000,20000,1.2385
BBOB_f9,DE/rand/1/bin F=0.5 CR=0.9 NP=50,ok,,de,10,3,135383664,4.670271426176058,128.50027142617606,20000,20000,1.2961
BBOB_f9,DE/rand/1/bin F=0.5 CR=0.9 NP=50,ok,,de,10,4,4258916578,4.33031726951161,128.1603172695116,20000,20000,1.2106
BBOB_f9,DE/rand/1/bin F=0.5 CR=0.9 NP=50,ok,,de,10,5,1440322124,4.2128890634657665,128.04288906346576,20000,20000,1.3216
BBOB_f9,DE/rand/1/bin F=0.5 CR=0.9 NP=50,ok,,de,10,6,2180331682,6.134686033942771,129.96468603394277,20000,20000,1.5896
BBOB_f9,DE/rand/1/bin F=0.5 CR=0.9 NP=50,ok,,de,10,7,2996202852,5.949469778862678,129.77946977886268,20000,20000,1.0804
BBOB_f9,DE/rand/1/bin F=0.5 CR=0.9 NP=50,ok,,de,10,8,2480506269,3.8041719497484365,127.63417194974843,20000,20000,1.2412
BBOB_f9,DE/rand/1/bin F=0.5 CR=0.9 NP=50,ok,,de,10,9,267750522,5.86284556612928,129.69284556612928,20000,20000,1.2205
BBOB_f9,DE/rand/1/bin F=0.5 CR=0.9 NP=50,ok,,de,10,10,1713953010,5.704310525868593,129.5343105258686,20000,20000,1.2126
BBOB_f9,DE/rand/1/bin F=0.5 CR=0.9 NP=50,ok,,de,10,11,2947834615,3.9074236275277485,127.73742362752775,20000,20000,1.2023
BBOB_f9,DE/rand/1/bin F=0.5 CR=0.9 NP=50,ok,,de,10,12,3300654826,5.424127517894945,129.25412751789494,20000,20000,1.3125
BBOB_f9,DE/rand/1/bin F=0.5 CR=0.9 NP=50,ok,,de,10,13,3523701649,5.85398136580902,129.68398136580902,20000,20000,1.2604
BBOB_f9,DE/rand/1/bin F=0.5 CR=0.9 NP=50,ok,,de,10,14,990163971,4.07868512513808,127.90868512513808,20000,20000,1.2678
BBOB_f9,DE/rand/1/bin F=0.5 CR=0.9 NP=50,ok,,de,10,15,2297154048,4.291431655601102,128.1214316556011,20000,20000,1.2616
BBOB_f9,DE/rand/1/bin F=0.5 CR=0.9 NP=50,ok,,de,10,16,1271929061,5.750581710447975,129.58058171044797,20000,20000,1.2502
BBOB_f9,DE/rand/1/bin F=0.5 CR=0.9 NP=50,ok,,de,10,17,1326906064,4.131081458772371,127.96108145877237,20000,20000,1.3307
BBOB_f9,DE/rand/1/bin F=0.5 CR=0.9 NP=50,ok,,de,10,18,2481560307,4.507305163695165,128.33730516369516,20000,20000,1.2669
BBOB_f9,DE/rand/1/bin F=0.5 CR=0.9 NP=50,ok,,de,10,19,1658653373,4.452567438240962,128.28256743824096,20000,20000,1.2559
BBOB_f9,DE/rand/1/bin F=0.5 CR=0.9 NP=50,ok,,de,10,20,4065451784,6.314347700282454,130.14434770028245,20000,20000,1.247
BBOB_f9,DE/rand/1/bin F=0.5 CR=0.9 NP=50,ok,,de,10,21,3840960488,4.726086089442688,128.5560860894427,20000,20000,1.1932
BBOB_f9,DE/rand/1/bin F=0.5 CR=0.9 NP=50,ok,,de,10,22,2946073156,0.46907487068186526,124.29907487068186,20000,20000,1.0938
BBOB_f9,DE/rand/1/bin F=0.5 CR=0.9 NP=50,ok,,de,10,23,1990076308,5.090196979362261,128.92019697936226,20000,20000,1.2372
BBOB_f9,DE/rand/1/bin F=0.5 CR=0.9 NP=50,ok,,de,10,24,4294387516,6.677552099498413,130.5075520994984,20000,20000,1.1032
BBOB_f9,DE/rand/1/bin F=0.5 CR=0.9 NP=50,ok,,de,10,25,348976516,3.310561743197354,127.14056174319735,20000,20000,1.1196
BBOB_f9,DE/rand/1/bin F=0.5 CR=0.9 NP=50,ok,,de,10,26,4034421954,6.121332143462965,129.95133214346296,20000,20000,1.114
BBOB_f9,DE/rand/1/bin F=0.5 CR=0.9 NP=50,ok,,de,10,27,4070426287,4.161667286425526,127.99166728642552,20000,20000,1.0739
BBOB_f9,DE/rand/1/bin F=0.5 CR=0.9 NP=50,ok,,de,10,28,1919281426,5.013168594851763,128.84316859485176,20000,20000,1.0845
BBOB_f9,DE/rand/1/bin F=0.5 CR=0.9 NP=50,ok,,de,10,29,3621703215,4.378544783328877,128.20854478332888,20000,20000,1.0645
BBOB_f9,GA/SBX NP=50 pc=0.9 eta_c=20.0 eta_m=20.0,ok,,ga,10,0,4183513371,100.28065369171959,224.1106536917196,20000,20000,0.8543
BBOB_f9,GA/SBX NP=50 pc=0.9 eta_c=20.0 eta_m=20.0,ok,,ga,10,1,3677378412,8.027692320637598,131.8576923206376,20000,20000,0.8445
BBOB_f9,GA/SBX NP=50 pc=0.9 eta_c=20.0 eta_m=20.0,ok,,ga,10,2,833716220,27.813359725396268,151.64335972539627,20000,20000,0.8557
BBOB_f9,GA/SBX NP=50 pc=0.9 eta_c=20.0 eta_m=20.0,ok,,ga,10,3,2446794174,74.88961501112395,198.71961501112395,20000,20000,0.8416
BBOB_f9,GA/SBX NP=50 pc=0.9 eta_c=20.0 eta_m=20.0,ok,,ga,10,4,770235337,9.47000433764542,133.30000433764542,20000,20000,0.8226
BBOB_f9,GA/SBX NP=50 pc=0.9 eta_c=20.0 eta_m=20.0,ok,,ga,10,5,1073620124,6.8372959802427005,130.6672959802427,20000,20000,0.8024
BBOB_f9,GA/SBX NP=50 pc=0.9 eta_c=20.0 eta_m=20.0,ok,,ga,10,6,2071079719,5.908012561438298,129.7380125614383,20000,20000,0.9433
BBOB_f9,GA/SBX NP=50 pc=0.9 eta_c=20.0 eta_m=20.0,ok,,ga,10,7,2487960466,7.88958797142449,131.7195879714245,20000,20000,0.8114
BBOB_f9,GA/SBX NP=50 pc=0.9 eta_c=20.0 eta_m=20.0,ok,,ga,10,8,1363518991,5.792206902621686,129.62220690262168,20000,20000,1.1308
BBOB_f9,GA/SBX NP=50 pc=0.9 eta_c=20.0 eta_m=20.0,ok,,ga,10,9,3549271683,7.533828742369721,131.36382874236972,20000,20000,1.0417
BBOB_f9,GA/SBX NP=50 pc=0.9 eta_c=20.0 eta_m=20.0,ok,,ga,10,10,1926880540,7.7708589630699265,131.60085896306992,20000,20000,1.0072
BBOB_f9,GA/SBX NP=50 pc=0.9 eta_c=20.0 eta_m=20.0,ok,,ga,10,11,2348104149,8.329538289044976,132.15953828904497,20000,20000,1.0333
BBOB_f9,GA/SBX NP=50 pc=0.9 eta_c=20.0 eta_m=20.0,ok,,ga,10,12,2572927631,7.938781052621337,131.76878105262134,20000,20000,1.0346
BBOB_f9,GA/SBX NP=50 pc=0.9 eta_c=20.0 eta_m=20.0,ok,,ga,10,13,4091433019,9.398599863749112,133.2285998637491,20000,20000,1.0497
BBOB_f9,GA/SBX NP=50 pc=0.9 eta_c=20.0 eta_m=20.0,ok,,ga,10,14,2541863768,9.17610561714811,133.0061056171481,20000,20000,1.0177
BBOB_f9,GA/SBX NP=50 pc=0.9 eta_c=20.0 eta_m=20.0,ok,,ga,10,15,568772010,0.7198557410778079,124.5498557410778,20000,20000,1.0551
BBOB_f9,GA/SBX NP=50 pc=0.9 eta_c=20.0 eta_m=20.0,ok,,ga,10,16,1262362556,6.747264006750484,130.57726400675048,20000,20000,0.7729
BBOB_f9,GA/SBX NP=50 pc=0.9 eta_c=20.0 eta_m=20.0,ok,,ga,10,17,1818222205,6.6334371721447525,130.46343717214475,20000,20000,0.9284
BBOB_f9,GA/SBX NP=50 pc=0.9 eta_c=20.0 eta_m=20.0,ok,,ga,10,18,1025075256,5.320099594746793,129.1500995947468,20000,20000,0.798
BBOB_f9,GA/SBX NP=50 pc=0.9 eta_c=20.0 eta_m=20.0,ok,,ga,10,19,889813861,8.681040953011788,132.5110409530118,20000,20000,0.8112
BBOB_f9,GA/SBX NP=50 pc=0.9 eta_c=20.0 eta_m=20.0,ok,,ga,10,20,1969372748,5.299168219768845,129.12916821976884,20000,20000,0.7643
BBOB_f9,GA/SBX NP=50 pc=0.9 eta_c=20.0 eta_m=20.0,ok,,ga,10,21,1554437550,8.152461653463305,131.9824616534633,20000,20000,0.8286
BBOB_f9,GA/SBX NP=50 pc=0.9 eta_c=20.0 eta_m=20.0,ok,,ga,10,22,592861700,7.823855870942012,131.653855870942,20000,20000,0.7999
BBOB_f9,GA/SBX NP=50 pc=0.9 eta_c=20.0 eta_m=20.0,ok,,ga,10,23,3946059847,88.77613712806702,212.60613712806702,20000,20000,0.8311
BBOB_f9,GA/SBX NP=50 pc=0.9 eta_c=20.0 eta_m=20.0,ok,,ga,10,24,2911285281,6.760194504901065,130.59019450490106,20000,20000,0.8167
BBOB_f9,GA/SBX NP=50 pc=0.9 eta_c=20.0 eta_m=20.0,ok,,ga,10,25,2027588221,92.28373157590873,216.11373157590873,20000,20000,0.7976
BBOB_f9,GA/SBX NP=50 pc=0.9 eta_c=20.0 eta_m=20.0,ok,,ga,10,26,933752021,74.75722430625159,198.58722430625158,20000,20000,0.8168
BBOB_f9,GA/SBX NP=50 pc=0.9 eta_c=20.0 eta_m=20.0,ok,,ga,10,27,2847334314,81.5933954919635,205.4233954919635,20000,20000,0.8243
BBOB_f9,GA/SBX NP=50 pc=0.9 eta_c=20.0 eta_m=20.0,ok,,ga,10,28,2980600603,14.266886022941563,138.09688602294156,20000,20000,0.8445
BBOB_f9,GA/SBX NP=50 pc=0.9 eta_c=20.0 eta_m=20.0,ok,,ga,10,29,3312685195,6.08098146198013,129.91098146198013,20000,20000,0.8306
BBOB_f9,PSO/constriction N=40 c1=2.05 c2=2.05 chi=0.7298,ok,,pso,10,0,474666970,4.046363973169804,127.8763639731698,20000,20000,0.1298
BBOB_f9,PSO/constriction N=40 c1=2.05 c2=2.05 chi=0.7298,ok,,pso,10,1,3921097194,5.1807523376572675,129.01075233765727,20000,20000,0.1303
BBOB_f9,PSO/constriction N=40 c1=2.05 c2=2.05 chi=0.7298,ok,,pso,10,2,4105761608,3.587923325167992,127.41792332516799,20000,20000,0.1452
BBOB_f9,PSO/constriction N=40 c1=2.05 c2=2.05 chi=0.7298,ok,,pso,10,3,2379300278,7.223193018080238,131.05319301808024,20000,20000,0.1358
BBOB_f9,PSO/constriction N=40 c1=2.05 c2=2.05 chi=0.7298,ok,,pso,10,4,3470788321,2.9465983105362454,126.77659831053624,20000,20000,0.119
BBOB_f9,PSO/constriction N=40 c1=2.05 c2=2.05 chi=0.7298,ok,,pso,10,5,2196570273,0.38310479519820717,124.2131047951982,20000,20000,0.1278
BBOB_f9,PSO/constriction N=40 c1=2.05 c2=2.05 chi=0.7298,ok,,pso,10,6,2816058109,5.543844322000652,129.37384432200065,20000,20000,0.1349
BBOB_f9,PSO/constriction N=40 c1=2.05 c2=2.05 chi=0.7298,ok,,pso,10,7,3616359652,4.008113042351866,127.83811304235186,20000,20000,0.1257
BBOB_f9,PSO/constriction N=40 c1=2.05 c2=2.05 chi=0.7298,ok,,pso,10,8,48006026,8.317498611829123,132.14749861182912,20000,20000,0.1196
BBOB_f9,PSO/constriction N=40 c1=2.05 c2=2.05 chi=0.7298,ok,,pso,10,9,3485283606,4.44209616414814,128.27209616414814,20000,20000,0.1313
BBOB_f9,PSO/constriction N=40 c1=2.05 c2=2.05 chi=0.7298,ok,,pso,10,10,2822891783,4.962648815088457,128.79264881508846,20000,20000,0.1312
BBOB_f9,PSO/constriction N=40 c1=2.05 c2=2.05 chi=0.7298,ok,,pso,10,11,3485211244,4.12633233646288,127.95633233646288,20000,20000,0.1203
BBOB_f9,PSO/constriction N=40 c1=2.05 c2=2.05 chi=0.7298,ok,,pso,10,12,2129293176,3.5491456322623662,127.37914563226236,20000,20000,0.1398
BBOB_f9,PSO/constriction N=40 c1=2.05 c2=2.05 chi=0.7298,ok,,pso,10,13,1975746666,4.069350901566608,127.8993509015666,20000,20000,0.1295
BBOB_f9,PSO/constriction N=40 c1=2.05 c2=2.05 chi=0.7298,ok,,pso,10,14,4279275199,1.888650260682553,125.71865026068255,20000,20000,0.131
BBOB_f9,PSO/constriction N=40 c1=2.05 c2=2.05 chi=0.7298,ok,,pso,10,15,58556754,4.07350622925739,127.90350622925739,20000,20000,0.1554
BBOB_f9,PSO/constriction N=40 c1=2.05 c2=2.05 chi=0.7298,ok,,pso,10,16,3886262436,4.469319495138208,128.2993194951382,20000,20000,0.1463
BBOB_f9,PSO/constriction N=40 c1=2.05 c2=2.05 chi=0.7298,ok,,pso,10,17,1274566394,4.521468651404618,128.35146865140462,20000,20000,0.1403
BBOB_f9,PSO/constriction N=40 c1=2.05 c2=2.05 chi=0.7298,ok,,pso,10,18,1358973074,692.040836097568,815.870836097568,20000,20000,0.1533
BBOB_f9,PSO/constriction N=40 c1=2.05 c2=2.05 chi=0.7298,ok,,pso,10,19,1505547218,4.364143968430042,128.19414396843004,20000,20000,0.1281
BBOB_f9,PSO/constriction N=40 c1=2.05 c2=2.05 chi=0.7298,ok,,pso,10,20,4000797236,3.2840884640994545,127.11408846409945,20000,20000,0.1225
BBOB_f9,PSO/constriction N=40 c1=2.05 c2=2.05 chi=0.7298,ok,,pso,10,21,3060818081,3.16183788960538,126.99183788960538,20000,20000,0.1365
BBOB_f9,PSO/constriction N=40 c1=2.05 c2=2.05 chi=0.7298,ok,,pso,10,22,1388364051,8.193841772950393,132.0238417729504,20000,20000,0.1185
BBOB_f9,PSO/constriction N=40 c1=2.05 c2=2.05 chi=0.7298,ok,,pso,10,23,3902912369,91.3719003268054,215.2019003268054,20000,20000,0.132
BBOB_f9,PSO/constriction N=40 c1=2.05 c2=2.05 chi=0.7298,ok,,pso,10,24,2117611951,7.060409093366573,130.89040909336657,20000,20000,0.1387
BBOB_f9,PSO/constriction N=40 c1=2.05 c2=2.05 chi=0.7298,ok,,pso,10,25,3383068678,4.7179262872475505,128.54792628724755,20000,20000,0.1304
BBOB_f9,PSO/constriction N=40 c1=2.05 c2=2.05 chi=0.7298,ok,,pso,10,26,4240416864,4.260143825974282,128.09014382597428,20000,20000,0.1218
BBOB_f9,PSO/constriction N=40 c1=2.05 c2=2.05 chi=0.7298,ok,,pso,10,27,4121055203,3.9259433802845223,127.75594338028452,20000,20000,0.1352
BBOB_f9,PSO/constriction N=40 c1=2.05 c2=2.05 chi=0.7298,ok,,pso,10,28,3994651076,692.0408360987414,815.8708360987414,20000,20000,0.1281
BBOB_f9,PSO/constriction N=40 c1=2.05 c2=2.05 chi=0.7298,ok,,pso,10,29,901848296,5.011675267552718,128.84167526755272,20000,20000,0.1357
BBOB_f9,RandomSearch,ok,,random,10,0,345124389,2789.437953285914,2913.267953285914,20000,20000,0.3631
BBOB_f9,RandomSearch,ok,,random,10,1,3758301733,3692.9741816064543,3816.804181606454,20000,20000,0.3751
BBOB_f9,RandomSearch,ok,,random,10,2,2338408382,1907.9909855211683,2031.8209855211683,20000,20000,0.4394
BBOB_f9,RandomSearch,ok,,random,10,3,410886628,2234.0414409105447,2357.8714409105446,20000,20000,0.4908
BBOB_f9,RandomSearch,ok,,random,10,4,1715329824,2205.2527833506642,2329.082783350664,20000,20000,0.4823
BBOB_f9,RandomSearch,ok,,random,10,5,1528538534,2173.317372048594,2297.1473720485938,20000,20000,0.524
BBOB_f9,RandomSearch,ok,,random,10,6,3191616197,2757.70081655296,2881.53081655296,20000,20000,0.5096
BBOB_f9,RandomSearch,ok,,random,10,7,2556775921,2264.7423426486457,2388.5723426486456,20000,20000,0.5
BBOB_f9,RandomSearch,ok,,random,10,8,3210028749,901.4673461902759,1025.297346190276,20000,20000,0.5091
BBOB_f9,RandomSearch,ok,,random,10,9,1755521012,1880.1651084249731,2003.995108424973,20000,20000,0.5092
BBOB_f9,RandomSearch,ok,,random,10,10,4285844196,2523.3758587621455,2647.2058587621455,20000,20000,0.4915
BBOB_f9,RandomSearch,ok,,random,10,11,2612725456,2229.9560549113535,2353.7860549113534,20000,20000,0.5004
BBOB_f9,RandomSearch,ok,,random,10,12,2452819683,2915.0752907446117,3038.9052907446116,20000,20000,0.5457
BBOB_f9,RandomSearch,ok,,random,10,13,4238751701,1338.7341106497356,1462.5641106497355,20000,20000,0.5626
BBOB_f9,RandomSearch,ok,,random,10,14,3035588708,1342.3567888766474,1466.1867888766474,20000,20000,0.5642
BBOB_f9,RandomSearch,ok,,random,10,15,2381848926,2240.074077085625,2363.904077085625,20000,20000,0.5258
BBOB_f9,RandomSearch,ok,,random,10,16,1071287037,1857.9072702838034,1981.7372702838034,20000,20000,0.5718
BBOB_f9,RandomSearch,ok,,random,10,17,617856497,2208.731097412371,2332.561097412371,20000,20000,0.5462
BBOB_f9,RandomSearch,ok,,random,10,18,891838311,2007.3552378169315,2131.1852378169315,20000,20000,0.5311
BBOB_f9,RandomSearch,ok,,random,10,19,2937825394,1570.6482909700328,1694.4782909700327,20000,20000,0.5683
BBOB_f9,RandomSearch,ok,,random,10,20,1158744093,1293.5876641933437,1417.4176641933436,20000,20000,0.5082
BBOB_f9,RandomSearch,ok,,random,10,21,180890919,1004.1696605158876,1127.9996605158876,20000,20000,0.5123
BBOB_f9,RandomSearch,ok,,random,10,22,2229331574,1090.5090311749886,1214.3390311749886,20000,20000,0.5015
BBOB_f9,RandomSearch,ok,,random,10,23,2020670674,3004.017878266185,3127.847878266185,20000,20000,0.5084
BBOB_f9,RandomSearch,ok,,random,10,24,2640997772,2302.8034189508403,2426.63341895084,20000,20000,0.4946
BBOB_f9,RandomSearch,ok,,random,10,25,3051419726,3266.276352451889,3390.106352451889,20000,20000,0.4911
BBOB_f9,RandomSearch,ok,,random,10,26,3722765888,2198.8006909707997,2322.6306909707996,20000,20000,0.4837
BBOB_f9,RandomSearch,ok,,random,10,27,2709828307,2042.9863066104213,2166.816306610421,20000,20000,0.4805
BBOB_f9,RandomSearch,ok,,random,10,28,1526681127,609.4213725222806,733.2513725222807,20000,20000,0.4571
BBOB_f9,RandomSearch,ok,,random,10,29,1848525111,1682.0007887449026,1805.8307887449025,20000,20000,0.5802
