problem,algorithm,status,error_msg,algorithm_key,dim,run,seed,error,best_value,evaluations,budget,seconds,best_x
random_objective,CMA-ES/IPOP sigma0=0.3*span ipop=x2,ok,,cmaes,10,0,1282431297,1.2130752659933464e-05,1.2130752659933464e-05,10000,10000,1.528,"[-1.0255966309200488, -1.3300242317081388, -2.9602563181377546, 1.9752715540204908, -2.2455706457764752, -3.9069662225808353, -2.5762025073022086, 4.21061982410106, -3.2099536658027015, 3.315214465404484]"
random_objective,CMA-ES/IPOP sigma0=0.3*span ipop=x2,ok,,cmaes,10,1,3907637475,4.179714700902615e-06,4.179714700902615e-06,10000,10000,1.5551,"[-0.9240226701504639, -4.667456977992438, -4.4094419976293455, -0.4477034906550118, -0.6355736713725619, -3.0470118636889865, -1.1393307187101058, -1.7581684554840304, 2.4805741353981317, 3.0351725699570857]"
random_objective,CMA-ES/IPOP sigma0=0.3*span ipop=x2,ok,,cmaes,10,2,1391505252,8.91167062150311e-05,8.91167062150311e-05,10000,10000,1.5531,"[-3.5619580829859494, 2.4628760023281315, -3.3987766143556026, -4.184482053581186, 1.3020172352147779, 1.6954253911576043, -4.545026781795066, -1.9684802897582099, -4.813447094309366, 2.821117175319823]"
random_objective,CMA-ES/IPOP sigma0=0.3*span ipop=x2,ok,,cmaes,10,3,1579374335,3.070017031880923e-05,3.070017031880923e-05,10000,10000,1.5303,"[0.20923324232057006, -4.998558111713113, -1.8882203113654938, -4.939155287554805, 4.527983025723628, 4.760965524281323, 1.3660217811877833, 4.929988331248517, 2.211111151715979, -0.9708257461479557]"
random_objective,CMA-ES/IPOP sigma0=0.3*span ipop=x2,ok,,cmaes,10,4,1825201776,0.0002222530194387895,0.0002222530194387895,10000,10000,1.5212,"[3.476451622006943, -1.1015580059866057, 2.9594578909119296, 2.790207656618216, 1.3249235184124792, 1.4823966128648034, -8.202975920035271e-05, 2.1025067863529907, 1.4440651502529906, 3.5897600220270816]"
random_objective,CMA-ES/IPOP sigma0=0.3*span ipop=x2,ok,,cmaes,10,5,3392555901,0.00010052570862473242,0.00010052570862473242,10000,10000,1.4112,"[2.293202128318842, -1.6243861684864345, -0.776200737935901, -1.652189843910607, 0.3481099157255194, -4.986001162945195, -0.7442539137706556, 2.2419597308915016, 4.9303493239950065, 2.1950771133997824]"
random_objective,CMA-ES/IPOP sigma0=0.3*span ipop=x2,ok,,cmaes,10,6,4231678047,4.21178495918495e-05,4.21178495918495e-05,10000,10000,1.3731,"[-2.219611788880105, -4.967110919113263, -0.04377227273304163, -4.934234112925966, -4.98778248209808, 0.7858741047474957, -3.94593919782006, 4.03836811861707, 1.5445620487520593, 0.24004119385844724]"
random_objective,CMA-ES/IPOP sigma0=0.3*span ipop=x2,ok,,cmaes,10,7,2103627889,9.548260516256679e-05,9.548260516256679e-05,10000,10000,1.5457,"[3.4025637360148604, 1.6507099645382297, -3.5254435451690496, -1.4673146265582175, -1.8568423370229752, -2.809514175649694, -0.4027427556062211, 3.185909973054924, 2.580895015021822, -4.109024412541819]"
random_objective,CMA-ES/IPOP sigma0=0.3*span ipop=x2,ok,,cmaes,10,8,1896069772,9.545367965146934e-05,9.545367965146934e-05,10000,10000,1.7742,"[-1.5803222949608706, -3.900456297924154, -1.3849066531436858, -4.5635609717091725, -1.1950104525358043, -4.713925224454108, 0.13647466477309678, 1.0931731227179715, -0.5280911856106822, -0.5323436341178771]"
random_objective,CMA-ES/IPOP sigma0=0.3*span ipop=x2,ok,,cmaes,10,9,2509966118,0.0001150540955426882,0.0001150540955426882,10000,10000,1.6667,"[2.977851753893489, 3.9816052458563167, -0.49486052706512673, 2.3918995031364183, 0.026401871918050324, -1.3724012088287445, -3.1611605813331223, 2.797307007915444, 4.162454166691999, 3.403090163948989]"
random_objective,CMA-ES/IPOP sigma0=0.3*span ipop=x2,ok,,cmaes,10,10,2732551838,0.0002345971051964657,0.0002345971051964657,10000,10000,1.7132,"[-1.9856030207882327, 4.061968765269931, -3.560766285992024, -1.3127765631918322, 4.25173759782281, 4.536245811769799, 2.8590730849611155, -3.510325183000255, 4.742940197182413, -4.713152875641693]"
random_objective,CMA-ES/IPOP sigma0=0.3*span ipop=x2,ok,,cmaes,10,11,1271936977,0.00011870308669814644,0.00011870308669814644,10000,10000,1.6556,"[2.846773129030719, 1.1638535455376555, 4.999513382068889, -0.18443212476754312, -4.790214912969767, 0.725042405066175, -1.1985480293418682, -3.8017203676668734, -0.03810751478695318, 1.6475517045352142]"
random_objective,CMA-ES/IPOP sigma0=0.3*span ipop=x2,ok,,cmaes,10,12,1185392675,0.00013534339896048575,0.00013534339896048575,10000,10000,1.6778,"[-2.884652851186817, -4.802785183774599, -3.8154945190639133, 4.406887379243428, 1.1503529315104952, -0.25218956562330297, 0.2861763130442113, 0.5639869239143158, 3.138494335591352, 4.750125073774783]"
random_objective,CMA-ES/IPOP sigma0=0.3*span ipop=x2,ok,,cmaes,10,13,4077824277,8.852929524250097e-05,8.852929524250097e-05,10000,10000,1.706,"[-2.321227064926049, 3.3495473182174145, -0.9491862543762686, -3.4857848683108976, -1.1372329843581817, 1.8091254298857855, 4.011089751039826, 3.027057114789063, -3.4575783591629285, 0.2867594070703574]"
random_objective,CMA-ES/IPOP sigma0=0.3*span ipop=x2,ok,,cmaes,10,14,1184715493,4.587288955082425e-05,4.587288955082425e-05,10000,10000,1.6881,"[2.3319155656065718, -0.9854462686735873, 4.98149974287733, 0.30022177054863697, 0.2937704742634004, -0.7678123639936725, 3.890346174210525, 1.5691696776983122, 2.866020274331417, -2.554696100398804]"
random_objective,CMA-ES/IPOP sigma0=0.3*span ipop=x2,ok,,cmaes,10,15,2446016998,2.0025976331994322e-05,2.0025976331994322e-05,10000,10000,1.7607,"[-3.8354928034337235, -2.99194092096414, -2.2263034124373795, -4.87772267427878, 3.75704328304624, -4.6659743819536015, -0.8410592890464343, -2.990067437433968, 0.22602546616925273, 1.964665755189488]"
random_objective,CMA-ES/IPOP sigma0=0.3*span ipop=x2,ok,,cmaes,10,16,416789505,0.00011904794543637909,0.00011904794543637909,10000,10000,1.5165,"[-4.225418603451251, 2.689993363613553, 2.1035855964123567, -4.911167091448935, -1.5538342224173682, 2.987876291744957, -1.7594965774838878, -0.3323188782015727, 1.4927299749397456, -0.8179765776089476]"
random_objective,CMA-ES/IPOP sigma0=0.3*span ipop=x2,ok,,cmaes,10,17,2332675101,9.71292800380219e-05,9.71292800380219e-05,10000,10000,1.5041,"[1.5440489919163447, 1.884639299470635, 1.7510199950699175, 1.5887041568973803, 1.1261094368664786, 2.312590412584809, -3.1578256408842336, 2.120838221773875, 0.5831428752511254, 4.585649371218569]"
random_objective,CMA-ES/IPOP sigma0=0.3*span ipop=x2,ok,,cmaes,10,18,912314222,0.00019630511541812723,0.00019630511541812723,10000,10000,1.9834,"[-3.320001884679577, 4.224209848293771, 2.828030943720435, 2.386759152905576, 1.7237112414471767, -0.44336248344192875, -4.995786210695208, 1.6202565554543362, 0.05866649792309886, 2.633558974003982]"
random_objective,CMA-ES/IPOP sigma0=0.3*span ipop=x2,ok,,cmaes,10,19,1418461055,0.0001586688726109564,0.0001586688726109564,10000,10000,1.4414,"[0.15260518288951763, 4.288431992214672, 2.39043050732945, -2.484293783971136, 3.842970437886722, -0.020658064185491876, 3.357639909715126, 0.49886738380990003, -1.3879254368659861, -3.7418966216207314]"
random_objective,CMA-ES/IPOP sigma0=0.3*span ipop=x2,ok,,cmaes,10,20,4256789355,8.687355075409631e-05,8.687355075409631e-05,10000,10000,1.5339,"[-3.8181740228097847, 1.593065061672987, -3.985338361258445, 1.9714644715989351, 0.12583993350384404, 4.459550536503752, 0.8785592352470963, 1.7947745171320593, -3.7791710104925684, 2.487608712901424]"
random_objective,CMA-ES/IPOP sigma0=0.3*span ipop=x2,ok,,cmaes,10,21,220397198,9.168790867464249e-05,9.168790867464249e-05,10000,10000,1.7821,"[-0.06067391734552885, 1.266377680146464, -1.9971159771293583, -2.9660244624978933, -2.617500077114466, 1.722508660222692, -4.703186325450233, -1.4402441451689878, 2.159699389313886, -3.11565369233543]"
random_objective,CMA-ES/IPOP sigma0=0.3*span ipop=x2,ok,,cmaes,10,22,854564143,6.170669417771002e-05,6.170669417771002e-05,10000,10000,1.3925,"[-3.821162950659922, -0.7919296192678531, 0.6754185203589956, 0.6447225319336194, 1.644284692167651, 1.501501333347383, -1.8392269888420407, 4.958392695475909, -4.283250364823841, 3.856742500444221]"
random_objective,CMA-ES/IPOP sigma0=0.3*span ipop=x2,ok,,cmaes,10,23,3161109371,0.0002198357957261532,0.0002198357957261532,10000,10000,2.5854,"[-3.129420151335122, 3.705529163310228, -3.5761708709637894, 0.6540933225620424, 2.538745446469803, -2.620381130127198, -2.6292501700160162, -4.108350563544772, 3.519768380386811, -0.8974789081613375]"
random_objective,CMA-ES/IPOP sigma0=0.3*span ipop=x2,ok,,cmaes,10,24,1392751141,3.967055570597289e-06,3.967055570597289e-06,10000,10000,2.2153,"[2.2629993448109094, 3.1596021568858195, 0.6427107362869791, -4.999397816798935, 4.458038101464998, -4.964675994378108, 1.5480367344944614, -4.69072968251446, -2.427663065278045, 1.5114213131844856]"
random_objective,CMA-ES/IPOP sigma0=0.3*span ipop=x2,ok,,cmaes,10,25,2712767821,7.998208023241027e-05,7.998208023241027e-05,10000,10000,2.4844,"[-3.9613523542830062, 4.031498350185856, 0.04873639694352708, 0.5605443166206197, -3.8835323096380243, 3.677286968419758, -3.3314723185029522, -4.90176754448732, -1.4962993304648253, -4.403273325845248]"
random_objective,CMA-ES/IPOP sigma0=0.3*span ipop=x2,ok,,cmaes,10,26,1700034869,0.00012303592999129975,0.00012303592999129975,10000,10000,2.51,"[2.1546164737047366, -1.3955113654678648, -1.6422351581194976, -3.314270914186328, -4.412053509712148, -0.43783171616790484, 2.814567734548799, -2.0611418873627567, -2.685372647980884, -3.2800556107350767]"
random_objective,CMA-ES/IPOP sigma0=0.3*span ipop=x2,ok,,cmaes,10,27,119302232,0.00010950894552519408,0.00010950894552519408,10000,10000,2.4777,"[0.2325563171594176, -4.5142258483905415, 2.7147081979212024, -0.140228799241795, 4.818588220960552, -4.554612147235741, -4.883266783860409, 1.1944525488715394, -0.5784989840686201, 3.1142772589941288]"
random_objective,CMA-ES/IPOP sigma0=0.3*span ipop=x2,ok,,cmaes,10,28,751099095,6.555354922233025e-05,6.555354922233025e-05,10000,10000,2.2758,"[-4.628088009622218, 1.551335079434697, 4.412594929993418, 0.41194345691834167, 3.401902903644828, 2.233102624296251, 3.99565230511071, 1.9553489275689309, -4.9741409365242895, -4.542427853578937]"
random_objective,CMA-ES/IPOP sigma0=0.3*span ipop=x2,ok,,cmaes,10,29,2092644970,6.716363976289053e-05,6.716363976289053e-05,10000,10000,2.1714,"[-2.129493811956147, -0.12579734345309945, -2.7871755103538574, 2.9939312054052323, -1.3562966709466977, -3.5357366464146347, -3.64956153627645, 2.5046824121778575, 2.6704044306547168, 0.152100795820231]"
random_objective,CMA-ES/IPOP sigma0=0.3*span ipop=x2,ok,,cmaes,10,30,4098684717,8.223843019083965e-05,8.223843019083965e-05,10000,10000,2.1504,"[-1.3992165708874948, 0.21102106718771907, 1.4844564451796458, -2.0734592184920153, -3.536983398791506, 4.043099501307997, -3.140903992556435, -3.3126839222023605, -2.778117324882274, -4.72936237310776]"
random_objective,CMA-ES/IPOP sigma0=0.3*span ipop=x2,ok,,cmaes,10,31,2532357322,0.00010684781164060908,0.00010684781164060908,10000,10000,1.8609,"[-2.0955620010127873, 3.464093370846509, -4.897127134300514, 0.2393658252426505, 1.5805261529276216, -3.7685539085204445, -0.8728200026331198, -1.695662469794548, 1.2657814563631753, -2.5251019069756637]"
random_objective,CMA-ES/IPOP sigma0=0.3*span ipop=x2,ok,,cmaes,10,32,570047492,2.0110768541581336e-05,2.0110768541581336e-05,10000,10000,1.5663,"[-4.312224146365976, 0.1944505531302081, -3.523350595792607, -1.2811770424097055, 2.2388148392658636, -3.1102030001607144, -1.2913771909652272, -2.8833247755908094, -2.8643482717367292, -2.6602901533491714]"
random_objective,CMA-ES/IPOP sigma0=0.3*span ipop=x2,ok,,cmaes,10,33,3186277490,0.0004392948186995316,0.0004392948186995316,10000,10000,1.4721,"[-1.0502746021554046, 0.025476575922122748, -3.3215316653783624, -2.5139038052989164, -1.7050813367649562, 1.275874349805198, 1.9264955237338341, -4.985157357576766, -0.3012389831228006, -0.3247313055722607]"
random_objective,CMA-ES/IPOP sigma0=0.3*span ipop=x2,ok,,cmaes,10,34,2512934707,1.8460471656212007e-05,1.8460471656212007e-05,10000,10000,1.3158,"[4.0343003279391105, 4.925101691312466, 2.59966892347297, 0.37696612291604503, -1.1666060985218523, 1.8279817947769033, 1.0896221687433312, 2.7459864764688575, 1.2999137275621901, -2.378104021195346]"
random_objective,CMA-ES/IPOP sigma0=0.3*span ipop=x2,ok,,cmaes,10,35,1195616978,1.6178166301394903e-05,1.6178166301394903e-05,10000,10000,1.342,"[-0.8405702964259993, 4.416315804511349, -0.9289991012716285, 4.887169716965844, -1.3586973414855983, 3.3236946891446557, -4.25564217435752, 4.204028994867574, 4.521306200382826, 1.904706317393161]"
random_objective,CMA-ES/IPOP sigma0=0.3*span ipop=x2,ok,,cmaes,10,36,3143912388,1.3528457584066622e-05,1.3528457584066622e-05,10000,10000,1.3494,"[-3.3320766384986333, 2.0010643649191557, 4.163275508989788, -0.7863862969281001, 0.11399810945822964, 3.742515400056746, -0.8660288898365778, 4.581610101175039, -2.5035884370279446, 1.6675230444414488]"
random_objective,CMA-ES/IPOP sigma0=0.3*span ipop=x2,ok,,cmaes,10,37,645616725,3.440513915131671e-05,3.440513915131671e-05,10000,10000,1.3085,"[2.0781308975455883, 4.049769026655145, 4.923852398256923, 4.3492651732506875, 3.40375923872205, -1.585699653369963, -2.061597132623808, 4.44118763786573, -2.5483933533414884, -1.6430601199888493]"
random_objective,CMA-ES/IPOP sigma0=0.3*span ipop=x2,ok,,cmaes,10,38,2555882972,1.795009901761624e-05,1.795009901761624e-05,10000,10000,1.3244,"[-1.1589610254203642, 0.9649300233539719, 2.82840515809524, -3.9596035582764006, 1.0276687184300854, -1.6720123034870067, -1.6442359546982586, 2.183789775993681, 2.276409442368948, 3.139508712201477]"
random_objective,CMA-ES/IPOP sigma0=0.3*span ipop=x2,ok,,cmaes,10,39,4198608495,0.000333370071631367,0.000333370071631367,10000,10000,1.1747,"[-1.7304051818069688, -3.501250666248363, -4.941913608695065, 1.5854130231325634, -4.7602448888904165, 1.9270651588738623, -2.240901636787701, 4.708688517006163, 4.0453682084275675, 4.814068487533786]"
random_objective,CMA-ES/IPOP sigma0=0.3*span ipop=x2,ok,,cmaes,10,40,1006062276,3.0353484807177367e-05,3.0353484807177367e-05,10000,10000,1.1118,"[2.0151812449543884, -4.24019241013427, -1.6610940909696161, -0.9318017462174968, 3.244946367784415, 4.036395487211811, -0.4715812948220651, 3.4767994352503186, 0.6230689981202673, 2.62872501774514]"
random_objective,CMA-ES/IPOP sigma0=0.3*span ipop=x2,ok,,cmaes,10,41,122454306,0.00030000011679243155,0.00030000011679243155,10000,10000,1.1064,"[3.5617546758692047, -4.48796267660651, 4.756127033080337, -4.984131288393823, -4.155352834167121, -3.775709847234827, 1.5324052762674643, 3.3568640006545394, -1.8601638421343694, 3.5566098674444664]"
random_objective,CMA-ES/IPOP sigma0=0.3*span ipop=x2,ok,,cmaes,10,42,2191238625,2.3265323180532427e-05,2.3265323180532427e-05,10000,10000,1.2607,"[3.7840818379923995, 0.6279289186532679, 4.481837568557786, -2.6157347819846244, -3.7275365897321535, -0.7464994973113797, 1.0204425743049086, 4.926378195586472, 1.2012093200178517, 3.0387425841276325]"
random_objective,CMA-ES/IPOP sigma0=0.3*span ipop=x2,ok,,cmaes,10,43,2139661769,5.325057792271437e-05,5.325057792271437e-05,10000,10000,1.0981,"[-4.281578149738432, -4.068487591461934, 2.380629193485989, -3.1091144970972824, -1.9673797532808237, -4.66482376223367, -1.9049270926581823, 3.39438362246619, -1.9930982822610552, -1.2165153376542932]"
random_objective,CMA-ES/IPOP sigma0=0.3*span ipop=x2,ok,,cmaes,10,44,2443331457,1.0010733981768993e-06,1.0010733981768993e-06,10000,10000,1.0896,"[-4.547250416339699, 3.415498388887304, -3.1904946753543295, -0.17301137667359096, 4.914199181567718, -4.937680469349993, 3.204428617351904, 2.6388324488918915, -3.125383441575427, 3.3795655684935584]"
random_objective,CMA-ES/IPOP sigma0=0.3*span ipop=x2,ok,,cmaes,10,45,1033750029,0.0001267885226418075,0.0001267885226418075,10000,10000,1.0333,"[-3.3189573099020606, 4.230132438352268, 1.8952063490507527, 0.619375894701431, 3.311155263734026, -3.6372811936960616, 4.342612436251172, 0.5700741819401962, -4.249190194687177, 4.425784548534075]"
random_objective,CMA-ES/IPOP sigma0=0.3*span ipop=x2,ok,,cmaes,10,46,3307894866,4.76908105110363e-05,4.76908105110363e-05,10000,10000,1.2754,"[-1.7207069163508102, 4.961363742420666, 2.897808723526114, -3.7987733483472637, 1.9371470510122322, 2.2653609280553617, -2.2602450764946536, 2.3006510618081, 3.30229351835942, -0.22532632906984595]"
random_objective,CMA-ES/IPOP sigma0=0.3*span ipop=x2,ok,,cmaes,10,47,1444831330,0.00015390036192519663,0.00015390036192519663,10000,10000,1.44,"[1.5348416684543835, -1.5389559550314758, -3.202354038721854, 4.999976492820224, -4.83202245232549, -0.05892029252822395, -2.5335016699432957, 4.5372108016688015, 1.9220204463183848, -1.5228694960556162]"
random_objective,CMA-ES/IPOP sigma0=0.3*span ipop=x2,ok,,cmaes,10,48,3552424877,5.0562275412446844e-05,5.0562275412446844e-05,10000,10000,1.5869,"[-3.029997410180596, 1.5509414692998131, -1.7972491415589893, 2.448736947345651, 3.0484497873826832, -1.525234512194153, -1.4632842122446554, -4.146117638732864, 3.0503067094096394, -4.999913986435687]"
random_objective,CMA-ES/IPOP sigma0=0.3*span ipop=x2,ok,,cmaes,10,49,1721398908,0.00034900894291511886,0.00034900894291511886,10000,10000,1.5989,"[2.7289373483922197, 0.22679860122470075, -1.1224154517912286, -4.7252717970070375, -2.557237911458305, 4.244654525588469, -0.8927786132422622, -1.0855969080345842, -1.7616741018319158, 1.7115598086046933]"
random_objective,CMA-ES/IPOP sigma0=0.3*span ipop=x2,ok,,cmaes,10,50,2279681374,5.597951538360846e-05,5.597951538360846e-05,10000,10000,1.7671,"[3.8864907006926046, 0.5347570105823554, -3.843344923788434, -2.8005436614993098, 2.5391593835291886, -1.5738559184709753, -3.9854405171726315, -1.1263329267022364, 4.41522543451797, 3.004581823163859]"
random_objective,CMA-ES/IPOP sigma0=0.3*span ipop=x2,ok,,cmaes,10,51,3841632597,0.00017464730702188014,0.00017464730702188014,10000,10000,1.5826,"[4.890949458403813, 2.547569931719023, 3.6315819770814883, 0.019546662735391962, 2.9112363904147003, 0.025741496349704462, 3.758297363335339, 1.9041981751357824, 0.8454664781821783, -0.44540389499981664]"
random_objective,CMA-ES/IPOP sigma0=0.3*span ipop=x2,ok,,cmaes,10,52,574171183,0.00021179335500243202,0.00021179335500243202,10000,10000,1.716,"[-4.246145332276541, -4.99496470248738, 3.163233810458447, 2.5055029096060757, -3.2035503014599946, 0.9503927457761439, 3.3435206858935516, -3.2343415298128484, -3.919338834030704, -1.9627637059597554]"
random_objective,CMA-ES/IPOP sigma0=0.3*span ipop=x2,ok,,cmaes,10,53,3973865898,1.7733247557383258e-05,1.7733247557383258e-05,10000,10000,1.5244,"[-4.699481351587751, 4.004932874006811, 1.29827026370072, -1.2385251854013277, 2.28174526349968, -1.0161362257372508, -2.9681924008118683, 0.5889187795724938, -0.46070983485912875, -0.9544761256178191]"
random_objective,CMA-ES/IPOP sigma0=0.3*span ipop=x2,ok,,cmaes,10,54,1797550066,7.258975031843029e-06,7.258975031843029e-06,10000,10000,1.627,"[-0.37844061970290177, -3.4166505573922765, 1.6778036996196142, 0.45730447177199096, 4.399844831487716, 3.478255571598802, 0.2794896131068576, 4.985528153277354, -0.15276568077929153, -1.081033550902232]"
random_objective,CMA-ES/IPOP sigma0=0.3*span ipop=x2,ok,,cmaes,10,55,726818407,1.2980036165122222e-05,1.2980036165122222e-05,10000,10000,1.7926,"[2.291693953859033, -1.3317080484384594, 1.9491618817475818, 2.4460902205860737, 0.44890053974893895, 3.641457096717412, -0.987932288174306, 3.5964529096958415, 0.20740327645262369, -4.566747018808961]"
random_objective,CMA-ES/IPOP sigma0=0.3*span ipop=x2,ok,,cmaes,10,56,3575321445,0.0001248664343517225,0.0001248664343517225,10000,10000,1.484,"[-3.2452464146799542, 1.0212600201517894, -4.993011271618601, -1.3631489322833497, -3.878323868828618, -1.5934641623398362, 4.293025817377324, 2.6532526677231782, -1.8120092936138743, 2.887849229106592]"
random_objective,CMA-ES/IPOP sigma0=0.3*span ipop=x2,ok,,cmaes,10,57,3780788207,1.2238320772350875e-06,1.2238320772350875e-06,10000,10000,1.6216,"[-2.746147372354609, -1.7720935846749546, 0.8165330866630403, -4.944157923398185, -1.0180046674036873, 2.650334179108871, 4.988058279928697, -2.2500175060400975, 2.5181001169677124, 1.1279972131202844]"
random_objective,CMA-ES/IPOP sigma0=0.3*span ipop=x2,ok,,cmaes,10,58,1843080710,3.2839515206939396e-05,3.2839515206939396e-05,10000,10000,1.5544,"[3.5824097228108887, 3.5127531711362963, -2.960182608071073, -4.985515778505132, 0.5065889860268259, -2.258780280293262, 1.1676764655714462, 2.2485690383475148, -1.305242054243759, -4.240789261120605]"
random_objective,CMA-ES/IPOP sigma0=0.3*span ipop=x2,ok,,cmaes,10,59,646014566,0.00012426419098765518,0.00012426419098765518,10000,10000,1.6857,"[-3.041453786006403, -2.8742653861064333, 3.673313348156767, -3.6655013856778673, -0.5299756550704391, 0.9315915421947167, 1.9046671172694047, -4.094904464460966, 0.631425940244615, 4.926735483081547]"
random_objective,CMA-ES/IPOP sigma0=0.3*span ipop=x2,ok,,cmaes,10,60,1093413839,0.00012485929210703794,0.00012485929210703794,10000,10000,1.4768,"[-3.462824881666517, -0.33567192895740405, 1.4669462769782786, 4.625435644889983, -4.303746865999102, 2.4906799081144873, 4.961102504954544, -1.39714320877669, 0.950503776198719, 4.364101106430754]"
random_objective,CMA-ES/IPOP sigma0=0.3*span ipop=x2,ok,,cmaes,10,61,3657067431,7.1157486861817e-05,7.1157486861817e-05,10000,10000,1.5271,"[0.2176379081992214, 2.789968876239131, 4.004329301732504, 4.362447441866047, -1.4433194369621198, -2.658684718382386, 2.403425746739982, 1.9555128307317502, -0.46054959904846693, -4.112558105819679]"
random_objective,CMA-ES/IPOP sigma0=0.3*span ipop=x2,ok,,cmaes,10,62,1202014818,4.387860240595565e-05,4.387860240595565e-05,10000,10000,1.3998,"[4.291842688541433, -4.906272796949256, 2.6349744058573, -1.4984519565277297, -4.147004859304257, 1.1402142635893702, -3.5331609013496847, 4.9583053683537175, -4.526866188769329, 0.846688498409825]"
random_objective,CMA-ES/IPOP sigma0=0.3*span ipop=x2,ok,,cmaes,10,63,2112896742,7.181990459570464e-06,7.181990459570464e-06,10000,10000,1.2417,"[-3.6326181389033603, -2.3127134876892868, 1.085534016082006, -4.998692788036039, 2.9939765761566655, 0.8509988156494297, 3.07468680077055, 2.5999211371207522, 0.861180504749375, -4.987102384775771]"
random_objective,CMA-ES/IPOP sigma0=0.3*span ipop=x2,ok,,cmaes,10,64,133097439,0.00021773797142143891,0.00021773797142143891,10000,10000,1.1626,"[0.9759937890639114, -4.673797484447078, 4.666830044567135, -3.2770470974933747, -3.7256948212041294, -4.6484490176402815, -2.3485099302320194, 1.824573017425216, 4.967064911777445, -4.854191473922824]"
random_objective,CMA-ES/IPOP sigma0=0.3*span ipop=x2,ok,,cmaes,10,65,3246499700,9.165531808585925e-05,9.165531808585925e-05,10000,10000,1.0851,"[-1.3305615012805954, 4.932979423293791, 1.7528055221788201, 3.886699909273049, 0.5055835376375963, 3.3275047876125976, 1.6572329043359222, 4.000046163222454, 2.2889580086669667, -0.15039112509435915]"
random_objective,CMA-ES/IPOP sigma0=0.3*span ipop=x2,ok,,cmaes,10,66,78458337,7.015705464574751e-06,7.015705464574751e-06,10000,10000,1.1286,"[4.027471488663435, -4.641260860842323, 4.836950193618682, 0.05934433377183446, -4.477197686044062, 2.07331288292448, -1.3122561966203428, 4.0421322317495765, 1.0022358272900345, 3.8411925714073463]"
random_objective,CMA-ES/IPOP sigma0=0.3*span ipop=x2,ok,,cmaes,10,67,2737572686,9.628515411941319e-05,9.628515411941319e-05,10000,10000,1.1543,"[-0.6324189568905609, 1.510983573713009, -4.575697586530779, 3.150311785674962, -3.4697050419759075, 3.422966317508788, 0.01702311630193698, -2.823261864783124, 3.8374129190527366, -1.7566282546628003]"
random_objective,CMA-ES/IPOP sigma0=0.3*span ipop=x2,ok,,cmaes,10,68,1677692337,0.00010576194065337052,0.00010576194065337052,10000,10000,1.1888,"[4.207878100313646, -4.645048300878123, 4.1552543515207665, -4.3464357399061955, 3.7863485365087484, 1.0038702962037351, 0.9560640260166542, 0.6729698841371277, 3.203883250734834, 3.712301204539215]"
random_objective,CMA-ES/IPOP sigma0=0.3*span ipop=x2,ok,,cmaes,10,69,3618645965,6.270474566072437e-05,6.270474566072437e-05,10000,10000,1.1016,"[-3.373404144982545, -4.908742622734077, -3.6261517406030706, -2.769219754651008, -4.368528300613892, 3.756460980828262, 3.064135425821874, -2.7938237826626793, 4.863877626028216, 2.7508145072850803]"
random_objective,CMA-ES/IPOP sigma0=0.3*span ipop=x2,ok,,cmaes,10,70,2454036440,0.00017264589143273223,0.00017264589143273223,10000,10000,1.2646,"[4.9892761707829125, 3.916840406063727, 3.378632482803205, 1.8167901236500246, 0.6834915615339909, 4.454599993317563, 2.192275150499553, -3.939627100323584, 2.8601018673415837, -1.5269140656281124]"
random_objective,CMA-ES/IPOP sigma0=0.3*span ipop=x2,ok,,cmaes,10,71,627810807,0.0001813318861161317,0.0001813318861161317,10000,10000,1.1996,"[-3.538516036668394, -2.8080596327453784, -4.989221849635118, 1.7860879913899437, -1.774766110758656, -2.8562698788156347, -1.7059310572990647, 2.069079797041905, -0.05451476258262744, 0.9991495245756092]"
random_objective,CMA-ES/IPOP sigma0=0.3*span ipop=x2,ok,,cmaes,10,72,2059238764,0.0001111555604169645,0.0001111555604169645,10000,10000,1.1962,"[-3.494562579375253, -3.5925217189778467, 4.226102496613877, -3.666269174919868, 0.4686165328849443, -4.247572195128294, 2.711845444572596, 2.3324755248942752, -4.2728709764249775, 4.452865005314673]"
random_objective,CMA-ES/IPOP sigma0=0.3*span ipop=x2,ok,,cmaes,10,73,1521500017,1.650566839539458e-06,1.650566839539458e-06,10000,10000,1.2289,"[2.8360844874683053, 4.961426052908752, -2.178813271594951, 4.639837727902864, 0.06111690544553383, 0.7623120835544341, -3.7387470374086855, -3.2556005331974953, 4.9729797042618324, -2.2277569382661007]"
random_objective,CMA-ES/IPOP sigma0=0.3*span ipop=x2,ok,,cmaes,10,74,2132180117,1.9554393965837136e-05,1.9554393965837136e-05,10000,10000,1.1778,"[-1.8732872714994468, 1.444963898183186, 2.4276863045277857, 0.14332880027433603, 3.3860030348856824, -3.0887284234020598, 0.9021724537460045, -4.790355915220015, 1.714794416308181, -2.706702754690191]"
random_objective,CMA-ES/IPOP sigma0=0.3*span ipop=x2,ok,,cmaes,10,75,914283464,2.099334940086628e-05,2.099334940086628e-05,10000,10000,1.2456,"[0.6403662511498658, 0.24348751291982929, -2.0834230153457725, -2.200629724913121, -4.593643391469114, 1.780993076372666, 0.9996510734823247, 2.5346716948168293, 0.35169888829596485, -0.7389908453586247]"
random_objective,CMA-ES/IPOP sigma0=0.3*span ipop=x2,ok,,cmaes,10,76,286220341,8.834776649069287e-05,8.834776649069287e-05,10000,10000,1.2612,"[-4.981343860139191, -4.990426849856074, -4.6314009656740796, 0.2592248311199654, 4.136606564787123, 4.992393691848967, -3.966254469015496, -2.4626470903066604, 3.5548845772912694, -0.2548436672986778]"
random_objective,CMA-ES/IPOP sigma0=0.3*span ipop=x2,ok,,cmaes,10,77,1631688160,0.0003067220752742683,0.0003067220752742683,10000,10000,1.3349,"[1.6285699775410265, -1.5450540272656923, 4.807708105327285, 2.5189157453188784, 3.5124124528507004, -4.299919010739689, 4.030467315867035, -0.07093160296051693, -0.9814394634595445, 0.29249146801018355]"
random_objective,CMA-ES/IPOP sigma0=0.3*span ipop=x2,ok,,cmaes,10,78,3506323848,2.0881316567744612e-05,2.0881316567744612e-05,10000,10000,1.2461,"[-1.3499942658906185, 4.503657750568511, 4.95022908811945, -1.5130899874107726, -4.8476688851399405, -2.09820262639742, -1.048998024525356, -0.8534444801658676, 2.5281685784908605, 0.11446938325753031]"
random_objective,CMA-ES/IPOP sigma0=0.3*span ipop=x2,ok,,cmaes,10,79,987353261,6.997327607005666e-06,6.997327607005666e-06,10000,10000,1.1043,"[0.5736091188604213, -1.7075075195544187, 4.264770039528326, -3.089022439452105, -3.346619234150678, 4.999071739240754, 2.801274235684282, -3.239277178293271, -0.19522045126421972, 4.138565435635593]"
random_objective,CMA-ES/IPOP sigma0=0.3*span ipop=x2,ok,,cmaes,10,80,1966996131,7.331619777473097e-05,7.331619777473097e-05,10000,10000,1.1192,"[-4.988674748982906, -3.0858415389846305, 3.163378914369087, -1.1048600127826376, -0.6493684656041196, 3.5247876989839426, 0.6610088819379876, -1.657183618285167, 3.2725732033238546, 3.548770506116022]"
random_objective,CMA-ES/IPOP sigma0=0.3*span ipop=x2,ok,,cmaes,10,81,1954266949,1.3412001058199507e-05,1.3412001058199507e-05,10000,10000,1.1419,"[3.6459333179443547, -0.9864562078385113, -3.0496159693656324, 0.8390816405277448, 3.619607946449456, -4.9997442775935586, -4.997232122185453, -4.920093833196397, -2.5981057945976014, 1.9153873646798694]"
random_objective,CMA-ES/IPOP sigma0=0.3*span ipop=x2,ok,,cmaes,10,82,1141931750,8.801380354939159e-05,8.801380354939159e-05,10000,10000,1.1095,"[3.5543597881107836, 4.823365644684677, 0.6546597692391618, -1.6559121040598495, 3.8834763561171854, -4.931402853561517, 4.383174922686315, -4.303064091550929, 0.2570294260362047, -1.2949615549687281]"
random_objective,CMA-ES/IPOP sigma0=0.3*span ipop=x2,ok,,cmaes,10,83,1466125411,5.951712232732387e-05,5.951712232732387e-05,10000,10000,1.0669,"[-2.0822879107583194, 4.82556216817477, 4.499823276980212, -0.5089224933932357, -2.213471922067953, -1.3260041830292462, -4.623112196564355, -0.9772991505182773, 2.310021462478545, -0.9377482770429983]"
random_objective,CMA-ES/IPOP sigma0=0.3*span ipop=x2,ok,,cmaes,10,84,1409191767,8.678853014876253e-05,8.678853014876253e-05,10000,10000,1.1461,"[-4.101179255435781, 1.418971391393585, -0.4338131108968124, 1.9109089078847135, -4.518499956760399, -0.19062395434644697, 4.415181610419954, 3.366434679311854, -0.49349654116584435, -4.353217959954703]"
random_objective,CMA-ES/IPOP sigma0=0.3*span ipop=x2,ok,,cmaes,10,85,1450110663,3.558683416016173e-05,3.558683416016173e-05,10000,10000,1.1119,"[0.9227632213253543, -0.3068050825088626, -2.070111961352751, 0.9412716454695427, -3.08548391579998, -1.7566746179927328, -4.954049343349917, -4.994087489137725, -2.8296345115944463, -4.992648957403286]"
random_objective,CMA-ES/IPOP sigma0=0.3*span ipop=x2,ok,,cmaes,10,86,2650293330,4.681309947285328e-05,4.681309947285328e-05,10000,10000,1.0963,"[3.690239284128559, 1.3388120522316065, -0.9538536424965542, 1.4593855374855522, -0.029326318143656493, -1.8863916548227024, -0.561702980670546, -4.856935398080599, -3.430595337913495, 0.6407369506733716]"
random_objective,CMA-ES/IPOP sigma0=0.3*span ipop=x2,ok,,cmaes,10,87,3727164728,2.0642475927146187e-05,2.0642475927146187e-05,10000,10000,1.3122,"[-2.9569739115610396, 0.2468155746847316, -2.3275934919826753, 3.077807184950175, -1.4060544488694173, 0.7770888880219431, -2.76659212434776, -1.6072318151293459, -0.6470142715200176, 0.6697263431067668]"
random_objective,CMA-ES/IPOP sigma0=0.3*span ipop=x2,ok,,cmaes,10,88,2214156898,4.9015427613152696e-05,4.9015427613152696e-05,10000,10000,1.133,"[3.228305727781839, -1.6243890312991507, 4.989924400770177, -2.5462313119761113, -4.514296302123637, 1.3615672280668534, 1.0086832397586285, 2.332760544156648, 1.6209631015794912, 0.1458545034800188]"
random_objective,CMA-ES/IPOP sigma0=0.3*span ipop=x2,ok,,cmaes,10,89,2859873451,1.9962528685746328e-05,1.9962528685746328e-05,10000,10000,1.2193,"[-4.9997068647675285, -4.80982503633952, -3.468976838438035, 0.761669198651119, 4.99463697743646, 2.0148980025609227, -3.962782959115703, -2.5476136082198337, -3.955259019012555, -0.946018597537666]"
random_objective,CMA-ES/IPOP sigma0=0.3*span ipop=x2,ok,,cmaes,10,90,3239869425,2.618369853402136e-05,2.618369853402136e-05,10000,10000,1.1591,"[2.3325825860124336, -1.0680346308675448, -4.528857127905228, -4.260568603967396, -0.2544456978120868, 0.8900382669636429, -4.5321910992937635, -2.7369898182928143, 2.1291909032200858, 4.3506569654159355]"
random_objective,CMA-ES/IPOP sigma0=0.3*span ipop=x2,ok,,cmaes,10,91,788168201,3.491935148491887e-05,3.491935148491887e-05,10000,10000,1.2461,"[1.0782557202207128, 3.935767045499551, -1.6033599194898027, 2.585418292900319, -3.193683901611744, -4.242307115878913, 4.537927893275924, -4.920028248094682, -0.541858717628362, -4.568648386313992]"
random_objective,CMA-ES/IPOP sigma0=0.3*span ipop=x2,ok,,cmaes,10,92,3646466987,4.5236408891535795e-05,4.5236408891535795e-05,10000,10000,1.2372,"[2.0506180687593414, -2.106161466944215, -4.365933127283885, 1.6658261052222514, 1.4281520572522766, 1.2912938424688507, 3.542400619228335, 0.4323914909178441, 2.3232981842384, -3.8779987973754366]"
random_objective,CMA-ES/IPOP sigma0=0.3*span ipop=x2,ok,,cmaes,10,93,322909755,9.752191079015482e-06,9.752191079015482e-06,10000,10000,1.2251,"[4.037897343879885, 0.09025678933319625, -2.9524984343479153, 3.5699906428035426, 4.510359771522685, 1.8112338067358071, -4.552751798610178, 3.5337682726801667, -3.6962362928799584, 4.720391638208265]"
random_objective,CMA-ES/IPOP sigma0=0.3*span ipop=x2,ok,,cmaes,10,94,4105498240,3.95900856312581e-05,3.95900856312581e-05,10000,10000,1.2473,"[-2.4807691336481845, -4.993633074059739, -2.477226586246701, -2.4101336291109092, 3.5399822886703234, 1.48528326149926, -2.3033368520866233, 1.3501208263393352, -3.1584281540834525, -4.592035857275135]"
random_objective,CMA-ES/IPOP sigma0=0.3*span ipop=x2,ok,,cmaes,10,95,25351796,9.763100058368668e-05,9.763100058368668e-05,10000,10000,1.1275,"[4.931855538499283, -2.2089602561677837, 1.6436309564846354, -4.38851473481387, 4.990973728898568, -0.4385778048930895, -4.981451405004969, -3.18627749365276, 2.8453118426797133, 3.6141573848655115]"
random_objective,CMA-ES/IPOP sigma0=0.3*span ipop=x2,ok,,cmaes,10,96,782925778,6.241036673626521e-05,6.241036673626521e-05,10000,10000,1.2762,"[3.825446902749163, 4.417894683186205, 3.98544462525998, -1.628190471741803, 2.2662099430913933, -3.2863246762265064, -1.8482615974797625, 1.7746965673385304, -1.3995017996236667, -4.094065265721442]"
random_objective,CMA-ES/IPOP sigma0=0.3*span ipop=x2,ok,,cmaes,10,97,773740134,5.686549261396667e-05,5.686549261396667e-05,10000,10000,1.1638,"[1.725405004488496, -0.46544038388411785, -3.109860039445671, -2.935673795096611, 2.84723824910521, -1.287717536948314, 0.6446198303127417, 1.5947718474904613, -3.7847804355479777, -2.8132778904859137]"
random_objective,CMA-ES/IPOP sigma0=0.3*span ipop=x2,ok,,cmaes,10,98,3174747436,2.9982220629998224e-05,2.9982220629998224e-05,10000,10000,1.2269,"[0.09635388241168208, 3.99382054149066, 1.5256533456281662, 3.152193407425655, -2.6214200465570556, 1.1100747019834503, 3.9587725151445277, 4.585282318205064, -2.0312723683625205, -0.5149943829411718]"
random_objective,CMA-ES/IPOP sigma0=0.3*span ipop=x2,ok,,cmaes,10,99,460324000,2.025313867715095e-05,2.025313867715095e-05,10000,10000,1.198,"[2.407391877453411, 4.74868652653244, 2.041778789939079, 2.435164439162333, 0.14413761237841527, 2.8437597172303315, -3.3788446446148095, 3.298140875927058, 0.36487878435116117, 3.92547296325176]"
random_objective,CMA-ES/IPOP sigma0=0.3*span ipop=x2,ok,,cmaes,10,100,4043997809,0.0003435818795759493,0.0003435818795759493,10000,10000,1.1416,"[3.9392968953301453, 3.140352043743502, 3.886257566950391, -2.07562518391674, 1.410753409815158, 2.9712161606499876, 1.689431408757206, -4.9964070799236975, 2.9444273890733745, -1.9044319920628963]"
random_objective,CMA-ES/IPOP sigma0=0.3*span ipop=x2,ok,,cmaes,10,101,1374259187,0.00014256539764367915,0.00014256539764367915,10000,10000,1.1577,"[-2.2128985587230616, 0.001302308487183268, 4.976604359279576, 3.343308468660606, 3.2895667914505076, -4.997978908166957, 4.12991287031911, 4.108465804524101, 3.0034935105980445, 0.7360402279053481]"
random_objective,CMA-ES/IPOP sigma0=0.3*span ipop=x2,ok,,cmaes,10,102,1150360208,2.6359651397300787e-05,2.6359651397300787e-05,10000,10000,1.1759,"[0.610481186230607, 3.5090503335873624, 3.226474028844447, -3.366651690073943, 2.698882129506753, 1.394119239666022, 3.161646511208465, 2.3517533297606192, 2.642429370828103, 1.218638301621894]"
random_objective,CMA-ES/IPOP sigma0=0.3*span ipop=x2,ok,,cmaes,10,103,2538500741,0.0004513617922086155,0.0004513617922086155,10000,10000,1.0914,"[1.9171646463920564, 0.6229660887576773, -1.9169779013795036, 3.3884172038983706, -0.10247999929566584, -4.999729666436755, 2.1222827149574126, -0.8480498389474973, -0.26329748272298126, 1.2975795366827967]"
random_objective,CMA-ES/IPOP sigma0=0.3*span ipop=x2,ok,,cmaes,10,104,3875486018,0.0001365387810638996,0.0001365387810638996,10000,10000,1.0976,"[-3.970537020501336, -0.4900051595496766, 0.26016493443939287, 4.485391181948567, 3.682729577390286, 0.7503461684025439, 4.09538560837285, -3.9875118186098177, 0.9803706912192363, -2.5897183822697016]"
random_objective,CMA-ES/IPOP sigma0=0.3*span ipop=x2,ok,,cmaes,10,105,3171061005,2.1475751960209344e-05,2.1475751960209344e-05,10000,10000,1.0993,"[-0.7328136773905233, 2.084724995887135, -1.7725508919560635, -4.458515586987376, -1.9981575691793303, 1.9704317207086746, -1.0502545678634174, -3.802989949786016, -0.3667389758252977, -1.9162354018042904]"
random_objective,CMA-ES/IPOP sigma0=0.3*span ipop=x2,ok,,cmaes,10,106,2657835111,6.818489736826194e-05,6.818489736826194e-05,10000,10000,1.1283,"[-1.339261179656824, -0.6110724377061657, 0.017308134041067902, -0.6688845339748106, -0.3933955101143152, -1.6246918647077209, 4.999994634363641, -2.5386737767315797, -0.7169219396647115, 1.2421884844058138]"
random_objective,CMA-ES/IPOP sigma0=0.3*span ipop=x2,ok,,cmaes,10,107,2528092768,7.779869727864153e-05,7.779869727864153e-05,10000,10000,1.0509,"[-0.2619783106183151, -1.2506562240445904, 2.1171258955423404, 2.476446500997552, -2.2405249117412236, 1.1565845353880404, -2.0260950012554098, 0.3003916674458275, -3.8424408940071615, -2.9211998588596106]"
random_objective,CMA-ES/IPOP sigma0=0.3*span ipop=x2,ok,,cmaes,10,108,3057710627,4.519834102356679e-05,4.519834102356679e-05,10000,10000,1.1174,"[4.649855139806027, 4.997027830163994, 2.8187380836139195, -4.943415752934683, 2.3069678013820134, 2.732340814755835, -2.3240415573827904, -3.988590754761585, 3.825263795644979, -4.024888818224498]"
random_objective,CMA-ES/IPOP sigma0=0.3*span ipop=x2,ok,,cmaes,10,109,968669051,0.00017790948189133626,0.00017790948189133626,10000,10000,1.1872,"[-2.7644329979272673, 1.8433705533823947, 4.1566667406886495, -2.9936857146351645, -3.080828304164392, 3.9621185412506463, 4.998009777875895, -1.7302895729219148, 1.995869194124527, -4.971190453297851]"
random_objective,CMA-ES/IPOP sigma0=0.3*span ipop=x2,ok,,cmaes,10,110,4076875869,0.0002741499921267154,0.0002741499921267154,10000,10000,1.1642,"[-2.491208640000716, -1.3651841554344646, -4.184707036190178, 3.228334420186169, -3.6860453636825525, -0.3126287177766045, 2.37774959881404, 2.8666489441462097, 1.7315046873445468, 1.9189006775445696]"
random_objective,CMA-ES/IPOP sigma0=0.3*span ipop=x2,ok,,cmaes,10,111,2476234006,2.4269418388622732e-05,2.4269418388622732e-05,10000,10000,1.1507,"[4.439120603689339, -1.1561318693626461, -3.017996955141548, 2.9669932445884526, -2.359806323998008, -4.98784692455305, -0.8747958044087573, -2.0593948333716163, -1.9144122842994733, -1.6089791408722647]"
random_objective,CMA-ES/IPOP sigma0=0.3*span ipop=x2,ok,,cmaes,10,112,2135210694,0.00034384278460575235,0.00034384278460575235,10000,10000,1.1553,"[4.690816762014755, -4.995317596660354, 0.6206294343040799, -1.0775583359388405, 0.2546338158011142, 4.938716167666396, 3.544504458718577, 2.8248713895963267, -0.5049891204550416, 4.410938932867429]"
random_objective,CMA-ES/IPOP sigma0=0.3*span ipop=x2,ok,,cmaes,10,113,112244445,3.437954665275189e-05,3.437954665275189e-05,10000,10000,1.1499,"[-1.0155660151935493, -0.231037786134066, 0.9060167202969973, -2.0932795684793035, 0.9234918788982096, -0.30674719917948323, -0.9701637524507092, -3.4501592383946917, -4.863536576118894, -4.265097438252003]"
random_objective,CMA-ES/IPOP sigma0=0.3*span ipop=x2,ok,,cmaes,10,114,3987405642,8.809439372603478e-05,8.809439372603478e-05,10000,10000,1.1028,"[4.712188026216268, 3.5105455288540597, 1.1237590841160205, 2.9585539021084912, 0.914445638904887, -4.076410304774896, -1.4489855414335224, -0.8935096239815685, -2.2845137695136906, -2.3967571350302634]"
random_objective,CMA-ES/IPOP sigma0=0.3*span ipop=x2,ok,,cmaes,10,115,1963982062,0.0002406460432281543,0.0002406460432281543,10000,10000,1.1844,"[-3.6224361811686485, 2.2923438786396453, 0.9328793725185582, -1.7327069547447387, 3.7242405737995865, 3.5754533097989007, -3.174093429762353, -2.436128452589317, -2.890511635816045, 0.5653013551287089]"
random_objective,CMA-ES/IPOP sigma0=0.3*span ipop=x2,ok,,cmaes,10,116,2387871179,2.9901161859413605e-05,2.9901161859413605e-05,10000,10000,1.2415,"[-2.6561075473745976, 3.639586130468917, -4.339309542660871, 4.360751434217009, 3.4277489918045774, -2.0289605275166274, 2.248091363161027, 2.0255736163392886, 2.9847792006364386, 1.405702624227028]"
random_objective,CMA-ES/IPOP sigma0=0.3*span ipop=x2,ok,,cmaes,10,117,488565557,4.4292864509909435e-05,4.4292864509909435e-05,10000,10000,1.1224,"[3.4013320586328075, 0.6904150479892834, 4.964181363123307, -2.3165258368725916, 2.1814282176303834, -4.667779804254247, -3.768676322298722, -1.9549662223087214, 3.241480854359124, -3.3303186274871024]"
random_objective,CMA-ES/IPOP sigma0=0.3*span ipop=x2,ok,,cmaes,10,118,3885816279,5.76295081333722e-06,5.76295081333722e-06,10000,10000,1.0608,"[1.5779149228188558, 2.9309637097063224, -1.5682608663546882, -4.820249464628479, -0.8124727299230337, 4.9992745965045735, -0.12876699073400744, 3.1629117378401688, 2.707754498385725, -4.191139247531064]"
random_objective,CMA-ES/IPOP sigma0=0.3*span ipop=x2,ok,,cmaes,10,119,2272422931,0.00010383660017121432,0.00010383660017121432,10000,10000,1.1572,"[-4.456317086766162, -2.051435471723379, 4.974678200572674, -2.2724542235093868, 0.24706296402429576, 1.9698600908839896, 4.679256542031566, -3.1899215270933183, 2.430768424278039, -2.7886354944719107]"
random_objective,CMA-ES/IPOP sigma0=0.3*span ipop=x2,ok,,cmaes,10,120,4153688345,0.00010262976236552479,0.00010262976236552479,10000,10000,1.0101,"[-3.953470518203296, -2.899427383066581, -1.923465116037228, -3.218445736928392, 4.727303685020651, 0.5085798960642531, 1.6180055484502738, -1.0829571882710367, -1.904511535857992, -3.9938035337845834]"
random_objective,CMA-ES/IPOP sigma0=0.3*span ipop=x2,ok,,cmaes,10,121,3105096906,3.818011404366217e-05,3.818011404366217e-05,10000,10000,1.1539,"[0.760982996112169, -3.4424249721052647, -4.981404201287091, -4.154900489752137, 1.7561166857021018, 2.6607996495985713, -0.8444572202954426, -4.97813115415303, -4.999905445478709, 0.7429969783063018]"
random_objective,CMA-ES/IPOP sigma0=0.3*span ipop=x2,ok,,cmaes,10,122,4271691065,0.00024202414860874377,0.00024202414860874377,10000,10000,1.2207,"[-1.1981446321077431, -4.903425047053619, -0.5551683872707613, 4.228599210967207, 4.636336721958713, -4.279306744812021, 3.329237204192278, 1.055945853309609, -4.8318797658133805, -0.9530663144155795]"
random_objective,CMA-ES/IPOP sigma0=0.3*span ipop=x2,ok,,cmaes,10,123,3761144268,7.0049503038127625e-06,7.0049503038127625e-06,10000,10000,1.0806,"[-0.3266815750075871, 0.13582952075006638, 4.492668144475219, -1.586327192351773, -4.4893405431011075, 2.5223001913464493, -3.0390609451741497, 1.6123209411194743, 4.71083491240336, -1.9338546794636358]"
random_objective,CMA-ES/IPOP sigma0=0.3*span ipop=x2,ok,,cmaes,10,124,2898189795,8.945831890450062e-05,8.945831890450062e-05,10000,10000,1.161,"[-0.7259868821387832, 1.0300394276379787, -4.777601142041941, -1.0210603195342323, 4.926687768032575, -4.182191969067013, 4.87967649978036, -0.0683327687030264, 3.895585072134544, -4.337852665065199]"
random_objective,CMA-ES/IPOP sigma0=0.3*span ipop=x2,ok,,cmaes,10,125,2691704432,6.095574984321672e-06,6.095574984321672e-06,10000,10000,1.2384,"[-4.982866671044038, 1.0452476211454353, -0.8575711447682224, -1.4476700280779866, 1.0764549207273078, 2.9759712966426557, 4.936749549566589, -4.638443182081328, 1.8537515467554473, -4.679711440825978]"
random_objective,CMA-ES/IPOP sigma0=0.3*span ipop=x2,ok,,cmaes,10,126,1101791533,0.00010864471130378472,0.00010864471130378472,10000,10000,1.1017,"[3.7980191945716992, -0.07567522742537136, -1.205283211749335, 2.4429789557820314, -4.552650427719975, 3.1066343573718314, -3.833168461495001, 1.16119920133616, 2.0543177288006653, -2.171123581767498]"
random_objective,CMA-ES/IPOP sigma0=0.3*span ipop=x2,ok,,cmaes,10,127,3052566199,0.00011929138732336142,0.00011929138732336142,10000,10000,1.1274,"[-1.071916639458486, -2.488432680040475, -1.5549855758820577, -4.569018261007001, -1.2504132477752723, -4.160849822263053, 2.0215194635792795, 3.653232054563433, -3.0423720887673125, -1.768565376484858]"
random_objective,CMA-ES/IPOP sigma0=0.3*span ipop=x2,ok,,cmaes,10,128,548116951,0.00015288239560817818,0.00015288239560817818,10000,10000,1.1124,"[1.5113405017358374, -2.9554251083146887, -2.852755129765768, 4.765443388435204, -1.4369749516587387, 3.1770580514913744, 0.44377929945619066, 3.0692928350462694, 1.2919909642205987, 4.978625007333821]"
random_objective,CMA-ES/IPOP sigma0=0.3*span ipop=x2,ok,,cmaes,10,129,4186282565,0.00013950395812645233,0.00013950395812645233,10000,10000,1.1502,"[-4.8608185668699315, 1.2363407960146997, -4.0573373172021086, 1.300086196476684, 0.454104494327654, -3.2100887989488767, -4.855369378795065, 0.42010967648818753, 1.6606196434744311, 2.6409405233004506]"
random_objective,CMA-ES/IPOP sigma0=0.3*span ipop=x2,ok,,cmaes,10,130,269104208,2.4202053964583747e-05,2.4202053964583747e-05,10000,10000,1.1564,"[-0.9046487590492198, 4.232826121679498, -3.3308448342771975, 3.777690691030948, 4.578260019869308, 4.83645660362864, -4.1036925303533565, -4.4656644860879915, -2.7796134795731957, 4.193319018596139]"
random_objective,CMA-ES/IPOP sigma0=0.3*span ipop=x2,ok,,cmaes,10,131,2024201786,6.382770943469396e-05,6.382770943469396e-05,10000,10000,1.2659,"[-1.3683327310495557, 0.716956450992253, 0.8589276461741164, 4.51860673873418, -2.356999458048655, -0.3491256036534267, 0.3227526958335787, 4.85875965514428, -4.341854562347951, 4.022858982129918]"
random_objective,CMA-ES/IPOP sigma0=0.3*span ipop=x2,ok,,cmaes,10,132,405524491,1.2208150721448874e-06,1.2208150721448874e-06,10000,10000,1.1503,"[4.954412071290634, 0.5196923072442914, -4.963699911800078, 4.974043750158773, -3.575024901146924, 0.6330979240141881, -1.8831435819461184, -1.498049279008984, -4.310856445033103, 3.588690969179538]"
random_objective,CMA-ES/IPOP sigma0=0.3*span ipop=x2,ok,,cmaes,10,133,3454788434,6.064254937243607e-05,6.064254937243607e-05,10000,10000,1.0882,"[1.1994652334923024, 3.63653024344704, 2.59717087813023, -0.8726776001767157, 4.354202246191498, -0.6258788930749086, 4.940470520258728, 1.6138130355158111, -3.6637354879436863, 1.5729982470785588]"
random_objective,CMA-ES/IPOP sigma0=0.3*span ipop=x2,ok,,cmaes,10,134,1761188704,8.505055460794608e-05,8.505055460794608e-05,10000,10000,1.1418,"[-1.4573279813629014, -0.6732264343493931, -1.0574738558978751, 0.13645841689037447, -3.3187371862514707, 2.0719194987053626, 3.4393943573530166, 1.2847148175986156, -0.3147932478100265, -1.2630315568810335]"
random_objective,CMA-ES/IPOP sigma0=0.3*span ipop=x2,ok,,cmaes,10,135,2517412116,1.2765649600843254e-05,1.2765649600843254e-05,10000,10000,1.2925,"[1.6487604158785807, 0.9581419624321487, -3.034327420588239, 4.311366012984628, -0.8756950622452155, -0.2437525212520697, 4.592592591939145, -0.913683024081859, 4.309372516097774, 3.5391222762168226]"
random_objective,CMA-ES/IPOP sigma0=0.3*span ipop=x2,ok,,cmaes,10,136,564383960,2.5077706468756844e-05,2.5077706468756844e-05,10000,10000,1.2461,"[4.999533789671785, 1.448749493858351, 2.255186102428681, -3.9054181633454306, -4.060909890822877, -4.9119768119021, 4.412274164814807, -4.575736506912307, 1.9284473310263621, 4.30214756107884]"
random_objective,CMA-ES/IPOP sigma0=0.3*span ipop=x2,ok,,cmaes,10,137,1292431774,4.7341509030740525e-06,4.7341509030740525e-06,10000,10000,1.1286,"[3.686354414035712, -0.7051432461960658, 1.466075999718253, 0.504117815396171, -1.605836488068256, -3.5281676475272423, 2.2015782725030064, -2.5985018459684888, -4.4528735008456835, -3.3009246489187447]"
random_objective,CMA-ES/IPOP sigma0=0.3*span ipop=x2,ok,,cmaes,10,138,607530455,0.00013049443712453979,0.00013049443712453979,10000,10000,1.139,"[-4.005772545118738, -4.04453698908474, 0.49252634794965644, -2.8557628235815002, -3.1022629623895845, -2.9332839835817337, -4.535853283719586, 0.5377214920914124, -0.2999144496865296, -3.111506410439687]"
random_objective,CMA-ES/IPOP sigma0=0.3*span ipop=x2,ok,,cmaes,10,139,4209527399,8.632173694178569e-06,8.632173694178569e-06,10000,10000,1.2183,"[3.8838403597735542, 4.445958761147047, -1.12607555049937, -3.156707394189855, 1.2148494736404971, 3.339004489450687, 0.2644267512597587, -1.4260493356966195, -1.4529820099379815, 1.5213088747991854]"
random_objective,CMA-ES/IPOP sigma0=0.3*span ipop=x2,ok,,cmaes,10,140,1546698630,0.00020589724120156916,0.00020589724120156916,10000,10000,1.1999,"[-0.8753761694965156, -3.2562048458466037, -4.24299916689527, -4.581306095713581, -4.397710736373428, -0.42001849332558017, -0.6857556066439301, -4.809918788793105, -4.05259770795537, 4.892166045703477]"
random_objective,CMA-ES/IPOP sigma0=0.3*span ipop=x2,ok,,cmaes,10,141,4031625613,0.00011906807166117694,0.00011906807166117694,10000,10000,1.2566,"[1.328690316935777, -0.02902581541315641, -2.7526642002168566, 3.7388734629757963, -4.651322600902004, 1.324747990836535, -1.848444239622907, 2.789345743795071, -2.067716270616316, 3.008523948523731]"
random_objective,CMA-ES/IPOP sigma0=0.3*span ipop=x2,ok,,cmaes,10,142,3301131100,3.6692087036271914e-05,3.6692087036271914e-05,10000,10000,1.2042,"[-3.7432139472726007, 4.0439532767721165, 3.1402089660421133, 3.0350413448810576, 1.3801692080200372, 0.49291002549430535, 3.8444920785564562, -4.262980086119563, -1.0913757553692243, 0.0574007944475472]"
random_objective,CMA-ES/IPOP sigma0=0.3*span ipop=x2,ok,,cmaes,10,143,2027227883,2.5515238492701542e-05,2.5515238492701542e-05,10000,10000,1.2121,"[-3.524975609794044, 1.1706445193691408, -2.932243893606646, -3.8692963571969736, -2.0025529932842616, -1.7850861281428023, -4.909706249009779, -3.6638408347081572, -3.097965999001591, -1.8459289834522572]"
random_objective,CMA-ES/IPOP sigma0=0.3*span ipop=x2,ok,,cmaes,10,144,2314233464,2.3148958326335567e-05,2.3148958326335567e-05,10000,10000,1.195,"[-3.9464572891610876, 3.0559605537065946, 3.9211269671873445, -1.3136448476984857, 1.9644010077424616, -4.88591641875672, 2.5842881680432326, -1.6979567601414691, -2.0217179394134064, 3.6875687316626253]"
random_objective,CMA-ES/IPOP sigma0=0.3*span ipop=x2,ok,,cmaes,10,145,117921179,1.560060604033353e-07,1.560060604033353e-07,10000,10000,1.1375,"[4.921685012058608, -0.3889638152871626, 1.0983238794349113, -3.63939568086216, 4.967413913095019, 1.034104596887886, 2.1024436764679066, 2.7014228499264377, 2.9518933766099416, -3.53646355295178]"
random_objective,CMA-ES/IPOP sigma0=0.3*span ipop=x2,ok,,cmaes,10,146,2936888514,1.1326604268946383e-05,1.1326604268946383e-05,10000,10000,1.2845,"[-1.4828215548404202, 2.441269425035555, -2.6629991492547607, -4.249427088264602, 1.6196549393466668, -3.5857848978536424, -1.5392413860417804, 1.732528851605359, -1.906335480781852, 0.6404325832662074]"
random_objective,CMA-ES/IPOP sigma0=0.3*span ipop=x2,ok,,cmaes,10,147,2420023991,5.835432552048214e-05,5.835432552048214e-05,10000,10000,1.0937,"[-4.548614493848909, -2.170806728364097, -2.7354844989435882, -3.0319238962481947, -4.726532459966563, -3.496211052674525, 0.4098702861773198, -0.42396410295654974, 0.18069714846807017, -3.9514653773966515]"
random_objective,CMA-ES/IPOP sigma0=0.3*span ipop=x2,ok,,cmaes,10,148,4102272506,9.688343911351538e-06,9.688343911351538e-06,10000,10000,1.0777,"[-0.08813091536819506, -4.969130970059596, -4.539817015513514, 4.903314765871985, 0.5857931170739654, -4.832232401495092, 2.2027889503159575, 1.2110512411868726, -4.93749455598824, -1.614286155440226]"
random_objective,CMA-ES/IPOP sigma0=0.3*span ipop=x2,ok,,cmaes,10,149,2920115936,3.869303953452086e-05,3.869303953452086e-05,10000,10000,1.2332,"[-4.461021066798613, -2.532814656765648, 3.1122430190188677, -3.4726484807768934, 0.5993488408452521, -3.8332338647521267, -4.641316307084032, -3.644486469967923, -4.016319890103022, 4.093709786289706]"
random_objective,CMA-ES/IPOP sigma0=0.3*span ipop=x2,ok,,cmaes,10,150,2396972965,2.0187102801494383e-05,2.0187102801494383e-05,10000,10000,1.2018,"[3.462093599912997, -3.210503544712946, 3.078430352170109, -2.769049115124494, -3.5416952049028554, -1.290637678810599, 3.7986749833274636, 0.46333337164231586, 1.3605915092346343, 4.820120690517645]"
random_objective,CMA-ES/IPOP sigma0=0.3*span ipop=x2,ok,,cmaes,10,151,2337757706,0.00011343253556084232,0.00011343253556084232,10000,10000,1.1547,"[1.3182519443148877, -0.9166717440013228, 0.30434471234341665, 1.202357736493287, -0.8038490582026547, 0.39669247218959214, 1.665635682504174, -4.944272681616693, -3.083525472551269, 1.37430721417088]"
random_objective,CMA-ES/IPOP sigma0=0.3*span ipop=x2,ok,,cmaes,10,152,3235504857,8.72102092398519e-05,8.72102092398519e-05,10000,10000,1.0848,"[3.220272421689092, 3.6273374109109255, -1.3171341311488085, 2.71447278460758, -1.078563604602774, -4.55392199227223, -4.4679754095931585, -2.006137495612478, -4.991692134545025, -3.928275450263328]"
random_objective,CMA-ES/IPOP sigma0=0.3*span ipop=x2,ok,,cmaes,10,153,1714253506,0.00011337259451371651,0.00011337259451371651,10000,10000,1.1025,"[-3.640381354409666, -3.8260534320296564, 0.5557149409405016, 2.250531967715963, 4.820870146379538, -4.959062119901079, -3.752537517634173, 0.6825540156520038, -0.7077306381121797, -2.9862708795924826]"
random_objective,CMA-ES/IPOP sigma0=0.3*span ipop=x2,ok,,cmaes,10,154,2886420235,0.00021636844985950532,0.00021636844985950532,10000,10000,1.1459,"[-3.1819192765834856, 4.069818135877522, -4.269788655609462, 1.6859980332828712, 3.6415111861558387, 4.277967842300987, -4.81074280738953, -0.853345054825569, -1.0965310890322826, -4.330426314658215]"
random_objective,CMA-ES/IPOP sigma0=0.3*span ipop=x2,ok,,cmaes,10,155,175765574,0.00018075604705691806,0.00018075604705691806,10000,10000,1.1092,"[-0.17700039989161098, 4.832089583917302, -1.2717848856524299, 3.5038270248074452, 2.275218079019105, 4.995378948625448, -1.7183518007813952, 4.302336842697134, 3.9871276928111836, -4.998839548341297]"
random_objective,CMA-ES/IPOP sigma0=0.3*span ipop=x2,ok,,cmaes,10,156,4057326834,3.861325756870926e-05,3.861325756870926e-05,10000,10000,1.2256,"[2.7658022137468814, 1.4589187409998772, -1.6822602913463527, 3.969686568790557, 1.896132240467237, -3.0146993290764463, -4.4319494578909655, -3.023764824684437, -2.0809273540492796, -2.399263180745166]"
random_objective,CMA-ES/IPOP sigma0=0.3*span ipop=x2,ok,,cmaes,10,157,872176902,1.432382866195514e-05,1.432382866195514e-05,10000,10000,1.1245,"[4.998830881500612, -3.00431738921203, 1.7366913814839222, 4.248480741097868, 3.881512092544547, -2.8610956846996665, 2.356430640520756, 4.640275909879104, -2.732153977168455, -1.61843581371897]"
random_objective,CMA-ES/IPOP sigma0=0.3*span ipop=x2,ok,,cmaes,10,158,2185469270,0.00018978256520274517,0.00018978256520274517,10000,10000,1.1286,"[-2.937048878754476, 4.438720645789278, -0.03875804631520552, 2.5710833032458993, 4.604212664674769, 0.10324389622653207, -1.8573135020188047, 0.09520972274951056, 0.9066115603973075, -2.659652594975345]"
random_objective,CMA-ES/IPOP sigma0=0.3*span ipop=x2,ok,,cmaes,10,159,2726920182,1.0397551332919086e-05,1.0397551332919086e-05,10000,10000,1.0864,"[-0.8997405205899689, -1.9883289154640948, 1.596455088616577, -3.6826201554202447, 1.5259824191696703, -2.4588787116357977, 1.401634788025266, 0.8908992382011335, 1.7639295542835978, 3.969879584054082]"
random_objective,CMA-ES/IPOP sigma0=0.3*span ipop=x2,ok,,cmaes,10,160,3305112058,0.00030034017233249166,0.00030034017233249166,10000,10000,1.1811,"[-4.196853723008374, 2.701027801720202, 2.5751841932342425, -3.3162351974661846, 2.012615403000338, 4.273965684051483, 2.1641351704055087, 4.618006322220762, -3.8770628664981075, 3.732395337149817]"
random_objective,CMA-ES/IPOP sigma0=0.3*span ipop=x2,ok,,cmaes,10,161,2550073613,0.00013609337797648724,0.00013609337797648724,10000,10000,1.1634,"[3.549515443889845, -0.6100593874284586, 2.429643431469078, 1.9549878857636713, 3.0514942533339315, 3.219523859998436, -0.9421343580092731, -2.445095996568064, 3.272233744945832, -0.46360354407182847]"
random_objective,CMA-ES/IPOP sigma0=0.3*span ipop=x2,ok,,cmaes,10,162,3227276053,4.1147590339907225e-05,4.1147590339907225e-05,10000,10000,1.1336,"[-2.3651716232212, -4.795898168281394, 3.6650228786240753, 0.04326338037990851, 0.855623070776911, -2.823034797013019, 0.3690609854638005, -2.757049291911134, 0.37159689792356865, 4.888589378226345]"
random_objective,CMA-ES/IPOP sigma0=0.3*span ipop=x2,ok,,cmaes,10,163,3084502765,1.5996168860277216e-05,1.5996168860277216e-05,10000,10000,1.1691,"[-2.9638746764586514, -3.8477848545788973, -2.256170914809502, 4.883823647016817, -0.45192228942795865, 4.83116891375338, 3.3930990415590827, 4.986407246243042, 2.081643515668855, 0.24455085265427146]"
random_objective,CMA-ES/IPOP sigma0=0.3*span ipop=x2,ok,,cmaes,10,164,1739662491,0.0006366399122723632,0.0006366399122723632,10000,10000,1.1788,"[-0.476263034658301, -3.6460987459532497, -1.4168025227637053, 1.145370942401188, -1.3891605465808996, -0.5425149482764717, -4.208778082866985, 3.792112465645559, 1.7634330719281817, 4.549550671440381]"
random_objective,CMA-ES/IPOP sigma0=0.3*span ipop=x2,ok,,cmaes,10,165,3497050147,4.228607592837719e-05,4.228607592837719e-05,10000,10000,1.251,"[1.4018746400228324, 4.303351094933753, -3.9117962752340922, -1.2474182823753424, -3.0655644161090976, -1.5726192430195134, 0.816244198045581, 0.43755354114217226, 3.521802365823504, 4.979961709296599]"
random_objective,CMA-ES/IPOP sigma0=0.3*span ipop=x2,ok,,cmaes,10,166,3599251230,2.6148234134493187e-05,2.6148234134493187e-05,10000,10000,1.0815,"[2.5306159806466546, -4.401489484930386, -4.167272132650744, -4.091040065078319, -1.808290534384295, -0.44467369566115544, -1.6216580182883649, 1.4676400101811637, 2.5229361178791834, 2.6696347782010137]"
random_objective,CMA-ES/IPOP sigma0=0.3*span ipop=x2,ok,,cmaes,10,167,3619553317,0.00031632670338521685,0.00031632670338521685,10000,10000,1.1522,"[2.4840161500772595, 0.7242425898779206, -0.2050535187354754, -3.3129125567329005, 3.5538027169999005, 2.5527649932376937, 2.1755780654334083, -4.036684589129157, 4.544073112934356, 0.5964221981222497]"
random_objective,CMA-ES/IPOP sigma0=0.3*span ipop=x2,ok,,cmaes,10,168,3806835499,1.539581696596848e-05,1.539581696596848e-05,10000,10000,1.1938,"[3.5152198575048352, 4.9961351724893905, -4.306849547882329, 4.1156885663833025, -0.6268727846286826, 3.853122385605154, -1.1474999481950512, 3.097419564568786, -4.999998483823068, 2.746241440805342]"
random_objective,CMA-ES/IPOP sigma0=0.3*span ipop=x2,ok,,cmaes,10,169,4121666489,1.4762316654648444e-05,1.4762316654648444e-05,10000,10000,1.1426,"[0.9131588816182301, -0.9710686270759519, 2.111485806945641, -4.781049352523561, -3.519544232239001, 2.2554953716803396, 2.9907667508927274, 4.638896307992563, -4.768113758849662, 1.3570006110529054]"
random_objective,CMA-ES/IPOP sigma0=0.3*span ipop=x2,ok,,cmaes,10,170,1535005498,4.456430158172875e-05,4.456430158172875e-05,10000,10000,1.127,"[1.056331327295878, 3.456407352281524, -0.46275455995169484, 4.832465859945996, -1.3629879484650864, 2.050328844550135, -4.371516757091722, 1.6323507707455218, -2.9827484193732676, 2.7490554995527603]"
random_objective,CMA-ES/IPOP sigma0=0.3*span ipop=x2,ok,,cmaes,10,171,3583203834,3.6343249936288125e-05,3.6343249936288125e-05,10000,10000,1.2436,"[-1.5822222425580226, -3.7963375324798925, 4.339614776443232, -1.4070394279103429, 0.6132554404761166, 0.6494284481713611, 0.4752312137608567, -0.9416379322323003, -4.644425590986868, -2.0504744686851772]"
random_objective,CMA-ES/IPOP sigma0=0.3*span ipop=x2,ok,,cmaes,10,172,2442352490,8.799630272227077e-07,8.799630272227077e-07,10000,10000,1.232,"[-4.396466248904556, -1.7988860984185777, 3.184214581017656, -1.039438217872442, 3.230801300940726, -3.937517366398234, 0.5910681899116419, -2.476851070413685, 4.537906989903359, -3.2240455897761997]"
random_objective,CMA-ES/IPOP sigma0=0.3*span ipop=x2,ok,,cmaes,10,173,468909359,2.1634454924424062e-05,2.1634454924424062e-05,10000,10000,1.2534,"[-0.5652086274522146, 3.995300730575202, 0.6962961749454202, -0.35628783358433425, 0.39287941259270304, 4.750766942396015, 4.676901192104028, -4.994987706623482, -4.648708877225535, 0.04297963343608302]"
random_objective,CMA-ES/IPOP sigma0=0.3*span ipop=x2,ok,,cmaes,10,174,2023665928,3.596507718894859e-05,3.596507718894859e-05,10000,10000,1.2647,"[4.85475739501185, 1.7769058060296403, -1.6835040726845865, 2.3725466651164604, -1.6621682841705816, -4.9736518251639, 4.056621463619296, 3.9797567852553764, -4.186547508758944, 1.8744438064592739]"
random_objective,CMA-ES/IPOP sigma0=0.3*span ipop=x2,ok,,cmaes,10,175,834883635,5.572821220711788e-06,5.572821220711788e-06,10000,10000,1.1955,"[1.7303005397959592, -3.1815763638941483, 0.1708073589187542, -4.913778110602927, 4.718048784634988, 3.564347375718423, -2.588465930398031, 4.192636756041801, 1.364947542810415, 2.8235038336125085]"
random_objective,CMA-ES/IPOP sigma0=0.3*span ipop=x2,ok,,cmaes,10,176,3902006188,6.499648129643099e-05,6.499648129643099e-05,10000,10000,1.1252,"[2.2606971193645276, -2.2882478356995586, -1.3109089654950346, 3.868334936272916, 4.7929304862142805, -2.318163866402486, 2.2868594248473766, 3.468436381574877, 2.1894357625610823, 1.1858684784644833]"
random_objective,CMA-ES/IPOP sigma0=0.3*span ipop=x2,ok,,cmaes,10,177,2763626874,6.097677352046027e-06,6.097677352046027e-06,10000,10000,1.1296,"[3.2457863887840457, 0.9928567682344323, -4.991080452361916, -2.3495627705399666, -4.8438417610545725, 0.3686081122982827, -2.7588274477441885, -4.641948245986535, -2.463480112455949, 3.0230315954755973]"
random_objective,CMA-ES/IPOP sigma0=0.3*span ipop=x2,ok,,cmaes,10,178,1288263350,0.00020277101606225312,0.00020277101606225312,10000,10000,1.2979,"[2.4739006840633433, -3.2173528096371355, -0.9603203423795943, 4.777179419712165, 4.371668196488031, 4.999485279143604, -3.444887430880648, 1.7319667391773734, -4.523768534464022, -4.995671257151786]"
random_objective,CMA-ES/IPOP sigma0=0.3*span ipop=x2,ok,,cmaes,10,179,3847660225,1.5990300814006098e-05,1.5990300814006098e-05,10000,10000,1.442,"[-4.277007341541728, 2.3418853552902754, -0.6318412985864026, 1.1059828483656062, 0.28508875196408956, -3.4127572656084735, -4.05639124928198, 4.948896589003547, -0.6229605207331215, -1.9257928222429275]"
random_objective,CMA-ES/IPOP sigma0=0.3*span ipop=x2,ok,,cmaes,10,180,3276536598,1.2644115873094997e-05,1.2644115873094997e-05,10000,10000,1.6101,"[3.6294602752811542, 2.16003317900731, -3.147130796723296, 4.645901262543035, -3.5863564361582148, 0.37086124149838184, -2.1409449153623172, -3.1490667998369712, 2.3159115420304346, 2.758305200246973]"
random_objective,CMA-ES/IPOP sigma0=0.3*span ipop=x2,ok,,cmaes,10,181,3806554912,4.232283463267983e-05,4.232283463267983e-05,10000,10000,1.7424,"[1.404937830817422, 2.2346940628635568, -4.421319088959535, 2.247029459916048, -0.8367643294922863, -3.5720695970116054, 0.7368219004313321, 4.904483310898723, -2.184527471251231, 0.26503512494418935]"
random_objective,CMA-ES/IPOP sigma0=0.3*span ipop=x2,ok,,cmaes,10,182,214293723,3.011473842196022e-05,3.011473842196022e-05,10000,10000,1.6423,"[-3.126239145545986, -3.045809286730133, 0.40371610565038196, -3.0831839246311072, 1.1045116357609892, 3.8759584114659624, -1.5026911482366714, -2.270952512095578, 4.395740145850798, -3.2528989185380084]"
random_objective,CMA-ES/IPOP sigma0=0.3*span ipop=x2,ok,,cmaes,10,183,3999303178,0.0001948266408560162,0.0001948266408560162,10000,10000,1.9342,"[-0.32964904919614035, 4.782733245956557, -0.04210590706498668, 3.9903673252011505, -4.651341445072211, -4.5456536265124265, -0.1606196285738709, 1.4093581338909065, -0.33512763153984604, -2.6182876487875304]"
random_objective,CMA-ES/IPOP sigma0=0.3*span ipop=x2,ok,,cmaes,10,184,825421598,0.00036469727886001557,0.00036469727886001557,10000,10000,1.5519,"[-4.286247633983397, 0.7780805591392674, 0.29274247962545275, -3.1019693260932915, -1.1485776471827585, 4.37833268609157, -0.2964409740679894, -2.9564205592983406, 1.7631397306755012, -3.6283676224417007]"
random_objective,CMA-ES/IPOP sigma0=0.3*span ipop=x2,ok,,cmaes,10,185,2694755599,0.0001745400869954672,0.0001745400869954672,10000,10000,1.7451,"[-0.02348576040241568, -4.278901934803514, 3.208476840779346, -2.9599512336675105, -0.36774741741958294, 0.9685646838180374, 0.7731193964883243, -3.5594038994946935, 2.0036412551477323, 0.031739100636738016]"
random_objective,CMA-ES/IPOP sigma0=0.3*span ipop=x2,ok,,cmaes,10,186,3361656484,0.00021265142018067618,0.00021265142018067618,10000,10000,1.8356,"[-2.1685293737890046, 4.236679828802865, -4.878210437157641, -0.6561501546817112, -0.5508861156431504, -2.149373606274704, -3.467922415796906, 1.9969744781489376, -2.7487033087138, -2.877671133421302]"
random_objective,CMA-ES/IPOP sigma0=0.3*span ipop=x2,ok,,cmaes,10,187,914918280,0.00012387327895069244,0.00012387327895069244,10000,10000,1.5662,"[0.07502654069897663, 4.349427352701057, -0.8548653731046763, 1.4920625874118976, -1.4849175446970317, 1.0045304415968914, 0.04769889093420687, 0.9568772890125352, 1.8430885618568382, 3.242009583276541]"
random_objective,CMA-ES/IPOP sigma0=0.3*span ipop=x2,ok,,cmaes,10,188,3543192813,1.1069148996734057e-05,1.1069148996734057e-05,10000,10000,1.4818,"[-2.5275239748058542, 0.8575011156099346, -3.9345385440713887, -1.8545437098145479, 0.7634813647884737, 3.398128938490226, -0.0297654653231626, -1.4440100455400622, 0.3153169326303609, -4.3320304262458915]"
random_objective,CMA-ES/IPOP sigma0=0.3*span ipop=x2,ok,,cmaes,10,189,4285298230,5.945861913436712e-05,5.945861913436712e-05,10000,10000,1.6189,"[-4.475446273262932, -3.4805272505737137, 4.422347443547099, -0.3319718001450442, 3.816302758731699, 0.5884932159650199, 3.355903801076706, -1.4733427611955108, 3.735809447512434, -2.808708324326851]"
random_objective,CMA-ES/IPOP sigma0=0.3*span ipop=x2,ok,,cmaes,10,190,1320922746,4.9032160869932895e-05,4.9032160869932895e-05,10000,10000,1.6084,"[0.7369541310950236, -3.2518299639203843, 0.04061172646671096, -4.478754290657735, -0.3281910488075628, 2.7021171517150453, -1.8890104560648995, -1.499472876989644, 2.7365663924375916, 4.31347183868327]"
random_objective,CMA-ES/IPOP sigma0=0.3*span ipop=x2,ok,,cmaes,10,191,1619052479,3.7696503595308073e-06,3.7696503595308073e-06,10000,10000,1.61,"[-2.7704932337242703, 1.4393398533988986, 2.3563348119448513, 0.15280983211021848, 1.1478119779404672, -3.4845977773518406, -1.0373058496849272, 4.642613444671355, -4.146296059729675, -4.729236787677472]"
random_objective,CMA-ES/IPOP sigma0=0.3*span ipop=x2,ok,,cmaes,10,192,1972633595,0.00010729268164633154,0.00010729268164633154,10000,10000,1.5757,"[0.2600492695134431, -3.1047421124323415, 3.2041940139842238, 4.221406741408831, 2.250069551879717, -3.8013526821266015, -0.4071024037716977, -4.45552640789696, -4.986963617038153, 3.320010464033769]"
random_objective,CMA-ES/IPOP sigma0=0.3*span ipop=x2,ok,,cmaes,10,193,425098481,1.2804938221755435e-05,1.2804938221755435e-05,10000,10000,1.5339,"[1.2864038601802754, -0.8768268016549425, 2.1881203838307286, -3.555257271573808, -2.0583772097716992, -2.596979534183701, -4.439324648130864, -2.8083330009417873, 2.306436969021135, -4.997146307427639]"
random_objective,CMA-ES/IPOP sigma0=0.3*span ipop=x2,ok,,cmaes,10,194,3761869120,2.414032500608343e-05,2.414032500608343e-05,10000,10000,1.4473,"[3.778946067711182, 2.840042069267888, 2.6698467621014306, -1.0958397013487442, -2.107396416314131, 1.1826422051422192, 3.252992908408957, 3.462170565914569, 1.162610540568357, -3.0059859050409363]"
random_objective,CMA-ES/IPOP sigma0=0.3*span ipop=x2,ok,,cmaes,10,195,1647890854,2.3913578258816237e-05,2.3913578258816237e-05,10000,10000,1.397,"[-3.513970128274938, 2.6165812083857785, 1.7301504927568594, -4.804793143502508, -4.07526595774771, -2.2304348974379007, 3.4421469090433776, -2.614136561987525, 1.1210130803561391, -4.729174032350854]"
random_objective,CMA-ES/IPOP sigma0=0.3*span ipop=x2,ok,,cmaes,10,196,1869274025,6.221179700560686e-05,6.221179700560686e-05,10000,10000,1.4483,"[-2.729114987474439, 2.2846796724829286, -0.6253024495682595, -1.3800689584411927, 1.5014169978656984, -4.243520578209663, 3.19900438045973, -2.166567432034414, -2.364945545362115, -1.3015346494515214]"
random_objective,CMA-ES/IPOP sigma0=0.3*span ipop=x2,ok,,cmaes,10,197,821443891,2.8325958057462408e-05,2.8325958057462408e-05,10000,10000,1.2316,"[4.940448203330049, -1.5261157971711297, 1.0827951661914046, 1.5214867094607136, 1.457295373125754, -1.2723676509643673, -2.4974062811274234, 3.614652273716405, -0.825688947192119, 2.007125925330672]"
random_objective,CMA-ES/IPOP sigma0=0.3*span ipop=x2,ok,,cmaes,10,198,3982116942,0.00013048915493640845,0.00013048915493640845,10000,10000,1.2208,"[4.517056518241104, 4.974932354561145, 3.9506762152993975, -3.740433100038368, -4.981229264627102, 3.479310289032938, 3.9688591071848087, -0.3554161497209485, -3.922004079902681, -4.975758457010751]"
random_objective,CMA-ES/IPOP sigma0=0.3*span ipop=x2,ok,,cmaes,10,199,2457059304,5.8648742496170136e-05,5.8648742496170136e-05,10000,10000,1.2131,"[3.7056481000477266, 1.001196860980982, -3.4261219197712, 1.6608148009788604, -4.68515909522888, 0.5327427730026066, 3.2388218863627714, 4.273142018237051, -2.3977397069792428, -0.8951861733853548]"
random_objective,DE/rand/1/bin F=0.5 CR=0.9 NP=50,ok,,de,10,0,2946430544,1.54384349609904e-05,1.54384349609904e-05,10000,10000,0.4377,"[5.0, -3.032326392352087, -5.0, -4.116183674766755, -5.0, -0.8662723522053519, -5.0, 5.0, 5.0, -5.0]"
random_objective,DE/rand/1/bin F=0.5 CR=0.9 NP=50,ok,,de,10,1,2683581335,0.00015565180005572277,0.00015565180005572277,10000,10000,0.4894,"[0.7697332216543964, -1.0267925041267545, -3.7438276448618244, -1.028421510140578, -0.8778722492373436, 0.0, -1.4497863212840183, 5.0, -2.583414854994044, -0.6773313826412233]"
random_objective,DE/rand/1/bin F=0.5 CR=0.9 NP=50,ok,,de,10,2,2537873331,2.9991154024355815e-05,2.9991154024355815e-05,10000,10000,0.4524,"[-1.218251033013754, -1.2952789093310106, 5.0, 2.627668026373714, -4.381313029886086, -4.485718742804982, -1.714773085237869, -4.115839128446418, 4.9097755248215735, -1.2200221166423304]"
random_objective,DE/rand/1/bin F=0.5 CR=0.9 NP=50,ok,,de,10,3,3843270561,0.0001237818990983408,0.0001237818990983408,10000,10000,0.4845,"[-1.682008428220333, -1.9315453161216363, -4.389852809890774, -2.8822033318203, 0.579815049186194, -1.7722511093785451, 3.68952110260495, 1.4525687844669692, -5.0, 5.0]"
random_objective,DE/rand/1/bin F=0.5 CR=0.9 NP=50,ok,,de,10,4,713438104,3.2284284563810495e-05,3.2284284563810495e-05,10000,10000,0.4618,"[3.0224245038131814, -0.10508078236286078, -0.5950991821132074, -5.0, 5.0, -0.8298969395739597, -3.8091160230837753, 0.3749674225241102, -2.3238355092299248, -3.7980332904801197]"
random_objective,DE/rand/1/bin F=0.5 CR=0.9 NP=50,ok,,de,10,5,1236210439,0.00018901510448665615,0.00018901510448665615,10000,10000,0.4798,"[2.2316410878412367, 5.0, -0.25128700170126583, 3.3775004089760063, 0.1555797961451839, 1.8900140234978255, 1.5472960831306808, 3.6549735134204293, -4.796133630219273, -0.23832068206911028]"
random_objective,DE/rand/1/bin F=0.5 CR=0.9 NP=50,ok,,de,10,6,650287857,5.393100981310184e-05,5.393100981310184e-05,10000,10000,0.4652,"[1.3291960833288785, -0.15078572411651425, -1.9951822522109905, -5.0, -2.4938780280454043, -5.0, -3.3373584918347023, 3.658800422158626, 5.0, 0.14966449854402253]"
random_objective,DE/rand/1/bin F=0.5 CR=0.9 NP=50,ok,,de,10,7,4056387062,0.000525876316265439,0.000525876316265439,10000,10000,0.6261,"[0.48956144543589586, -3.7510460572344626, -5.0, -2.8936346394364225, -3.1281154672341986, -4.610988600232933, 5.0, -0.43317289444180807, 3.2783715877858244, -0.5040123511830266]"
random_objective,DE/rand/1/bin F=0.5 CR=0.9 NP=50,ok,,de,10,8,3064647915,4.029037600694618e-05,4.029037600694618e-05,10000,10000,0.4833,"[3.252265767119674, -0.1287257950090419, 0.7267223141049364, -5.0, 4.540537939966904, 5.0, 4.486607924685996, -3.863714470473559, 1.1046329882681534, 5.0]"
random_objective,DE/rand/1/bin F=0.5 CR=0.9 NP=50,ok,,de,10,9,3631187522,1.5313024090968241e-06,1.5313024090968241e-06,10000,10000,0.4706,"[-4.588555196124199, -5.0, -0.15150878477264018, 0.8457764050596406, -0.3188767433426447, -1.877000945164954, 0.7766378181958834, -0.7759521344338394, 5.0, 3.8204603675055426]"
random_objective,DE/rand/1/bin F=0.5 CR=0.9 NP=50,ok,,de,10,10,3246905495,0.00017297476139122026,0.00017297476139122026,10000,10000,0.4695,"[3.172466091836676, -5.0, 2.999577173656202, -5.0, 1.6944069619480358, 1.677713580983459, 5.0, -4.038409066174584, 5.0, -1.6596783798523354]"
random_objective,DE/rand/1/bin F=0.5 CR=0.9 NP=50,ok,,de,10,11,1798522772,6.95693976775491e-05,6.95693976775491e-05,10000,10000,0.4672,"[5.0, -3.628357727760234, 1.6662895739595935, -5.0, -4.702927711604689, 2.5081827413534787, 2.9042067766037674, -5.0, -0.4266286595370492, -0.981363676545413]"
random_objective,DE/rand/1/bin F=0.5 CR=0.9 NP=50,ok,,de,10,12,3495636073,7.777102556949522e-06,7.777102556949522e-06,10000,10000,0.4919,"[3.6390817046460096, -5.0, 3.24766907262123, -2.704947874772016, -5.0, -0.48718481524497737, 3.255893709867877, 1.415702198909658, -2.4795871118947117, -1.3188308694091622]"
random_objective,DE/rand/1/bin F=0.5 CR=0.9 NP=50,ok,,de,10,13,516687698,0.00016065983212876223,0.00016065983212876223,10000,10000,0.463,"[3.889304674716818, -0.9095608538537601, 5.0, 0.0726668756545964, -5.0, -2.7224706932641154, -4.374852867233989, -4.163440290458768, -4.101328171809094, 3.2593108254392296]"
random_objective,DE/rand/1/bin F=0.5 CR=0.9 NP=50,ok,,de,10,14,3618531725,0.0001172291453734875,0.0001172291453734875,10000,10000,0.4999,"[0.6601837544471723, 5.0, -0.23523190742618993, -5.0, 0.4955669456294507, 5.0, 4.8189236021835935, -4.947840603931413, 2.9574234699131625, -5.0]"
random_objective,DE/rand/1/bin F=0.5 CR=0.9 NP=50,ok,,de,10,15,2896630146,2.8455966266438537e-05,2.8455966266438537e-05,10000,10000,0.5011,"[4.502709694958983, 5.0, -2.191018544135125, -0.9453626559047086, 3.324088643771348, -5.0, -2.213216907190942, -2.4945918213571368, 5.0, -0.5921063470400016]"
random_objective,DE/rand/1/bin F=0.5 CR=0.9 NP=50,ok,,de,10,16,2564542570,2.898746483814829e-05,2.898746483814829e-05,10000,10000,0.5106,"[-2.2771090136493224, -0.05339246613094861, -3.2209583816300253, -5.0, -0.2676764023905607, -2.7623538150762537, 1.1384631090341557, 3.3822823759893548, 2.468208164486402, -1.4431997586209913]"
random_objective,DE/rand/1/bin F=0.5 CR=0.9 NP=50,ok,,de,10,17,1783840705,4.3473676550886964e-05,4.3473676550886964e-05,10000,10000,0.4646,"[-1.9527952023858495, -0.7713897583677638, 1.996091403164893, -0.04630131673496196, 3.4409483939971066, 1.8462012469031817, 2.5167114915746622, -0.49099388106185493, -5.0, -2.853812043946239]"
random_objective,DE/rand/1/bin F=0.5 CR=0.9 NP=50,ok,,de,10,18,851268846,3.609525129177893e-05,3.609525129177893e-05,10000,10000,0.4821,"[-5.0, -3.424741194484218, -0.4644902950715539, 5.0, 2.547877202417265, 4.746118419690241, 3.617256368210862, 5.0, -1.9430025438658882, -5.0]"
random_objective,DE/rand/1/bin F=0.5 CR=0.9 NP=50,ok,,de,10,19,1405406219,0.00014601952189907674,0.00014601952189907674,10000,10000,0.4845,"[-4.972832922993841, 5.0, -3.1168567415182817, -5.0, 1.8828395805807316, 4.8723639565203145, -5.0, -5.0, 4.211246398419723, 5.0]"
random_objective,DE/rand/1/bin F=0.5 CR=0.9 NP=50,ok,,de,10,20,184997679,1.8358828985043374e-05,1.8358828985043374e-05,10000,10000,0.4794,"[-0.6756921420942261, -2.730576758813822, -1.4063360531356337, -0.23840672199300927, 3.7387083595528976, -0.7306120300648922, 1.759206919415264, -3.2397556646584595, -5.0, 4.9424233225291285]"
random_objective,DE/rand/1/bin F=0.5 CR=0.9 NP=50,ok,,de,10,21,3635594356,0.00016898745007221105,0.00016898745007221105,10000,10000,0.6001,"[5.0, 0.041612864319213294, 1.2356578338533226, -3.626401504425426, 1.6849590582576233, -0.9285875582113272, -5.0, 1.1124862065696606, -2.847713608979359, -4.194919994359335]"
random_objective,DE/rand/1/bin F=0.5 CR=0.9 NP=50,ok,,de,10,22,3238554948,4.661575614373081e-05,4.661575614373081e-05,10000,10000,0.4725,"[-0.2283152053647508, -4.980087508025133, 1.6714483914989209, 5.0, 5.0, 5.0, 3.675020757427634, 5.0, -2.331997776525381, 0.2561799386905004]"
random_objective,DE/rand/1/bin F=0.5 CR=0.9 NP=50,ok,,de,10,23,2770506762,0.00012609995217094383,0.00012609995217094383,10000,10000,0.557,"[-4.7538228170022165, 5.0, -0.2437051265936283, -0.08276295958799063, -1.027497259848666, -0.14253062671828065, -2.464932528117866, 3.310274400801539, -4.502663760806072, -1.68989143215755]"
random_objective,DE/rand/1/bin F=0.5 CR=0.9 NP=50,ok,,de,10,24,550891366,1.4034165988219272e-05,1.4034165988219272e-05,10000,10000,0.4467,"[-3.0806098577435597, 4.004812699865908, 0.2010124241420097, -2.186809800052136, 1.1121593836382861, 0.5164541916737753, -5.0, -3.574144505144594, -2.404393613892436, 0.5465591352654657]"
random_objective,DE/rand/1/bin F=0.5 CR=0.9 NP=50,ok,,de,10,25,3935343148,4.314481640144141e-05,4.314481640144141e-05,10000,10000,0.4373,"[-3.812575082791777, -2.438791635469128, 0.903384763708304, -0.7047339316303445, -1.356518866026236, -3.199222064471014, -3.3899472182866894, -4.849172705991569, 2.431793496872222, 5.0]"
random_objective,DE/rand/1/bin F=0.5 CR=0.9 NP=50,ok,,de,10,26,3408444789,2.042925541734242e-06,2.042925541734242e-06,10000,10000,0.4693,"[3.1296898217043916, -0.008403140332282177, 5.0, 1.8641212732341232, 3.5662483644246823, -2.166074487554777, 2.3700514904914938, -0.16629314011783114, -2.777474088052405, 0.7033902239121854]"
random_objective,DE/rand/1/bin F=0.5 CR=0.9 NP=50,ok,,de,10,27,2935154867,0.00012847421946993176,0.00012847421946993176,10000,10000,0.4675,"[1.6281117760606558, -1.7716716342703291, 4.128450779316912, 4.45965011345894, -2.2251339449263083, 0.8298814178846312, -0.910318844036051, 1.237419767479973, -5.0, 2.0613954643853623]"
random_objective,DE/rand/1/bin F=0.5 CR=0.9 NP=50,ok,,de,10,28,425642624,9.10032291256968e-06,9.10032291256968e-06,10000,10000,0.4965,"[5.0, 5.0, 2.483430814641358, 1.5582793904618684, 4.123740144762746, 1.4973934055975506, 5.0, 5.0, -2.63094590917725, 1.4515167238210178]"
random_objective,DE/rand/1/bin F=0.5 CR=0.9 NP=50,ok,,de,10,29,3796969130,9.957402054827647e-05,9.957402054827647e-05,10000,10000,0.4979,"[-0.6077802982901179, 2.7700556458108974, -5.0, -5.0, -4.852493399486012, -0.6140849176713385, 2.920221574845011, -3.6443862424282285, 1.3973806059885918, -3.9043492187565603]"
random_objective,DE/rand/1/bin F=0.5 CR=0.9 NP=50,ok,,de,10,30,3836815565,0.0002333900469707606,0.0002333900469707606,10000,10000,0.4588,"[-1.9651414421746987, 5.0, 1.3084861663200802, -1.2474786609711783, -2.7496093918576077, 3.463871237089066, 5.0, -1.556029035781218, 3.620192177069479, 1.8718728743567818]"
random_objective,DE/rand/1/bin F=0.5 CR=0.9 NP=50,ok,,de,10,31,3932715426,8.567943368809061e-05,8.567943368809061e-05,10000,10000,0.4737,"[-3.535880325658747, -0.5041584332404581, 1.0397149690890894, 0.3531085013374342, 1.8878261072199403, 3.2092559693508678, 4.991747715568982, -2.9462257422611695, -3.5930377378334195, 5.0]"
random_objective,DE/rand/1/bin F=0.5 CR=0.9 NP=50,ok,,de,10,32,1601731325,1.7012339158295475e-05,1.7012339158295475e-05,10000,10000,0.477,"[-0.64660250886806, -2.450227034545629, 1.5444063939667039, -5.0, -0.940591034073806, -1.4008148445322215, 5.0, 3.7244093181678775, 0.10750454986151692, -0.49857120720137704]"
random_objective,DE/rand/1/bin F=0.5 CR=0.9 NP=50,ok,,de,10,33,3384701283,2.4514017133991928e-06,2.4514017133991928e-06,10000,10000,0.5256,"[-0.722040204314891, 3.6748436265879736, 1.1505052400497884, 5.0, 0.20606292453297437, -2.696159798731306, 5.0, -1.4696181783253932, 5.0, -3.519909911576811]"
random_objective,DE/rand/1/bin F=0.5 CR=0.9 NP=50,ok,,de,10,34,2534698738,3.307060189561284e-05,3.307060189561284e-05,10000,10000,0.4989,"[5.0, 1.6847474375057976, 3.7973976055806764, -0.7415824653674145, -0.4073881738739298, -0.9624783376790595, 3.2964041258214696, 1.5018625211308065, -2.2376648556769516, 5.0]"
random_objective,DE/rand/1/bin F=0.5 CR=0.9 NP=50,ok,,de,10,35,619781873,8.320565677111258e-05,8.320565677111258e-05,10000,10000,0.4758,"[-0.417335979003877, -2.0838262806188657, 2.956601689271279, -1.7070679538388163, 0.804462545985821, -1.8953070472807059, 0.7314863043751574, 0.4451944026658117, 3.2843682363198488, 5.0]"
random_objective,DE/rand/1/bin F=0.5 CR=0.9 NP=50,ok,,de,10,36,3789316812,4.3598273455014436e-05,4.3598273455014436e-05,10000,10000,0.4787,"[-0.4855496493644993, 2.4958058795157485, 3.876349136908598, 0.628018512720657, 1.4217988094528249, -5.0, -2.925131821844785, -3.6722205160234855, 2.1353606729331807, -4.111857381230769]"
random_objective,DE/rand/1/bin F=0.5 CR=0.9 NP=50,ok,,de,10,37,1985361614,0.00013503815398696606,0.00013503815398696606,10000,10000,0.4676,"[4.692953289244035, -2.143511619256972, -0.6374830769780746, -0.8239655173094387, 5.0, -1.6217907348826328, 4.809838315515873, 5.0, -5.0, 3.4507918309506516]"
random_objective,DE/rand/1/bin F=0.5 CR=0.9 NP=50,ok,,de,10,38,3461499692,0.00014842703065465201,0.00014842703065465201,10000,10000,0.4865,"[0.28035883820900676, -2.5609741575101825, -1.883210602804628, -4.092748497233018, 2.223422213462756, 5.0, -5.0, -0.45994004860309, 3.286261259511687, 0.5962934468383256]"
random_objective,DE/rand/1/bin F=0.5 CR=0.9 NP=50,ok,,de,10,39,3503464499,1.1396922673823084e-05,1.1396922673823084e-05,10000,10000,0.4872,"[-1.0057876020806555, -5.0, -2.4597789257452716, 1.81701892323712, -3.642917017059884, 2.7852036394598034, 2.9664412904246165, 1.222043593707689, -0.35039969731238774, 5.0]"
random_objective,DE/rand/1/bin F=0.5 CR=0.9 NP=50,ok,,de,10,40,2459305832,1.2234701866620235e-05,1.2234701866620235e-05,10000,10000,0.4826,"[-1.847361093448618, -5.0, -2.9637861090283746, 3.955327028600917, -1.9799629128183396, -4.401455705020439, -1.205207626876574, -2.7994729876536804, -1.7587190296000341, -2.094415780717264]"
random_objective,DE/rand/1/bin F=0.5 CR=0.9 NP=50,ok,,de,10,41,1907795119,3.941935495666016e-05,3.941935495666016e-05,10000,10000,0.4726,"[1.2762224063088448, 4.031905463927051, 0.31432571798412656, -4.086886471356509, 5.0, -2.0661322277624876, -5.0, 3.181358700776837, 4.025457783094398, 4.922368618888003]"
random_objective,DE/rand/1/bin F=0.5 CR=0.9 NP=50,ok,,de,10,42,2142854184,1.795212645383515e-05,1.795212645383515e-05,10000,10000,0.4751,"[5.0, -2.7638306210010706, -5.0, -5.0, -0.8367129814047183, 1.3892587666641005, 2.165200844564218, -3.4282381999654548, 3.000890693429437, 5.0]"
random_objective,DE/rand/1/bin F=0.5 CR=0.9 NP=50,ok,,de,10,43,414835980,1.0929571642281921e-05,1.0929571642281921e-05,10000,10000,0.5352,"[4.667893662020853, -5.0, 1.4898776059426422, 3.8685017839694824, -5.0, 5.0, 0.858428828885053, -1.4004897807809256, -5.0, 1.1675588367290484]"
random_objective,DE/rand/1/bin F=0.5 CR=0.9 NP=50,ok,,de,10,44,1846774218,4.385380053240073e-05,4.385380053240073e-05,10000,10000,0.4949,"[-1.0181783061596197, -1.9478614038596793, 0.3878543238229015, -1.3144988861594173, 1.3153136968636017, -2.6803317888392337, 0.5971015111122691, 3.536218403830127, 3.999190250061573, -1.0037885354750555]"
random_objective,DE/rand/1/bin F=0.5 CR=0.9 NP=50,ok,,de,10,45,3737399088,2.5048400553950856e-05,2.5048400553950856e-05,10000,10000,0.4992,"[2.6971076906471243, -3.01409323009751, -5.0, -5.0, -2.463585978197595, 1.217922025940032, -2.1133733212219665, -4.4360547534154104, -1.3446264189946677, 0.168986055876303]"
random_objective,DE/rand/1/bin F=0.5 CR=0.9 NP=50,ok,,de,10,46,1917876851,0.00015433365424188938,0.00015433365424188938,10000,10000,0.4976,"[0.9157016973102432, -3.2959920758232237, 2.5, -2.0151312058967643, -1.0155633455697262, 5.0, -4.472866300960736, -5.0, -5.0, 5.0]"
random_objective,DE/rand/1/bin F=0.5 CR=0.9 NP=50,ok,,de,10,47,3558169776,1.6940324315095623e-05,1.6940324315095623e-05,10000,10000,0.465,"[-3.0611012619990134, 1.5316065838186343, -0.2589534303117019, 4.762440749148386, -3.837388314057215, 5.0, 1.211808566178688, -0.17758667283897833, 2.3254571332337095, 1.7341344328837653]"
random_objective,DE/rand/1/bin F=0.5 CR=0.9 NP=50,ok,,de,10,48,1956322197,0.0001652278136498042,0.0001652278136498042,10000,10000,0.4883,"[1.401277881721192, -5.0, 0.33940098755486847, -5.0, -4.28867543413558, 5.0, -0.3298170428032843, -5.0, 1.7018688056009892, -2.8495475049085]"
random_objective,DE/rand/1/bin F=0.5 CR=0.9 NP=50,ok,,de,10,49,4165585350,7.046686231249044e-05,7.046686231249044e-05,10000,10000,0.5234,"[-3.317424156266708, 2.5950124217759862, -5.0, -0.9836879181264045, 1.612279671642853, 5.0, 2.8483462033454208, -2.0794471668775705, -5.0, -5.0]"
random_objective,DE/rand/1/bin F=0.5 CR=0.9 NP=50,ok,,de,10,50,844425969,9.860591167920596e-05,9.860591167920596e-05,10000,10000,0.4783,"[1.1958465274327348, -2.795135699338177, 3.240048095778943, -1.6238298148106995, -1.0067239950002531, -3.7843414048063, 2.5885988897382424, -2.5427948411857777, -3.1739561448051545, 0.7522347676566832]"
random_objective,DE/rand/1/bin F=0.5 CR=0.9 NP=50,ok,,de,10,51,808571047,0.0001911510479413181,0.0001911510479413181,10000,10000,0.5012,"[1.9242665625944735, -0.3782780165631685, -5.0, -1.5354335348968333, 1.1561469474968988, -4.550632421966585, 0.12359623159305144, -4.445052733997873, -5.0, 4.302509101851009]"
random_objective,DE/rand/1/bin F=0.5 CR=0.9 NP=50,ok,,de,10,52,1249211776,0.00011406138412217715,0.00011406138412217715,10000,10000,0.47,"[-3.504144254371432, 4.738396366507485, -1.1441957322683423, -3.8832402365862406, -2.5712718380604374, 5.0, 1.4089090063280512, 3.782050471916285, 5.0, -1.7672377668104586]"
random_objective,DE/rand/1/bin F=0.5 CR=0.9 NP=50,ok,,de,10,53,4162974531,4.662554606982283e-05,4.662554606982283e-05,10000,10000,0.5199,"[-1.3155170679557264, 3.2649119200224535, -3.2349031008970615, 1.9228666428218006, 1.4160026006459434, -0.16386760388166666, -2.287181454773615, -3.013825903502539, -5.0, -3.083663482164936]"
random_objective,DE/rand/1/bin F=0.5 CR=0.9 NP=50,ok,,de,10,54,1666338737,1.3475294750153743e-05,1.3475294750153743e-05,10000,10000,0.4805,"[-3.560570124551132, -0.8401302403054195, 5.0, 1.4392590626707331, -5.0, -4.113306628595057, 4.32538867026736, 5.0, 2.0336451484282208, -2.141886479113618]"
random_objective,DE/rand/1/bin F=0.5 CR=0.9 NP=50,ok,,de,10,55,3119320835,0.0003205800761461042,0.0003205800761461042,10000,10000,0.473,"[-5.0, 3.565772659254428, -1.5593885960611114, -4.092746091078408, -5.0, -1.6370348212765466, 5.0, -2.8271874259678773, -1.1854225196150723, -0.19218913235995982]"
random_objective,DE/rand/1/bin F=0.5 CR=0.9 NP=50,ok,,de,10,56,2407722482,6.702419492743417e-07,6.702419492743417e-07,10000,10000,0.5082,"[-1.4177125950422038, -4.641070460624296, -3.470437306600019, -0.5604060067250911, -2.040355462784297, -4.6969599182845645, -5.0, -3.3328246184257893, -0.7844297778257179, 1.3115805321588574]"
random_objective,DE/rand/1/bin F=0.5 CR=0.9 NP=50,ok,,de,10,57,1468250541,0.0002569145518503957,0.0002569145518503957,10000,10000,0.511,"[-3.8691228728653586, 4.0885676138096265, 0.6623485519149563, 2.1753727779710177, -3.5172700123713643, 3.4832886404332504, 0.4039795265327093, -3.222354029223656, 0.81380021244345, -5.0]"
random_objective,DE/rand/1/bin F=0.5 CR=0.9 NP=50,ok,,de,10,58,1170130922,6.104161467379576e-05,6.104161467379576e-05,10000,10000,0.488,"[0.5574081390349288, 1.3754988401861237, -5.0, 5.0, 2.736545794385998, 1.7368449703028483, 0.658100970727137, 2.686533839526482, 0.5993458354443932, -1.9939320908632823]"
random_objective,DE/rand/1/bin F=0.5 CR=0.9 NP=50,ok,,de,10,59,2179900232,3.957611940497152e-06,3.957611940497152e-06,10000,10000,0.5051,"[1.0814064033179795, -3.030129702721162, -0.44335128302811344, 0.8000623345797995, -0.8352915392892662, 1.1318618048446931, 0.48589220282580003, 4.262509186849318, -1.7093073616021752, 5.0]"
random_objective,DE/rand/1/bin F=0.5 CR=0.9 NP=50,ok,,de,10,60,2358102217,4.900714707301024e-05,4.900714707301024e-05,10000,10000,0.5122,"[0.0253415983213805, 4.901869057846028, 3.8947956595290094, 0.14814432541265932, 2.8351664174864513, 0.6147716740126743, 1.726206442136216, 0.8859282591637649, 4.911745803774719, -1.8056752140119388]"
random_objective,DE/rand/1/bin F=0.5 CR=0.9 NP=50,ok,,de,10,61,2489574971,4.236388178480155e-06,4.236388178480155e-06,10000,10000,0.5199,"[-4.503057166164036, -1.4494287688674277, 4.0788671657355255, 5.0, -2.5460225439660897, 1.2357151729111595, -0.4842574622941078, 0.789840475600122, 5.0, 4.3348961961056744]"
random_objective,DE/rand/1/bin F=0.5 CR=0.9 NP=50,ok,,de,10,62,1102673894,0.0002272588550752408,0.0002272588550752408,10000,10000,0.4926,"[-1.3393792912471996, 5.0, -4.69757175388485, -5.0, 1.9617959663564504, -3.0783832008608965, -3.4386967007634754, 1.6559435455966849, 4.534142365067779, 5.0]"
random_objective,DE/rand/1/bin F=0.5 CR=0.9 NP=50,ok,,de,10,63,1520978766,4.464008694049504e-05,4.464008694049504e-05,10000,10000,0.4922,"[-3.6742148247588498, -0.3385383657063661, 5.0, 4.330433993195791, 5.0, 5.0, 2.3601689420213123, -3.8186583879417366, -4.836699032550002, 1.091533832905242]"
random_objective,DE/rand/1/bin F=0.5 CR=0.9 NP=50,ok,,de,10,64,634220571,1.9743771776381536e-05,1.9743771776381536e-05,10000,10000,0.4897,"[-0.618196873556657, -0.7687544457553588, 3.265923976879026, 0.8410018715934395, 4.895312888156128, 2.7954947730116215, 1.3211600430200852, -1.9114553104183258, -5.0, -4.162412162094403]"
random_objective,DE/rand/1/bin F=0.5 CR=0.9 NP=50,ok,,de,10,65,227513346,6.035917180347017e-05,6.035917180347017e-05,10000,10000,0.4738,"[1.4401186902601137, 5.0, 4.474144868031276, -3.5060032868222333, 0.6300101404778766, 2.2895068254332878, 5.0, -3.0191266884330767, -3.8510614901269733, -1.4679494778382909]"
random_objective,DE/rand/1/bin F=0.5 CR=0.9 NP=50,ok,,de,10,66,3309899819,4.865049574220848e-05,4.865049574220848e-05,10000,10000,0.5113,"[2.618695252421473, -0.44328643416267366, 1.1038438351952644, 2.5838374811633598, 5.0, 2.5178109443271635, -5.0, -1.4118862374022356, 0.3579030759635662, 1.5485116366015346]"
random_objective,DE/rand/1/bin F=0.5 CR=0.9 NP=50,ok,,de,10,67,2795533133,0.0002787955199330394,0.0002787955199330394,10000,10000,0.5049,"[5.0, -2.0863891207539433, -5.0, -3.871558279375259, 5.0, 4.647541999110544, -5.0, 2.130386669627577, -0.6028942501945451, 1.5227119063744359]"
random_objective,DE/rand/1/bin F=0.5 CR=0.9 NP=50,ok,,de,10,68,37030554,9.557985426933424e-05,9.557985426933424e-05,10000,10000,0.4699,"[1.9854588159355058, -5.0, 5.0, 1.4037780567728944, 5.0, -2.338445580651481, 5.0, 1.8117139334619439, -1.4711637141806904, -5.0]"
random_objective,DE/rand/1/bin F=0.5 CR=0.9 NP=50,ok,,de,10,69,1094319735,0.00020200657810454103,0.00020200657810454103,10000,10000,0.4911,"[0.19704535413306667, 5.0, -2.846074422624945, 4.307256578275528, 3.0056524130087654, 0.766849918597833, -5.0, 5.0, -5.0, -2.486147861799244]"
random_objective,DE/rand/1/bin F=0.5 CR=0.9 NP=50,ok,,de,10,70,3328277618,5.957380817267488e-05,5.957380817267488e-05,10000,10000,0.4966,"[-0.5551016279064562, -3.7314241898436062, 2.689258767635196, -0.2695591289971926, -5.0, -1.5279370220626323, -0.9141212305114834, -5.0, -5.0, -4.7503859170844756]"
random_objective,DE/rand/1/bin F=0.5 CR=0.9 NP=50,ok,,de,10,71,3588970506,2.479341055028339e-05,2.479341055028339e-05,10000,10000,0.4573,"[1.0056627187644929, -5.0, 5.0, 3.3662310896652583, 2.1757444857715234, -1.6910190520360642, 2.514494640548209, 0.7880141131012626, -3.564807472228737, 5.0]"
random_objective,DE/rand/1/bin F=0.5 CR=0.9 NP=50,ok,,de,10,72,515289791,3.0117010419106194e-05,3.0117010419106194e-05,10000,10000,0.4376,"[2.252555445693925, -5.0, -5.0, -2.131548952311625, -5.0, 2.996362416716387, 2.3850969816748364, -5.0, -2.0017743844944897, -5.0]"
random_objective,DE/rand/1/bin F=0.5 CR=0.9 NP=50,ok,,de,10,73,615389164,4.457364146748244e-05,4.457364146748244e-05,10000,10000,0.5133,"[0.7233876654740019, 5.0, -3.0818326513189467, 4.3207090877320296, 2.330792798850338, -2.5178296661411705, 1.8359799795169782, -4.225931609198094, 3.066223650833992, 1.0619205897649349]"
random_objective,DE/rand/1/bin F=0.5 CR=0.9 NP=50,ok,,de,10,74,1097367785,3.6341498416025964e-05,3.6341498416025964e-05,10000,10000,0.5066,"[5.0, 3.481626592835174, 0.2769372841716642, -0.367711227535402, 5.0, 1.6872279404027004, 2.547011297007313, 5.0, -0.2975719968663091, -2.3898211406737797]"
random_objective,DE/rand/1/bin F=0.5 CR=0.9 NP=50,ok,,de,10,75,1758764025,0.00014430413463439873,0.00014430413463439873,10000,10000,0.4778,"[-3.5725304172016847, -4.4569445846567515, 2.465810438716855, -3.8665759304015896, 2.993773094296555, -3.871472578906773, -4.932201917348824, 4.1161141378334865, 0.6143666876515934, 4.979470003165741]"
random_objective,DE/rand/1/bin F=0.5 CR=0.9 NP=50,ok,,de,10,76,935127835,1.4460212531930416e-05,1.4460212531930416e-05,10000,10000,0.4409,"[0.6180602933568611, 3.863570315921255, 4.423083498451444, -5.0, 4.553772036296078, -5.0, 5.0, 4.1942653602291, 5.0, -5.0]"
random_objective,DE/rand/1/bin F=0.5 CR=0.9 NP=50,ok,,de,10,77,2049588303,0.00010830776888637317,0.00010830776888637317,10000,10000,0.6173,"[1.4187156420898797, -1.2949316787317982, 5.0, -1.3855701186446412, 5.0, -5.0, 5.0, -4.1427000849602456, 0.6678114664987613, -3.6288087376965694]"
random_objective,DE/rand/1/bin F=0.5 CR=0.9 NP=50,ok,,de,10,78,1720996154,9.557680531124824e-06,9.557680531124824e-06,10000,10000,0.4818,"[5.0, 5.0, 5.0, -4.0021215842880995, 2.1149880758315405, 1.7516670939810346, 3.9170170219394684, -1.0264322816035554, -3.380490593028658, 5.0]"
random_objective,DE/rand/1/bin F=0.5 CR=0.9 NP=50,ok,,de,10,79,1547565741,4.9454997880227225e-06,4.9454997880227225e-06,10000,10000,0.4937,"[1.6760901115254532, -0.09772523205075423, -2.7366456716649603, -4.424950709227432, 0.3939750482607127, -1.3571523056811388, -5.0, -0.1704135310903725, -0.740468324939962, -5.0]"
random_objective,DE/rand/1/bin F=0.5 CR=0.9 NP=50,ok,,de,10,80,431951738,0.00028060662401285796,0.00028060662401285796,10000,10000,0.4662,"[-1.0208079576126337, -5.0, -4.606169625416783, -0.8204136837856264, 3.4862416785286436, 1.8378673249431141, -1.427844278303318, 1.2580550256583964, -4.671255644771115, -2.6510602260455842]"
random_objective,DE/rand/1/bin F=0.5 CR=0.9 NP=50,ok,,de,10,81,1774678644,5.033719306712925e-05,5.033719306712925e-05,10000,10000,0.4851,"[3.739577535932404, 0.9773790141896499, -5.0, -1.2543720699431198, 4.523384827695458, 1.3515596839436486, 1.7143722755758954, -4.981041055910443, 4.009346922391623, -2.286980619072954]"
random_objective,DE/rand/1/bin F=0.5 CR=0.9 NP=50,ok,,de,10,82,321529339,9.315269449605701e-05,9.315269449605701e-05,10000,10000,0.4881,"[3.117783949615537, 2.900021928000118, 5.0, 0.8761652424758173, -3.2294272252289096, -2.3735680073937098, -4.7743407490181875, -5.0, -0.8833603604975653, -5.0]"
random_objective,DE/rand/1/bin F=0.5 CR=0.9 NP=50,ok,,de,10,83,1605210919,5.8357645604911745e-05,5.8357645604911745e-05,10000,10000,0.5316,"[-4.67273887371616, -2.514177666095831, -2.850740578598037, -1.1663842202701074, 0.826760184292787, 2.3112638256513227, -1.4755435220945006, 1.701641700093501, -3.3399697889624305, -4.073954313908978]"
random_objective,DE/rand/1/bin F=0.5 CR=0.9 NP=50,ok,,de,10,84,418999520,7.079877176097149e-05,7.079877176097149e-05,10000,10000,0.4674,"[0.7169790134087415, -1.6457359119699746, -0.17093130973529802, 1.9524656486200405, 5.0, 2.784532142865508, -3.634608152334873, 2.082879727375854, -2.973592473860105, 0.4903360927378506]"
random_objective,DE/rand/1/bin F=0.5 CR=0.9 NP=50,ok,,de,10,85,2983620560,5.5422671331739615e-05,5.5422671331739615e-05,10000,10000,0.4829,"[-0.41124149863562853, 0.15879987278322982, -3.055759538153944, -1.6151654310853232, -1.2581674423772327, -2.6497897418173104, 3.489287719194917, 1.7597799184577838, 3.173073199796266, -5.0]"
random_objective,DE/rand/1/bin F=0.5 CR=0.9 NP=50,ok,,de,10,86,1777758607,6.809818089281716e-05,6.809818089281716e-05,10000,10000,0.4777,"[-4.651099726466823, 0.0, 2.5289962708448517, -3.5851872989413716, 3.1573607970260955, -5.0, -5.0, 5.0, 5.0, -1.2066192302709933]"
random_objective,DE/rand/1/bin F=0.5 CR=0.9 NP=50,ok,,de,10,87,3884289333,3.6009358877375774e-05,3.6009358877375774e-05,10000,10000,0.5027,"[2.382594016248646, -4.068811837791982, -4.43404169670932, 0.8243781432598438, 0.45483159627803804, 2.2919533994232086, 5.0, -3.941584039984745, -2.101597584216112, 0.5028019279151268]"
random_objective,DE/rand/1/bin F=0.5 CR=0.9 NP=50,ok,,de,10,88,3618429453,0.00014062423308136562,0.00014062423308136562,10000,10000,0.4916,"[-5.0, -5.0, 0.2404419685334469, 5.0, 0.7112557264854114, 1.7232754132791266, 0.06224272428823696, 1.9498528629146346, -1.0231110455021737, 1.558821294044766]"
random_objective,DE/rand/1/bin F=0.5 CR=0.9 NP=50,ok,,de,10,89,3310368099,0.00020002644597749697,0.00020002644597749697,10000,10000,0.4836,"[0.9160101478872287, 3.3794171635899044, 4.328894572421001, 1.7714007143774375, 2.9104212167032477, 0.9498165992442056, 0.7483310732735617, 0.4610866781655081, -5.0, -5.0]"
random_objective,DE/rand/1/bin F=0.5 CR=0.9 NP=50,ok,,de,10,90,509833491,4.801436970658379e-05,4.801436970658379e-05,10000,10000,0.4793,"[-1.6885095491706625, -5.0, 5.0, 4.650118282645113, 4.387913124197951, 1.665189704834412, -1.2513654378726244, -1.6527482320690714, 0.6905180691014032, -1.4017663130809512]"
random_objective,DE/rand/1/bin F=0.5 CR=0.9 NP=50,ok,,de,10,91,972909894,7.230462231788692e-05,7.230462231788692e-05,10000,10000,0.4917,"[3.3076855707068447, 2.796424727869714, 4.07701266905269, -4.056026807891953, 1.813144359322056, -1.018328492615809, -2.3481512640968, 0.44370426404721464, 0.9768677729881006, -0.64981068057733]"
random_objective,DE/rand/1/bin F=0.5 CR=0.9 NP=50,ok,,de,10,92,3210700434,6.0428591055483594e-05,6.0428591055483594e-05,10000,10000,0.4592,"[-2.018972493806943, -4.267247917642942, 1.792101428152007, -0.16946982411162503, -3.3060470461071336, -5.0, 4.296812449567081, 2.059288931139334, 1.2394369513677694, -5.0]"
random_objective,DE/rand/1/bin F=0.5 CR=0.9 NP=50,ok,,de,10,93,1639259009,2.202582043475676e-05,2.202582043475676e-05,10000,10000,0.4805,"[5.0, 1.6368657469861894, 5.0, -4.318507871534855, -2.5588941802538034, 3.590556218330189, -2.3791633952127103, 3.222503886075094, -1.1185416259835277, 1.0181993586706677]"
random_objective,DE/rand/1/bin F=0.5 CR=0.9 NP=50,ok,,de,10,94,2893056904,4.714511616998873e-05,4.714511616998873e-05,10000,10000,0.5302,"[2.1393836150078496, -1.788516504611068, -4.315166714844413, -1.1196443739600048, -4.404940754273831, 2.332166316412166, 4.084582746315512, 2.5331686841925887, -1.4422177819245388, -3.7293067633903605]"
random_objective,DE/rand/1/bin F=0.5 CR=0.9 NP=50,ok,,de,10,95,1719362628,2.7078542900182967e-05,2.7078542900182967e-05,10000,10000,0.5355,"[0.06583862830955556, -5.0, 3.4672074695434683, -5.0, 5.0, 1.9634490577747847, 2.7836318532715087, -5.0, -2.3984881193765357, -0.5238404348979653]"
random_objective,DE/rand/1/bin F=0.5 CR=0.9 NP=50,ok,,de,10,96,1928701299,4.75400771327017e-06,4.75400771327017e-06,10000,10000,0.5632,"[2.0904311820935377, -4.367762854083509, -0.5801370246541788, -4.239635715884361, -2.069738357193657, 1.7386397735038965, -4.542402775552903, 4.566009761649553, -5.0, -4.366804113110776]"
random_objective,DE/rand/1/bin F=0.5 CR=0.9 NP=50,ok,,de,10,97,3317998987,1.7026063487635135e-05,1.7026063487635135e-05,10000,10000,0.5461,"[-2.5354783213591046, -5.0, 1.8720691777976348, 1.428004405844122, 1.0945344697493637, -0.7351309550522489, 1.1397137290732875, -0.28902358843987486, 5.0, -4.643468877817461]"
random_objective,DE/rand/1/bin F=0.5 CR=0.9 NP=50,ok,,de,10,98,2914568976,4.2626482389174214e-05,4.2626482389174214e-05,10000,10000,0.5698,"[-2.4978846021605747, 3.2439715336881396, 2.441660484767069, -1.6543877107485554, 2.433558561221486, -0.05196635404924299, 4.485191575197904, -0.3396065408863449, -3.87673960625059, 2.6818941984841853]"
random_objective,DE/rand/1/bin F=0.5 CR=0.9 NP=50,ok,,de,10,99,306701755,0.00011152314338824798,0.00011152314338824798,10000,10000,0.5802,"[-0.0619268683986256, -3.862862851953952, 4.9084501968423355, 4.373095735871863, 4.80808542511976, 2.673290698331973, 1.9099109491576152, -0.7911408122389858, 4.093315158138758, -4.63856321705188]"
random_objective,DE/rand/1/bin F=0.5 CR=0.9 NP=50,ok,,de,10,100,613327055,4.866218193622096e-06,4.866218193622096e-06,10000,10000,0.5918,"[3.775786085829724, -0.4813334603907711, 4.7273363526155485, -2.747549397760139, 5.0, -5.0, 1.9836630616676783, 1.7478467498680825, -4.812265501818568, 0.8447010416318819]"
random_objective,DE/rand/1/bin F=0.5 CR=0.9 NP=50,ok,,de,10,101,1399266634,3.676772874672274e-05,3.676772874672274e-05,10000,10000,0.5369,"[5.0, 0.5700384935542364, -5.0, 5.0, 2.686626518043096, 5.0, -2.22179247337072, 5.0, 2.898815809869057, -0.13286616544208618]"
random_objective,DE/rand/1/bin F=0.5 CR=0.9 NP=50,ok,,de,10,102,4161793794,5.393236533157708e-05,5.393236533157708e-05,10000,10000,0.5199,"[-0.352877936058656, -1.8130796167563765, 5.0, -5.0, 0.9389279927629044, 2.295125058593642, -0.8752563829825211, 2.6704755351517964, -4.000176886339908, -4.324947759408258]"
random_objective,DE/rand/1/bin F=0.5 CR=0.9 NP=50,ok,,de,10,103,2281170179,5.625821793031616e-05,5.625821793031616e-05,10000,10000,0.5181,"[5.0, -2.6477535507191177, -3.3790777997294317, 3.1284752975824737, 5.0, 0.07702558740706822, 2.0902169492202076, -1.596173599929311, -5.0, -1.2087105620286525]"
random_objective,DE/rand/1/bin F=0.5 CR=0.9 NP=50,ok,,de,10,104,3492060456,0.00010731943036612623,0.00010731943036612623,10000,10000,0.4993,"[5.0, 2.418412119027156, -5.0, -3.4521166494883557, 1.8221224784913268, 2.3401458421861303, 0.7556201310407213, 4.8760948967388185, -1.9528604365011795, -0.1311763894521547]"
random_objective,DE/rand/1/bin F=0.5 CR=0.9 NP=50,ok,,de,10,105,546598365,7.352798065274335e-05,7.352798065274335e-05,10000,10000,0.493,"[-3.5869714964432653, -0.609288071925906, 1.2178314996420734, -1.5182573594268787, -5.0, -5.0, 5.0, -2.0959339194217743, 1.7499799409268277, -1.9872728663250756]"
random_objective,DE/rand/1/bin F=0.5 CR=0.9 NP=50,ok,,de,10,106,126536418,3.6075208437069683e-05,3.6075208437069683e-05,10000,10000,0.4755,"[2.711827802967261, -5.0, 2.932139488790749, 2.6652024435343247, -1.0371891924567553, 0.9086148135740091, -0.13181489581632655, 3.709003868161327, 4.112595944912546, -4.974452413116485]"
random_objective,DE/rand/1/bin F=0.5 CR=0.9 NP=50,ok,,de,10,107,1548788802,8.407241942798294e-05,8.407241942798294e-05,10000,10000,0.4893,"[-1.7715269932850117, 5.0, -0.8356769990739934, 5.0, 3.6649858379685996, 4.679500287079936, 0.008070077943927334, 4.269296789250427, -2.411877507781467, -2.310046187791116]"
random_objective,DE/rand/1/bin F=0.5 CR=0.9 NP=50,ok,,de,10,108,2517852793,0.0001660112209470599,0.0001660112209470599,10000,10000,0.4643,"[-3.7686950395712424, -1.15083872462408, 1.4931407342193692, 2.8491587290942553, -3.7086070607733297, -2.768794129301165, -5.0, -5.0, -0.5391733817981829, 1.1332676629972602]"
random_objective,DE/rand/1/bin F=0.5 CR=0.9 NP=50,ok,,de,10,109,2942349175,0.0002540657530730739,0.0002540657530730739,10000,10000,0.4704,"[3.933023294151692, -1.5787877699388084, 2.3430035683085877, -1.4342208442569757, 3.676050581889087, -5.0, -3.4741284890795296, -0.3325443259767342, -0.8513494418637004, -1.2631446485370184]"
random_objective,DE/rand/1/bin F=0.5 CR=0.9 NP=50,ok,,de,10,110,1316119423,0.0003582142109727071,0.0003582142109727071,10000,10000,0.4836,"[5.0, -2.6682808030218257, 1.8955953986176544, 0.6077680709572446, 0.9430752549572219, -5.0, -2.5279125573152865, 5.0, 5.0, 4.128939510087711]"
random_objective,DE/rand/1/bin F=0.5 CR=0.9 NP=50,ok,,de,10,111,2264663248,0.00016176347256569024,0.00016176347256569024,10000,10000,0.4909,"[0.2252135119125347, 1.2769679138182501, 3.9820938042356095, 4.805152490989752, 4.0825218255025675, -4.591840159379878, 0.21772690410249274, -1.542189503812399, 5.0, -1.0579203913132877]"
random_objective,DE/rand/1/bin F=0.5 CR=0.9 NP=50,ok,,de,10,112,3206661334,1.3028685523663874e-05,1.3028685523663874e-05,10000,10000,0.7641,"[2.529153747117134, 0.7344832432697519, 1.4688673637504726, -3.8576268495463153, -3.6375412229122537, 5.0, -2.98089467668254, -1.189183895062813, -0.9580876908089475, 2.8345951618271292]"
random_objective,DE/rand/1/bin F=0.5 CR=0.9 NP=50,ok,,de,10,113,3182692246,0.0002177879734325261,0.0002177879734325261,10000,10000,0.6104,"[5.0, 5.0, -3.002134368056173, 0.24461705497745223, -5.0, -2.366571723258305, 5.0, -5.0, 4.072452832540819, -2.0711449022724544]"
random_objective,DE/rand/1/bin F=0.5 CR=0.9 NP=50,ok,,de,10,114,736159280,4.740658831625666e-05,4.740658831625666e-05,10000,10000,0.6117,"[4.000132762733081, -0.8667270870536389, -1.9246775908510427, -3.7108289341449328, -1.2200862716687078, -2.664657217723936, 1.1527928095896742, 0.0, -1.8938080552024656, -1.2669984710759903]"
random_objective,DE/rand/1/bin F=0.5 CR=0.9 NP=50,ok,,de,10,115,200109689,8.683431159928201e-05,8.683431159928201e-05,10000,10000,0.6146,"[-1.2139078139050437, -1.1953869663601902, 4.802418309258923, -4.859872602940072, 0.2905609410534502, 2.88576946402165, -1.346282561492421, 1.13475666559922, 3.199953798382391, 0.43688903100394216]"
random_objective,DE/rand/1/bin F=0.5 CR=0.9 NP=50,ok,,de,10,116,1362838608,8.082791518071453e-05,8.082791518071453e-05,10000,10000,0.6307,"[5.0, 1.5733652975236494, -3.5831493223270616, -5.0, 5.0, 5.0, -5.0, 5.0, -2.7370955786426734, 3.8457904964746517]"
random_objective,DE/rand/1/bin F=0.5 CR=0.9 NP=50,ok,,de,10,117,2616313871,3.9597340624863975e-05,3.9597340624863975e-05,10000,10000,0.6224,"[3.3242420427050767, -2.238762520200595, 2.1196318130701126, -0.3759045625566365, 5.0, -5.0, 4.076105645363917, -0.35670096790002503, -2.210936952030563, -1.9548881353251422]"
random_objective,DE/rand/1/bin F=0.5 CR=0.9 NP=50,ok,,de,10,118,369578315,3.1044872208507712e-06,3.1044872208507712e-06,10000,10000,0.6169,"[4.385633179566678, -3.203901913921097, 2.0604843648655375, 5.0, 3.586001448587717, 2.0796537156270674, -2.743667308990804, 0.687206589901098, 2.9219259147256533, 0.951482125732382]"
random_objective,DE/rand/1/bin F=0.5 CR=0.9 NP=50,ok,,de,10,119,2811353224,0.00024254479167895582,0.00024254479167895582,10000,10000,0.5578,"[0.28001320085583303, 5.0, 4.83074787965093, -5.0, -3.9253971974224013, 5.0, -4.945813503963781, -5.0, 5.0, -1.912580582197391]"
random_objective,DE/rand/1/bin F=0.5 CR=0.9 NP=50,ok,,de,10,120,1748470495,0.00016509422487986924,0.00016509422487986924,10000,10000,0.4614,"[-4.326378675760132, -3.947040112003629, 5.0, -5.0, 0.24053457143839463, -5.0, 1.8526985253629462, -4.5890362457767155, -2.5117244189160375, -1.1601531474373012]"
random_objective,DE/rand/1/bin F=0.5 CR=0.9 NP=50,ok,,de,10,121,198144976,5.378251029242165e-05,5.378251029242165e-05,10000,10000,0.4899,"[-3.6126909899360564, -5.0, 5.0, 5.0, 4.86402384636881, -4.742330362819564, 2.8124295458921815, -0.44778641885633785, 2.9785811762974923, 2.132777528704385]"
random_objective,DE/rand/1/bin F=0.5 CR=0.9 NP=50,ok,,de,10,122,4111415515,0.00016833436778151967,0.00016833436778151967,10000,10000,0.5197,"[5.0, 2.278062806354967, -0.4158602882800799, -1.8093117192892256, 4.314634335108513, 0.5845320980999, -5.0, 0.18410975316295397, -1.9482041590465133, 0.6877389351603136]"
random_objective,DE/rand/1/bin F=0.5 CR=0.9 NP=50,ok,,de,10,123,2485423623,8.137367727545364e-05,8.137367727545364e-05,10000,10000,0.5365,"[-1.9599304815597396, -3.1063163885941276, 1.5922995587243323, -5.0, 4.878124987833011, -5.0, 0.7168682008640372, -5.0, -5.0, -5.0]"
random_objective,DE/rand/1/bin F=0.5 CR=0.9 NP=50,ok,,de,10,124,3005075087,7.31634289905525e-05,7.31634289905525e-05,10000,10000,0.5272,"[5.0, -5.0, 1.6870835656321586, -4.715133466635152, 2.735378104282961, 4.325239867103966, -5.0, -5.0, -5.0, -3.4507644315951542]"
random_objective,DE/rand/1/bin F=0.5 CR=0.9 NP=50,ok,,de,10,125,141710272,5.062618846363165e-05,5.062618846363165e-05,10000,10000,0.5374,"[3.2820753020022853, -4.388657794444665, 4.274784262868624, 3.220798590210667, 5.0, 3.604927015405451, 1.2321450857745038, 5.0, -0.5405852029814142, -4.118484938978084]"
random_objective,DE/rand/1/bin F=0.5 CR=0.9 NP=50,ok,,de,10,126,2369875837,0.00019972050281502618,0.00019972050281502618,10000,10000,0.5032,"[5.0, -0.6056058326660394, 5.0, 2.4425474456531724, -0.5617561841624408, -0.3575197193070545, -1.5133718384038741, 5.0, -5.0, -0.35556478834575245]"
random_objective,DE/rand/1/bin F=0.5 CR=0.9 NP=50,ok,,de,10,127,3774440528,0.00012833691681990445,0.00012833691681990445,10000,10000,0.5171,"[3.6186291473873498, -3.014846183759127, -2.240345784556478, 1.713695042528839, -1.3197125412908808, -4.3469853774524685, -3.7977504810454823, -4.8336461767825405, 5.0, 0.9398911405912989]"
random_objective,DE/rand/1/bin F=0.5 CR=0.9 NP=50,ok,,de,10,128,1614653549,6.993210835526398e-06,6.993210835526398e-06,10000,10000,0.6548,"[-0.8840815051323601, -5.0, -0.3550473720126335, 0.7954461835145707, 4.8581109645226155, 0.4216140917576894, 1.1962534395490851, -2.7365900688798477, 3.988877975733805, 4.558045774928973]"
random_objective,DE/rand/1/bin F=0.5 CR=0.9 NP=50,ok,,de,10,129,3308887514,3.6560573393407125e-05,3.6560573393407125e-05,10000,10000,0.5224,"[0.6527088641616001, 1.6506578885084027, -1.1318068710089415, -4.761224146856246, 4.216471893818975, -5.0, 3.0156221524813405, -2.8158935975327415, -3.2334012689374374, 0.05777992770246687]"
random_objective,DE/rand/1/bin F=0.5 CR=0.9 NP=50,ok,,de,10,130,1395402777,0.0003074023885910604,0.0003074023885910604,10000,10000,0.4725,"[2.2458911262306307, -0.4708744062958594, 2.338779062160981, -1.9593651803648529, -5.0, 5.0, -0.4680737352168869, -0.4393003033938345, 0.568152572807852, -5.0]"
random_objective,DE/rand/1/bin F=0.5 CR=0.9 NP=50,ok,,de,10,131,4075869196,4.1541833923131044e-05,4.1541833923131044e-05,10000,10000,0.4887,"[4.184000847317493, 0.610068424305982, -1.2980761792614133, -1.6045505991164681, -1.1182816252107426, -2.5848482311371526, 1.831907537216485, 4.700487233647479, -2.341436712494371, -5.0]"
random_objective,DE/rand/1/bin F=0.5 CR=0.9 NP=50,ok,,de,10,132,3238756362,0.00012240871654345398,0.00012240871654345398,10000,10000,0.5057,"[-3.1070065146122814, 4.141530155045538, -1.0316204681980965, -3.287071613982931, 2.5207481818441315, -1.5206897803932142, 0.7664113640606249, -0.9657797194841171, 2.3069087696799753, -1.6967957073639546]"
random_objective,DE/rand/1/bin F=0.5 CR=0.9 NP=50,ok,,de,10,133,3156837974,0.00014824241935118554,0.00014824241935118554,10000,10000,0.4492,"[-4.971273992556102, -4.585666036687966, 1.1523582361885696, 0.17663308767919172, -2.553698990122374, -3.1036131355847782, 0.3955263000098992, -5.0, 0.7265181366340467, -2.0192093683878474]"
random_objective,DE/rand/1/bin F=0.5 CR=0.9 NP=50,ok,,de,10,134,4105733271,3.0815964161767795e-05,3.0815964161767795e-05,10000,10000,0.47,"[0.08681161015636407, 5.0, -5.0, -4.7412825604068, 5.0, 1.5374897274279478, -4.761936937973499, 5.0, 0.26791241429141044, -2.542761013575788]"
random_objective,DE/rand/1/bin F=0.5 CR=0.9 NP=50,ok,,de,10,135,2941169331,2.778856432961163e-06,2.778856432961163e-06,10000,10000,0.5168,"[-1.297590946908224, 0.1828397269737594, 3.259612304390352, -0.9555303249161389, 2.3105199982945432, 2.2293874009749857, -1.9289381222553459, -1.2404596911798684, -0.417203984900957, 3.997805318269404]"
random_objective,DE/rand/1/bin F=0.5 CR=0.9 NP=50,ok,,de,10,136,911837370,3.096670463109685e-05,3.096670463109685e-05,10000,10000,0.4808,"[4.225308911892435, -1.6334604198826206, -1.9564462158162779, -5.0, -2.7212745989939346, 1.7918622352068094, 0.3600530492103289, 3.419726258333482, 0.9777790771125764, 5.0]"
random_objective,DE/rand/1/bin F=0.5 CR=0.9 NP=50,ok,,de,10,137,2957098732,6.806297404882145e-05,6.806297404882145e-05,10000,10000,0.4378,"[4.951840704152225, -2.5825187063350086, -0.6308549199451985, -3.59042008561023, 3.686799864181266, 1.2062248998085368, 2.5091177158738542, -3.2838400608445317, -1.9430654157594274, 2.9067407820523328]"
random_objective,DE/rand/1/bin F=0.5 CR=0.9 NP=50,ok,,de,10,138,2043994676,0.00018441725247553276,0.00018441725247553276,10000,10000,0.4983,"[-2.336138941928506, -4.19078771606937, 2.9316248103854523, -1.026105793602635, -5.0, 5.0, -4.820608838472071, -5.0, -1.474649326997528, -5.0]"
random_objective,DE/rand/1/bin F=0.5 CR=0.9 NP=50,ok,,de,10,139,1320046073,6.68187638853679e-05,6.68187638853679e-05,10000,10000,0.4712,"[-4.0555494698847125, -0.6057267210115134, 1.9732416278625735, -2.2931353263958285, -2.4338598958470588, 5.0, 0.14371092546682052, 2.802814646739748, 4.256469245425466, -5.0]"
random_objective,DE/rand/1/bin F=0.5 CR=0.9 NP=50,ok,,de,10,140,3940746111,9.884568981355368e-05,9.884568981355368e-05,10000,10000,0.5024,"[3.5267843616748165, 5.0, 0.3263785225518918, -4.706234049721248, -5.0, -0.9867213511335358, -0.90864005881423, 5.0, 5.0, 5.0]"
random_objective,DE/rand/1/bin F=0.5 CR=0.9 NP=50,ok,,de,10,141,2246503130,6.0764648127653587e-05,6.0764648127653587e-05,10000,10000,0.4856,"[5.0, -5.0, -5.0, 2.6036935332350284, 5.0, 3.81606938981321, 0.8998998172169506, 0.0, 5.0, -0.5406164684530896]"
random_objective,DE/rand/1/bin F=0.5 CR=0.9 NP=50,ok,,de,10,142,1666730823,6.781451530202265e-05,6.781451530202265e-05,10000,10000,0.5055,"[3.545709330854949, -3.6976831280686033, -2.1806112256402748, -1.9832354478636391, 4.609385792190461, 4.638300408354384, 5.0, -5.0, 0.0, -2.5]"
random_objective,DE/rand/1/bin F=0.5 CR=0.9 NP=50,ok,,de,10,143,2935003602,0.00016766557926006787,0.00016766557926006787,10000,10000,0.4995,"[3.9196245093354873, -2.364548474620086, 5.0, 3.2437155032714986, 4.97528275979732, 0.6002578033297659, -0.8334248745438013, -1.3235040402267852, 1.543989596038006, -2.8189294247121643]"
random_objective,DE/rand/1/bin F=0.5 CR=0.9 NP=50,ok,,de,10,144,3818712646,8.260027797823977e-05,8.260027797823977e-05,10000,10000,0.5021,"[4.49999149165796, -2.2853305545236937, -0.19386169791783425, -3.228899306495643, -0.3287437759763119, 2.6673565955885348, -0.955812294671393, 2.864517017524014, -1.9799286614242186, -5.0]"
random_objective,DE/rand/1/bin F=0.5 CR=0.9 NP=50,ok,,de,10,145,2440027144,0.00013186295951861382,0.00013186295951861382,10000,10000,0.4868,"[-2.20389833310797, -5.0, 3.3297473527553993, 4.526439045770511, -5.0, -0.06703002117839141, -5.0, 4.768094937343527, 5.0, 2.3075707315480667]"
random_objective,DE/rand/1/bin F=0.5 CR=0.9 NP=50,ok,,de,10,146,2678125036,0.00023821191406414588,0.00023821191406414588,10000,10000,0.4981,"[5.0, -5.0, 2.723865616846381, 5.0, 1.2850471651137254, 5.0, -5.0, -3.470901992936686, -2.9581093597164436, 5.0]"
random_objective,DE/rand/1/bin F=0.5 CR=0.9 NP=50,ok,,de,10,147,3053777710,0.00011601898031476932,0.00011601898031476932,10000,10000,0.4808,"[-2.9655276471393623, -3.310597140872662, -5.0, -5.0, -3.476596566132042, 4.096850142200357, -0.927973214441038, -0.40586127930260085, -1.4384570047370973, 0.3530976863797466]"
random_objective,DE/rand/1/bin F=0.5 CR=0.9 NP=50,ok,,de,10,148,2119275034,7.06775456209563e-05,7.06775456209563e-05,10000,10000,0.4984,"[-2.3351762015024677, -1.7166354715358336, 5.0, -1.3471923956206957, -2.5935322695967384, -1.491509813180419, -4.4254016379482195, 5.0, 3.1943630012560584, -1.666723509551693]"
random_objective,DE/rand/1/bin F=0.5 CR=0.9 NP=50,ok,,de,10,149,657919469,1.754025312583618e-05,1.754025312583618e-05,10000,10000,0.4862,"[1.534093174510611, -0.2400587617049409, -0.08748079741850057, -4.646950966895831, 1.184622510099807, -1.8899201393807643, 0.9374128692282717, -4.608379550700953, 0.03240686105576085, -3.9039160003820674]"
random_objective,DE/rand/1/bin F=0.5 CR=0.9 NP=50,ok,,de,10,150,950975181,4.553925155525995e-06,4.553925155525995e-06,10000,10000,0.485,"[0.8106189102174888, 3.442462749724393, 2.8641066900657934, -0.07821583707962843, 2.5612592032030124, -1.1414181644005774, -1.340334712979783, 5.0, -5.0, 2.3859780525364656]"
random_objective,DE/rand/1/bin F=0.5 CR=0.9 NP=50,ok,,de,10,151,3274453801,0.00011195239666761392,0.00011195239666761392,10000,10000,0.479,"[-5.0, 1.974978523019842, -5.0, -1.4988723578625573, -4.464201808118096, -5.0, 5.0, -5.0, -4.830747045289788, -0.3278091976928299]"
random_objective,DE/rand/1/bin F=0.5 CR=0.9 NP=50,ok,,de,10,152,2679571479,0.00011788433682391464,0.00011788433682391464,10000,10000,0.4612,"[4.1549493287812, 4.6097446828473725, -5.0, -2.6158133555216923, 3.4085748195715473, -2.0409994614449083, 4.8505283221278725, -5.0, -3.1906261740746333, 2.685180495765901]"
random_objective,DE/rand/1/bin F=0.5 CR=0.9 NP=50,ok,,de,10,153,1445607772,0.00016908576685148446,0.00016908576685148446,10000,10000,0.5078,"[-4.833856025499879, 5.0, 1.782032115921735, 1.0398671833971393, -1.2035253009902023, 3.417803917742074, 4.641124982373155, -4.428065657577738, -2.672129458991089, 0.6942256859956508]"
random_objective,DE/rand/1/bin F=0.5 CR=0.9 NP=50,ok,,de,10,154,1524490215,0.00014644914454153835,0.00014644914454153835,10000,10000,0.5183,"[4.313836770969499, -1.0969287690795095, 3.6024755616323527, 3.9442723413569296, 4.413765348934016, 0.3376354513363391, -1.4883648420887603, 0.294866404535691, 0.0, -2.1566971688773733]"
random_objective,DE/rand/1/bin F=0.5 CR=0.9 NP=50,ok,,de,10,155,1959520602,7.548077172536694e-05,7.548077172536694e-05,10000,10000,0.4825,"[2.328719795348884, -3.241333684129528, -3.9764962124369077, -4.9788573525621445, -1.8606885332444683, 0.908283155443808, -2.49903030602287, 3.5240692726300686, 0.5444436964794575, -4.2197169456832455]"
random_objective,DE/rand/1/bin F=0.5 CR=0.9 NP=50,ok,,de,10,156,3583334517,7.789108568312386e-05,7.789108568312386e-05,10000,10000,0.4955,"[-3.3060881985913833, -1.6174946740967053, 3.945109512049112, -5.0, -3.3638238273300476, 5.0, 5.0, 4.133901321849825, 0.4736688730194669, -4.670969389593852]"
random_objective,DE/rand/1/bin F=0.5 CR=0.9 NP=50,ok,,de,10,157,1776322532,8.110813699557795e-07,8.110813699557795e-07,10000,10000,0.4825,"[-2.244447786164204, 3.2125076333160187, -0.1180435045575261, 1.711292077272445, -0.24801962675679823, 5.0, 1.4782878562797919, 0.4758969820729939, 1.6012859289944281, -1.398365001776146]"
random_objective,DE/rand/1/bin F=0.5 CR=0.9 NP=50,ok,,de,10,158,3912105660,0.00011478623690441836,0.00011478623690441836,10000,10000,0.5084,"[-1.682073909603614, -3.4844317712909865, 3.116121018089382, -1.8592257136262367, -5.0, 5.0, -2.0939563506401684, -4.827974758675536, -2.8013617747011184, -5.0]"
random_objective,DE/rand/1/bin F=0.5 CR=0.9 NP=50,ok,,de,10,159,3109089406,0.0002783811637393496,0.0002783811637393496,10000,10000,0.4781,"[-4.165855532181637, -0.9807677464943918, -5.0, -4.299026240906757, 5.0, -3.034164775497973, 5.0, 0.8368583803728944, -1.1447372463184937, 2.8392498343497614]"
random_objective,DE/rand/1/bin F=0.5 CR=0.9 NP=50,ok,,de,10,160,620962162,6.349118624127126e-05,6.349118624127126e-05,10000,10000,0.5001,"[5.0, 2.3724629803895936, -5.0, -5.0, 4.7022951554476435, -5.0, 1.0589620562719144, -0.6356019893526872, 2.173967408900258, -1.5680913827143337]"
random_objective,DE/rand/1/bin F=0.5 CR=0.9 NP=50,ok,,de,10,161,344978242,3.839039366182462e-06,3.839039366182462e-06,10000,10000,0.4557,"[-2.3070155018692686, 0.7902806920342478, 3.6666403312962013, 3.0651386250340655, 1.5263329991395251, -1.084559750796066, 2.2556540062580277, 2.5380084455330385, 1.3028887840555932, 5.0]"
random_objective,DE/rand/1/bin F=0.5 CR=0.9 NP=50,ok,,de,10,162,3083438763,3.9860792589441196e-05,3.9860792589441196e-05,10000,10000,0.4961,"[-1.4224968512112146, -0.8740630293321596, 5.0, -3.183618172446712, -3.6467089861821824, -0.4979937338021918, 5.0, -0.06859460206545576, 0.3077728842170777, 5.0]"
random_objective,DE/rand/1/bin F=0.5 CR=0.9 NP=50,ok,,de,10,163,1861919819,4.070913189291314e-05,4.070913189291314e-05,10000,10000,0.5283,"[-2.9532807497221585, 2.1709739022778685, -2.871841952233413, -2.5025694757268457, 1.4464867009654068, -5.0, -2.1738601269657094, 5.0, -4.641612283327813, 5.0]"
random_objective,DE/rand/1/bin F=0.5 CR=0.9 NP=50,ok,,de,10,164,3576809518,0.0002833451292031386,0.0002833451292031386,10000,10000,0.4768,"[5.0, -1.3527467822261336, 0.45989615561137165, 2.1994395732548213, -5.0, -4.260252187273419, -1.7026824717821278, 0.6122393926353302, 5.0, -2.86361531859814]"
random_objective,DE/rand/1/bin F=0.5 CR=0.9 NP=50,ok,,de,10,165,2692561162,7.185931802300427e-05,7.185931802300427e-05,10000,10000,0.478,"[-2.467111894499879, 0.8519309114122562, -2.173028493306399, -5.0, -0.21506490503764164, 2.2487964575696218, 2.6417523890561836, 1.9735043872978013, -5.0, 5.0]"
random_objective,DE/rand/1/bin F=0.5 CR=0.9 NP=50,ok,,de,10,166,3931845351,0.00025180319428474984,0.00025180319428474984,10000,10000,0.4775,"[1.333545777961965, -5.0, -5.0, 0.6415155763845513, 5.0, 2.986468192839605, -0.7531720540934361, 0.9190920845529107, -4.641347409174903, 1.3331471921466642]"
random_objective,DE/rand/1/bin F=0.5 CR=0.9 NP=50,ok,,de,10,167,562683022,4.0936668545099586e-05,4.0936668545099586e-05,10000,10000,0.4956,"[1.8670036043816123, 2.8843571811994617, -3.980198255238105, 1.487584234698187, 2.565029369310587, -1.5421051892883721, -1.5287182431085626, -0.5055179289025715, -1.7922398921376343, 5.0]"
random_objective,DE/rand/1/bin F=0.5 CR=0.9 NP=50,ok,,de,10,168,3046605838,2.9518317106846936e-05,2.9518317106846936e-05,10000,10000,0.4905,"[-2.5418863895125234, 1.358755922497361, -2.9958456615978344, 1.4063429983869584, -0.825842764851457, 1.783132485861136, 0.851823228819776, -4.1817815837827235, 1.908042388856138, -3.7808415162834805]"
random_objective,DE/rand/1/bin F=0.5 CR=0.9 NP=50,ok,,de,10,169,2678719671,8.940316536421022e-06,8.940316536421022e-06,10000,10000,0.4861,"[2.9705384516482383, -4.860881674254512, -3.606550961953662, 1.819740999829428, 3.6732683871028393, 3.413532044312658, -5.0, 0.3191190741990202, 3.175352165196286, -0.3092120574639863]"
random_objective,DE/rand/1/bin F=0.5 CR=0.9 NP=50,ok,,de,10,170,3078220052,0.00028348249185017327,0.00028348249185017327,10000,10000,0.4717,"[-3.9342379853806833, 4.440135829122621, 1.1191943787253686, 4.586819111114808, 5.0, -3.994446005922386, -2.522539635119048, -0.5225980439180489, 0.07304104111922238, 5.0]"
random_objective,DE/rand/1/bin F=0.5 CR=0.9 NP=50,ok,,de,10,171,3198940707,0.00044821741071510157,0.00044821741071510157,10000,10000,0.4467,"[-5.0, -3.738324898861054, -5.0, -2.721313769712652, -5.0, -4.621552909143051, -3.528145874020182, -2.5050010507253724, -5.0, 3.8921953115836794]"
random_objective,DE/rand/1/bin F=0.5 CR=0.9 NP=50,ok,,de,10,172,4264027549,2.5613378104250017e-05,2.5613378104250017e-05,10000,10000,0.5003,"[-5.0, -0.9890391612638072, -5.0, 3.07213149628689, 0.6334453527334092, 5.0, -1.379605497344814, -5.0, -5.0, 5.0]"
random_objective,DE/rand/1/bin F=0.5 CR=0.9 NP=50,ok,,de,10,173,2760829950,2.988158057193324e-05,2.988158057193324e-05,10000,10000,0.4856,"[-3.928847075090883, 5.0, -0.3728364238003996, -5.0, 0.2516950454725566, -2.177378633106783, -3.4687087664829477, 2.195832369993557, 3.3283567769120235, -2.899827069803236]"
random_objective,DE/rand/1/bin F=0.5 CR=0.9 NP=50,ok,,de,10,174,3563134689,4.654219384325753e-05,4.654219384325753e-05,10000,10000,0.6628,"[-5.0, 5.0, 0.6833184056447947, 1.8019170315926853, 2.339881320393758, -2.834243645744091, -1.3586783108668958, -3.5669038298495055, 5.0, -5.0]"
random_objective,DE/rand/1/bin F=0.5 CR=0.9 NP=50,ok,,de,10,175,1961546083,9.572425679427177e-05,9.572425679427177e-05,10000,10000,0.6029,"[5.0, 5.0, 4.894575402449634, 3.0532745341404777, -5.0, 0.2061662365344501, 3.5326567116338685, -5.0, -4.326288752850936, 4.627685690285268]"
random_objective,DE/rand/1/bin F=0.5 CR=0.9 NP=50,ok,,de,10,176,2016187039,1.745714164835821e-05,1.745714164835821e-05,10000,10000,0.5547,"[-4.483890072196771, 5.0, -2.8610014364434666, -3.151853353438481, 3.156504184826169, -0.11442613867881057, -0.3185606223455386, -1.7973476680021148, 5.0, 5.0]"
random_objective,DE/rand/1/bin F=0.5 CR=0.9 NP=50,ok,,de,10,177,1004934911,1.237288913891188e-05,1.237288913891188e-05,10000,10000,0.5714,"[1.285134770065479, 2.0034117931337434, 0.20387867150035777, -3.7549520315629135, -3.600690824530899, -0.2931463834354413, 1.6228519537650217, -2.460475113640788, -3.286189667999063, 0.6098838733339751]"
random_objective,DE/rand/1/bin F=0.5 CR=0.9 NP=50,ok,,de,10,178,3417702939,0.0002067173325935867,0.0002067173325935867,10000,10000,0.5396,"[3.3275647563026993, 4.582799912335963, -2.7758152782946244, 1.3749141823227657, -5.0, -0.1334209465299825, -4.442481825507475, -4.87835265556895, 1.9172879407884122, 5.0]"
random_objective,DE/rand/1/bin F=0.5 CR=0.9 NP=50,ok,,de,10,179,374226232,0.00011151214018501054,0.00011151214018501054,10000,10000,0.5666,"[5.0, -2.7325866530903764, 4.053051414065071, -5.0, -5.0, -5.0, -1.7266766532663196, 3.7824530787602244, -2.184238257835885, -1.3485953535681698]"
random_objective,DE/rand/1/bin F=0.5 CR=0.9 NP=50,ok,,de,10,180,846097249,5.8791985805162206e-05,5.8791985805162206e-05,10000,10000,0.5413,"[-3.2252115707804148, -5.0, 4.144513964741892, -5.0, -5.0, 3.5496934656033963, -5.0, -3.1573735603264383, -1.0749455942433892, -1.9744110493631228]"
random_objective,DE/rand/1/bin F=0.5 CR=0.9 NP=50,ok,,de,10,181,2894766674,0.0002947432396502858,0.0002947432396502858,10000,10000,0.5515,"[-4.51291867999677, 5.0, 0.0, -5.0, -3.904738623044125, -3.3269438311668393, -5.0, -0.24416380904339263, -2.097020156528811, 2.5283140952536556]"
random_objective,DE/rand/1/bin F=0.5 CR=0.9 NP=50,ok,,de,10,182,64148215,0.0002489944107112452,0.0002489944107112452,10000,10000,0.4497,"[-2.1613358988903846, 0.8411617280736845, -1.56739250476521, -1.1998327221389542, -0.7974054484959567, 5.0, 3.5871421129647767, 2.0740292873406556, 2.9896477495362617, 1.966132845872631]"
random_objective,DE/rand/1/bin F=0.5 CR=0.9 NP=50,ok,,de,10,183,4089181626,2.4497821978330947e-05,2.4497821978330947e-05,10000,10000,0.4748,"[-4.8252978054196864, 4.451720831474246, -5.0, 2.758869571747231, 5.0, -5.0, 2.1831518508420387, -1.5123817836331488, 1.8307059534491426, 1.9454449469399102]"
random_objective,DE/rand/1/bin F=0.5 CR=0.9 NP=50,ok,,de,10,184,3888726344,6.716070416479258e-05,6.716070416479258e-05,10000,10000,0.5943,"[-3.8338725730972354, 5.0, 0.3454981401059083, -3.797052519672663, -4.138903266503066, 3.9977717365366647, 5.0, 5.0, -4.164253788385177, -2.9037288679768842]"
random_objective,DE/rand/1/bin F=0.5 CR=0.9 NP=50,ok,,de,10,185,3593883874,0.00012449105849665631,0.00012449105849665631,10000,10000,0.4446,"[4.950927741616153, 0.3757601763089422, 2.4516888406317965, 3.116407659275602, -2.133657990575957, 3.730619076304955, 5.0, 5.0, -0.1223474602913468, 5.0]"
random_objective,DE/rand/1/bin F=0.5 CR=0.9 NP=50,ok,,de,10,186,3382694438,1.7857281356614685e-05,1.7857281356614685e-05,10000,10000,0.4861,"[5.0, 2.5621144467943, -2.1146058872128366, -4.893255930293643, 2.5991004161640285, -4.282684640009827, 5.0, -3.7221809595784716, 0.4210526053291783, -0.956612254998606]"
random_objective,DE/rand/1/bin F=0.5 CR=0.9 NP=50,ok,,de,10,187,2141728915,7.717737801604674e-05,7.717737801604674e-05,10000,10000,0.4856,"[-3.5353710211805693, -0.7510551967320688, 0.04687172457975697, -4.950757609294713, -1.4713739763914502, 1.371722299991574, -2.6911065941340597, 3.2686240138251206, 4.3842915029592895, -5.0]"
random_objective,DE/rand/1/bin F=0.5 CR=0.9 NP=50,ok,,de,10,188,1505487976,7.694780187106343e-05,7.694780187106343e-05,10000,10000,0.4791,"[2.583191280367635, -1.7294231960878634, -0.11480397776275042, 1.9443034462482083, -4.276483776553075, -2.091440322202761, 0.945422996414468, -2.164166357344024, -5.0, -4.429539481995474]"
random_objective,DE/rand/1/bin F=0.5 CR=0.9 NP=50,ok,,de,10,189,458750567,2.6814892684745573e-05,2.6814892684745573e-05,10000,10000,0.4951,"[1.3078882402374585, -5.0, 2.285399767196845, 5.0, -2.8116441688166365, -2.4180548428190045, -1.1117158700280925, -1.7015800137960198, 0.4151740207303667, -2.154997441074612]"
random_objective,DE/rand/1/bin F=0.5 CR=0.9 NP=50,ok,,de,10,190,4219408675,8.063603328056779e-05,8.063603328056779e-05,10000,10000,0.4767,"[-5.0, 1.3064406433080942, -5.0, 5.0, -1.9960297090439254, 3.431248228482816, 0.9931186629647426, -1.7241808931903657, 1.4431220063828178, 5.0]"
random_objective,DE/rand/1/bin F=0.5 CR=0.9 NP=50,ok,,de,10,191,2005151044,0.0001083012078997303,0.0001083012078997303,10000,10000,0.4994,"[-0.6226734129374207, -4.515128343431936, 4.736359205173439, 5.0, 5.0, -5.0, -0.5570420644650431, -3.3569683987889807, 0.44008614341048746, 0.6868592267077452]"
random_objective,DE/rand/1/bin F=0.5 CR=0.9 NP=50,ok,,de,10,192,2592044284,4.6166229674238224e-05,4.6166229674238224e-05,10000,10000,0.4865,"[-1.9110787630000843, 4.397621394143413, 1.2683092643116494, 0.7074611549031311, -2.939839922255376, -4.033771435006036, -4.733083869525995, -3.2980839019639463, 5.0, -3.424531416572179]"
random_objective,DE/rand/1/bin F=0.5 CR=0.9 NP=50,ok,,de,10,193,3663193718,7.400853904115934e-05,7.400853904115934e-05,10000,10000,0.5045,"[-2.802536297947742, 2.0215568982967005, -5.0, -2.217620034011155, 5.0, 4.0520390267073925, -5.0, 5.0, 0.9366163803406635, -2.8712469228568187]"
random_objective,DE/rand/1/bin F=0.5 CR=0.9 NP=50,ok,,de,10,194,1256308926,0.0001294377252898382,0.0001294377252898382,10000,10000,0.5097,"[5.0, -1.9213944871639932, -5.0, 1.3250415688460855, -1.972785544019965, -3.028688592178546, -5.0, -5.0, 2.2229172503359678, 5.0]"
random_objective,DE/rand/1/bin F=0.5 CR=0.9 NP=50,ok,,de,10,195,159382185,2.487993205002592e-05,2.487993205002592e-05,10000,10000,0.5113,"[-1.7138732853511143, 1.2248861055877385, -5.0, -0.711564828418711, -5.0, 2.4182239118550393, -2.9386834624289193, 1.446737126716805, 3.050436921927117, 1.0451005559129065]"
random_objective,DE/rand/1/bin F=0.5 CR=0.9 NP=50,ok,,de,10,196,2756052057,0.0001335458422840885,0.0001335458422840885,10000,10000,0.4809,"[-0.5520670308458273, 5.0, 3.3026112907105327, 3.714095721299086, -5.0, -1.8178517545946322, 1.356456650286838, -2.7878586317594594, -0.8706061885823767, 5.0]"
random_objective,DE/rand/1/bin F=0.5 CR=0.9 NP=50,ok,,de,10,197,2805307154,4.186223633906305e-05,4.186223633906305e-05,10000,10000,0.4879,"[3.7726846288431886, 3.086322221975268, 2.529486396957982, -0.7325692503531485, -2.5009261985968236, 0.9799807301199766, -1.8290313828320484, -3.5477348390146153, -0.015953198235204802, -3.222094645736643]"
random_objective,DE/rand/1/bin F=0.5 CR=0.9 NP=50,ok,,de,10,198,3860292000,0.000131875925736602,0.000131875925736602,10000,10000,0.4836,"[-3.5779853892902933, 4.129940517020872, -0.5393437895263224, 0.8513300494403118, -2.5152331734198388, -5.0, -1.2679301727240286, 5.0, 0.4561817379955815, -3.4362753137288204]"
random_objective,DE/rand/1/bin F=0.5 CR=0.9 NP=50,ok,,de,10,199,3747321841,0.0002434944135205619,0.0002434944135205619,10000,10000,0.5389,"[1.5054634128198972, 0.07763299751790065, 5.0, 3.348042082941205, 1.8110429289767223, -2.4335944138559666, 0.39121793598359583, -0.981451013848031, 2.325761673824971, -2.543016474214636]"
random_objective,GA/SBX NP=50 pc=0.9 eta_c=20.0 eta_m=20.0,ok,,ga,10,0,3108334323,6.682336448771142e-05,6.682336448771142e-05,10000,10000,0.3836,"[3.4369759544076817, -1.542448307038612, 2.1636467666263846, 0.20211036019248288, 4.7896966325234525, 3.285744018077393, 1.3414636471351549, 0.7927351063429974, -3.2961580587366233, -1.1078733024888034]"
random_objective,GA/SBX NP=50 pc=0.9 eta_c=20.0 eta_m=20.0,ok,,ga,10,1,229652970,7.82427288136267e-05,7.82427288136267e-05,10000,10000,0.3957,"[-1.4962204047921195, -2.635578219803022, -0.34677417264832733, 4.360116388209128, 3.0926204347286905, 0.4838262536012621, 0.6693641491066165, 0.6117890979712739, 4.533933799081434, 2.786683345422094]"
random_objective,GA/SBX NP=50 pc=0.9 eta_c=20.0 eta_m=20.0,ok,,ga,10,2,3593320795,7.0677205819214e-05,7.0677205819214e-05,10000,10000,0.3621,"[-4.754524587844978, 4.335418271845801, -4.614120330864839, 3.0461267781922623, -3.897124339579289, -1.987023241214835, 3.4491413177293007, -3.3931429679070346, 2.1216211705624053, -0.6498422817770665]"
random_objective,GA/SBX NP=50 pc=0.9 eta_c=20.0 eta_m=20.0,ok,,ga,10,3,3780194617,0.00013621990156653663,0.00013621990156653663,10000,10000,0.3712,"[-0.5262720800184868, 4.073064530669703, 4.535787473024203, -1.867156863968996, -0.45852353013114894, 3.2379754295573067, -1.3984586281031222, -3.1316282684545067, 4.651108922429324, -1.3209704011508885]"
random_objective,GA/SBX NP=50 pc=0.9 eta_c=20.0 eta_m=20.0,ok,,ga,10,4,2132831967,0.00016341284282384017,0.00016341284282384017,10000,10000,0.3828,"[3.4809223784185037, 0.4845387373075392, -4.601307178541457, 0.8365944832682014, 2.3336781107981728, -2.463401566931111, -2.3940177553328637, -2.2080192314842124, -1.6750405112086484, 2.198256983685002]"
random_objective,GA/SBX NP=50 pc=0.9 eta_c=20.0 eta_m=20.0,ok,,ga,10,5,1001303414,7.23403356114316e-05,7.23403356114316e-05,10000,10000,0.3887,"[-0.376143677193709, 4.3498553924754155, 0.1298699284027256, -4.520083012823129, 2.9694713076589903, 3.2497662961175857, -0.6585269695619766, 1.74226774133076, 1.4070906940429884, 2.736861836014201]"
random_objective,GA/SBX NP=50 pc=0.9 eta_c=20.0 eta_m=20.0,ok,,ga,10,6,3867652605,8.889732449468557e-05,8.889732449468557e-05,10000,10000,0.3795,"[3.2185299502456988, -2.606879411736751, 4.570432249033027, 3.366973780295365, 2.135350244770758, -2.1428373168146964, -1.3667162210465502, -1.6627876702073174, 4.751205964381468, 3.6509625255844917]"
random_objective,GA/SBX NP=50 pc=0.9 eta_c=20.0 eta_m=20.0,ok,,ga,10,7,910443366,0.0003214355429896898,0.0003214355429896898,10000,10000,0.3912,"[3.487471935013059, 4.201484610577589, 3.7966360184830976, -0.7700907583997635, -0.7716853245420067, 0.262352269003123, -0.2129304391779826, 2.7871309493702094, 4.349972181527159, 4.645360374113531]"
random_objective,GA/SBX NP=50 pc=0.9 eta_c=20.0 eta_m=20.0,ok,,ga,10,8,4123396744,7.063409069985038e-05,7.063409069985038e-05,10000,10000,0.4278,"[-1.554405754291032, -2.3170005884645692, -2.628397517495773, -0.8944647800000695, 0.8184279042536351, 0.10541635964785859, 1.0166921876096509, 4.0956923243378425, -4.903335169151213, -3.392044670095685]"
random_objective,GA/SBX NP=50 pc=0.9 eta_c=20.0 eta_m=20.0,ok,,ga,10,9,2534291055,2.238954299738083e-06,2.238954299738083e-06,10000,10000,0.4194,"[-0.8867354222741555, -4.091868162335949, 0.7644004645056239, -1.176274634891749, -0.7932317476217348, -3.1268762565058816, -1.7260330688407273, 3.206650552211604, -4.696148581787615, -0.9393036771499453]"
random_objective,GA/SBX NP=50 pc=0.9 eta_c=20.0 eta_m=20.0,ok,,ga,10,10,2495104386,3.193751912655696e-05,3.193751912655696e-05,10000,10000,0.386,"[3.2902329746451273, 1.1246392269840944, -0.02863641914542945, -3.862509133010196, 3.4339236619047107, 3.0065717262956553, 1.3330210279842833, -0.5465298131114945, -1.607029286113968, -2.5526857222622366]"
random_objective,GA/SBX NP=50 pc=0.9 eta_c=20.0 eta_m=20.0,ok,,ga,10,11,4185929265,0.0001157137698617472,0.0001157137698617472,10000,10000,0.3964,"[2.2191634129521485, -4.95591917499179, -0.5392427478274702, 3.4336507358071175, 2.7604202557659656, -3.482591344286538, 4.41697766027282, -3.0008498181136702, -0.2170928519163548, -2.074277680579706]"
random_objective,GA/SBX NP=50 pc=0.9 eta_c=20.0 eta_m=20.0,ok,,ga,10,12,2535943286,9.43340240442403e-05,9.43340240442403e-05,10000,10000,0.403,"[4.458308817327978, -2.9580815730984944, 1.8233186381197672, 4.90059201397984, 0.3850987393655727, -2.23665687686894, 3.194764917538043, -2.66517938832532, -4.5392955127148955, -2.996135811914048]"
random_objective,GA/SBX NP=50 pc=0.9 eta_c=20.0 eta_m=20.0,ok,,ga,10,13,85415369,4.700121308010008e-05,4.700121308010008e-05,10000,10000,0.3981,"[1.2878160477211387, 1.6326576107546968, 4.072549867720291, 0.5894438926973067, -2.9059356380470684, 2.4200231103447134, -4.964266456097985, 3.2405167481973907, 2.786143330912322, 5.0]"
random_objective,GA/SBX NP=50 pc=0.9 eta_c=20.0 eta_m=20.0,ok,,ga,10,14,468221306,3.161579091004452e-05,3.161579091004452e-05,10000,10000,0.3842,"[2.148953415289638, -1.748500032071139, -2.034736934528056, 0.7311614900152362, -2.931679812766604, 4.848837547147636, 4.048773361784498, 4.7130399584642175, 4.3737237288335, 4.184818680280537]"
random_objective,GA/SBX NP=50 pc=0.9 eta_c=20.0 eta_m=20.0,ok,,ga,10,15,3644163005,1.916804955703899e-05,1.916804955703899e-05,10000,10000,0.4018,"[3.5499979496621803, -2.5284113736804157, -2.194543141445865, 3.367885500195093, -4.946697406592843, -2.9724093662697864, -0.17246707791073831, 4.424068540731008, -2.973836309413435, 1.6857312334545544]"
random_objective,GA/SBX NP=50 pc=0.9 eta_c=20.0 eta_m=20.0,ok,,ga,10,16,2755158242,0.00019378190905472437,0.00019378190905472437,10000,10000,0.4099,"[-2.05051625242501, -0.9921503589759781, -1.2080225693478173, 2.1266535528054527, 2.1828506544751423, -3.4693797518879834, -4.433970724351824, 3.6079303995032146, 1.0302787381096261, 4.545926807409663]"
random_objective,GA/SBX NP=50 pc=0.9 eta_c=20.0 eta_m=20.0,ok,,ga,10,17,706903154,0.00018568810981478556,0.00018568810981478556,10000,10000,0.3853,"[1.82872184440314, -4.541013317533493, 2.9610630549744488, -1.2530397897682533, 0.7200695796375984, 2.9753902471073364, 3.8996013392514266, 0.19111047941561532, 4.735268056889879, 1.598410450503077]"
random_objective,GA/SBX NP=50 pc=0.9 eta_c=20.0 eta_m=20.0,ok,,ga,10,18,2507391473,0.00021128967788086594,0.00021128967788086594,10000,10000,0.3887,"[-2.157245633352338, -1.9840450559188607, -4.790001174740839, -0.3902492021726295, 1.478349421824522, -2.5309223286155853, 2.1936056917764555, 2.0326501803298216, 3.939703947640485, -4.287616641718525]"
random_objective,GA/SBX NP=50 pc=0.9 eta_c=20.0 eta_m=20.0,ok,,ga,10,19,3395780114,0.00022689013891852294,0.00022689013891852294,10000,10000,0.3823,"[5.0, 3.6183577314810456, 4.649110736434349, 4.13567111946367, 2.3912815469945405, 2.8612068781172266, 5.0, -3.7899996574046306, -0.4350575269897059, -0.985038474340946]"
random_objective,GA/SBX NP=50 pc=0.9 eta_c=20.0 eta_m=20.0,ok,,ga,10,20,2912438528,2.6956567779290452e-05,2.6956567779290452e-05,10000,10000,0.3927,"[3.747875739239947, -1.937769037838531, -3.5996210775727846, 0.9011555217142277, -3.0852716181227287, -2.834665859704531, 0.05576325213638811, -3.965915261429183, 3.963923270278207, -3.2016305206720563]"
random_objective,GA/SBX NP=50 pc=0.9 eta_c=20.0 eta_m=20.0,ok,,ga,10,21,3552837342,0.00029544046115659306,0.00029544046115659306,10000,10000,0.3812,"[0.24566238519591835, -4.041832787252857, 2.5839366917179274, -2.2940752247298732, 0.8827618169693747, 2.8806764640909672, 2.774379193334227, 1.6997990716227311, -4.120283248835472, 4.257343714460436]"
random_objective,GA/SBX NP=50 pc=0.9 eta_c=20.0 eta_m=20.0,ok,,ga,10,22,3911301638,1.069089199290385e-05,1.069089199290385e-05,10000,10000,0.3734,"[4.592319067469889, 2.5882890621377648, 4.233193290480265, 3.164650246743849, 4.920444726156238, -3.471224595178882, -2.789983664703269, 0.5631054234473769, -0.06261442680084323, 3.1780321739573227]"
random_objective,GA/SBX NP=50 pc=0.9 eta_c=20.0 eta_m=20.0,ok,,ga,10,23,460568663,7.405421605122253e-05,7.405421605122253e-05,10000,10000,0.3746,"[1.3799562115087893, 3.3352357846275287, -2.014894150222761, -3.695915937413879, 1.8429352803147014, -3.234199174502205, -4.195773847207632, -1.03103420146115, -3.9149871359630937, -3.829525843920126]"
random_objective,GA/SBX NP=50 pc=0.9 eta_c=20.0 eta_m=20.0,ok,,ga,10,24,3490088788,0.00043155407389317,0.00043155407389317,10000,10000,0.3446,"[-1.7026443960812054, -4.980320669786771, 3.3662182623857624, -2.1459591099997675, -4.247423483422355, 3.8969902392805422, -1.920941198214971, 2.345410313687717, -1.2121824646598238, 0.4678620000157039]"
random_objective,GA/SBX NP=50 pc=0.9 eta_c=20.0 eta_m=20.0,ok,,ga,10,25,3860916873,3.1325631981271584e-05,3.1325631981271584e-05,10000,10000,0.375,"[-4.654815969163925, -4.713164979408503, -2.306683915516513, -3.338227368353632, 0.8473847395808375, -3.292267187437019, 0.338421707147119, -1.4674601342794038, 3.52455109518104, 1.3343836401577127]"
random_objective,GA/SBX NP=50 pc=0.9 eta_c=20.0 eta_m=20.0,ok,,ga,10,26,1723778641,2.1328851568802598e-05,2.1328851568802598e-05,10000,10000,0.5191,"[4.773177477285145, -3.9507244923622977, 0.32832576755725973, 1.4707354493739435, 3.709420314902099, -2.573406927588538, 4.176482849115274, -0.6446658895719194, 3.6405703094087154, 0.9117325444829876]"
random_objective,GA/SBX NP=50 pc=0.9 eta_c=20.0 eta_m=20.0,ok,,ga,10,27,1555226664,4.757519170728308e-06,4.757519170728308e-06,10000,10000,0.3778,"[-3.164904532933226, 3.8116382578085597, -2.8126970231306783, 0.4727073763941737, -1.0310802917123132, -3.0470691997481025, 4.5935487992076025, 3.152094425381698, 4.8994063583519045, -1.2661060976766156]"
random_objective,GA/SBX NP=50 pc=0.9 eta_c=20.0 eta_m=20.0,ok,,ga,10,28,2374427431,0.00027367143525736104,0.00027367143525736104,10000,10000,0.3526,"[3.559182642630067, -5.0, 4.922037053322068, -3.2464587756456105, 1.7968192693964387, 3.587328124381536, 1.7469365459557304, 2.5279351378511485, -3.5220524291419326, 4.933350113273457]"
random_objective,GA/SBX NP=50 pc=0.9 eta_c=20.0 eta_m=20.0,ok,,ga,10,29,3668053796,0.0002302293352667295,0.0002302293352667295,10000,10000,0.358,"[3.0453939110169985, 0.6600665876940948, 0.013346570330433407, 4.968667556800623, 1.6036794387520545, -1.9161048443524824, 2.580780587958706, -2.1266910504515932, 3.9699805304764926, -2.226298718278512]"
random_objective,GA/SBX NP=50 pc=0.9 eta_c=20.0 eta_m=20.0,ok,,ga,10,30,2544092561,0.00016103570342684836,0.00016103570342684836,10000,10000,0.3845,"[2.323711813371468, -3.240503546830865, -1.916773460873749, -4.510494725676615, -3.499678393968173, 1.399671733072119, 1.518817954676921, 1.2128508781063418, 3.1682143831846457, 3.1297480773425783]"
random_objective,GA/SBX NP=50 pc=0.9 eta_c=20.0 eta_m=20.0,ok,,ga,10,31,460372705,5.910292017352603e-06,5.910292017352603e-06,10000,10000,0.364,"[-1.6489716549630542, 0.09362746895069768, 2.7391584220821983, 1.4354821820029877, -2.316533732499054, -2.497857404647497, -0.24426848262510847, -1.4518792565132808, -1.5524497573309375, 2.910723870601406]"
random_objective,GA/SBX NP=50 pc=0.9 eta_c=20.0 eta_m=20.0,ok,,ga,10,32,3419099214,0.00015124705623148493,0.00015124705623148493,10000,10000,0.3736,"[0.14260218911576306, 1.537459454309744, 2.284428650121874, 4.383183799508085, 2.447305546877746, -1.7632273360735553, 4.747319741214827, 0.6741279530712256, -0.8707383033831322, -4.914140113395373]"
random_objective,GA/SBX NP=50 pc=0.9 eta_c=20.0 eta_m=20.0,ok,,ga,10,33,3463814080,5.2198056280539085e-05,5.2198056280539085e-05,10000,10000,0.3997,"[-4.543390745662127, -2.6738275793544912, -1.0402366128724276, 4.031632475603895, 0.47069891565162314, 2.788458401441117, 0.19809782900439715, -1.0320723895087212, -0.16308416253301672, 4.871366811368846]"
random_objective,GA/SBX NP=50 pc=0.9 eta_c=20.0 eta_m=20.0,ok,,ga,10,34,3686541486,3.7705830240319926e-06,3.7705830240319926e-06,10000,10000,0.3839,"[2.1169747291687417, 1.6536938717726892, 0.003964771409412072, -2.9200323586259636, -3.2427266599617157, -4.2407771378252255, 4.927022533496655, 4.356756356953679, -0.9394524487638443, 0.27425416851042916]"
random_objective,GA/SBX NP=50 pc=0.9 eta_c=20.0 eta_m=20.0,ok,,ga,10,35,910059901,7.769577232430436e-05,7.769577232430436e-05,10000,10000,0.3897,"[3.7746586625763365, -3.3079294069133214, 2.206459923946748, 2.9488863202291244, 3.105133642820048, 3.196205631078694, 1.5562449621825438, -0.38153027001692674, 2.245288052231999, -4.106418076357868]"
random_objective,GA/SBX NP=50 pc=0.9 eta_c=20.0 eta_m=20.0,ok,,ga,10,36,1330453820,0.0001479753880443413,0.0001479753880443413,10000,10000,0.411,"[2.2639645816757508, -4.5132376783720485, -1.7941329195404783, 4.431846919272095, -3.968831020001511, 3.382767738371761, 1.9098379562559686, 2.684682569726642, -0.9984204546414268, 1.3876289934370905]"
random_objective,GA/SBX NP=50 pc=0.9 eta_c=20.0 eta_m=20.0,ok,,ga,10,37,1436069652,0.00011032926193865755,0.00011032926193865755,10000,10000,0.4082,"[-1.6638355789915142, -1.7021819571207637, 3.1382620083121053, 0.641845272404927, 4.045467760549738, -0.8208022722869577, 3.556550504656547, 4.869814796684395, 0.8754850396505957, -2.208124836559494]"
random_objective,GA/SBX NP=50 pc=0.9 eta_c=20.0 eta_m=20.0,ok,,ga,10,38,997708137,0.00020861737616084675,0.00020861737616084675,10000,10000,0.401,"[-0.8055053993466827, -2.1498104165475413, 1.7230360617779752, -2.850967798761034, -1.742152962688993, 2.521965641413473, -0.760408364131863, 4.113468783419841, 3.4442589152340837, 1.456509005486147]"
random_objective,GA/SBX NP=50 pc=0.9 eta_c=20.0 eta_m=20.0,ok,,ga,10,39,2884641520,0.00038051136010996967,0.00038051136010996967,10000,10000,0.3892,"[2.3916991299737966, 0.30295780827523106, -1.5932099710504646, 1.1605044071424604, 2.1118246399964953, 1.5023437236529158, -2.653559640713897, 0.9342617033067498, 3.548464866887591, -1.6407276644494335]"
random_objective,GA/SBX NP=50 pc=0.9 eta_c=20.0 eta_m=20.0,ok,,ga,10,40,3728383455,7.576594621028221e-06,7.576594621028221e-06,10000,10000,0.3813,"[0.4201740346101792, 2.8305880582996976, -4.175787470034072, -0.9491863159927375, 3.937021777122589, -2.0148602900125177, 2.4815391010537478, 3.103658483435297, -0.5605628464796395, 0.1126677150998524]"
random_objective,GA/SBX NP=50 pc=0.9 eta_c=20.0 eta_m=20.0,ok,,ga,10,41,2099038190,1.0700056064405494e-05,1.0700056064405494e-05,10000,10000,0.3931,"[0.3635501476116694, 3.338311766918517, 2.562957167035117, 3.6677878562183586, 0.6068376085570566, -1.0159838460405572, -2.6397953222362722, -4.996306604598742, 4.036809221986203, -2.2508911830912144]"
random_objective,GA/SBX NP=50 pc=0.9 eta_c=20.0 eta_m=20.0,ok,,ga,10,42,2052135733,2.0707056938684687e-05,2.0707056938684687e-05,10000,10000,0.3862,"[-0.7512651259004114, 2.138143647050318, -2.757697649811289, -3.4632305092607214, -4.027209831359307, 1.866314852963171, 1.6946721384778396, 0.017394228821299762, 4.527576848971133, -4.747722157249055]"
random_objective,GA/SBX NP=50 pc=0.9 eta_c=20.0 eta_m=20.0,ok,,ga,10,43,3488801947,6.3695618797599e-05,6.3695618797599e-05,10000,10000,0.3971,"[-0.44651933920287146, 1.4540077445327253, -0.9724970710398428, -1.331227636061135, -2.600161904021017, 3.3093655902887478, -2.7827625904979625, 4.999257760642, -4.265465064898776, -2.308064670154395]"
random_objective,GA/SBX NP=50 pc=0.9 eta_c=20.0 eta_m=20.0,ok,,ga,10,44,2119668454,8.076640122656187e-05,8.076640122656187e-05,10000,10000,0.3894,"[-4.623890345015719, -1.341079046631422, -3.9195472708095958, 1.0995347296639664, -0.8929086644802469, 3.6252643799037174, -2.4536783023124595, -0.034761732465458786, 4.161518282541273, -3.892543783468468]"
random_objective,GA/SBX NP=50 pc=0.9 eta_c=20.0 eta_m=20.0,ok,,ga,10,45,1683796812,8.816641450581919e-06,8.816641450581919e-06,10000,10000,0.393,"[4.7446727066178065, 4.27057412549889, -3.3430573880082117, 3.031664896992193, -1.2929074162454042, 4.277526830159628, 2.5166239472312966, -3.618195821182539, -3.4467703702452703, 1.7981191409424782]"
random_objective,GA/SBX NP=50 pc=0.9 eta_c=20.0 eta_m=20.0,ok,,ga,10,46,1008108879,0.00020946447128133983,0.00020946447128133983,10000,10000,0.3899,"[0.7279715733667816, 0.6563758865184712, -3.1707936926913693, -3.176644508944419, 2.2620961004946443, 2.4234133491615797, -0.6352450616218723, 3.3148989901397936, 4.406456367188165, 1.9003145224617053]"
random_objective,GA/SBX NP=50 pc=0.9 eta_c=20.0 eta_m=20.0,ok,,ga,10,47,4253477625,2.8167230672559995e-05,2.8167230672559995e-05,10000,10000,0.3746,"[1.381354423444752, 1.1183428534331712, 1.9746982438126377, 2.983641077353346, 1.074529212987863, -2.479403704109733, 4.270338172215992, -3.040918790498421, -0.7246157362788253, -4.850534486665015]"
random_objective,GA/SBX NP=50 pc=0.9 eta_c=20.0 eta_m=20.0,ok,,ga,10,48,2342440613,7.504479565678679e-05,7.504479565678679e-05,10000,10000,0.4013,"[-3.8683793824582686, 4.536920518153312, 0.727919551567864, 2.96138103809878, -4.3694107102869735, 1.1241803608458099, -1.6210781923735493, -2.5351762187487132, 4.375674885970288, 1.1660882036002755]"
random_objective,GA/SBX NP=50 pc=0.9 eta_c=20.0 eta_m=20.0,ok,,ga,10,49,3919456452,0.00033510185917406954,0.00033510185917406954,10000,10000,0.4155,"[-1.1371953150966931, -3.3324368378577454, 0.13302181772918772, -3.08900949621608, -0.2155894426617933, -1.642223663058975, -3.941844487561275, 1.594400467644931, -3.215010808772831, -4.481171543050467]"
random_objective,GA/SBX NP=50 pc=0.9 eta_c=20.0 eta_m=20.0,ok,,ga,10,50,3399055002,2.94422537114869e-05,2.94422537114869e-05,10000,10000,0.3968,"[-2.3879203043978565, 0.3212393317948869, 3.785980871242353, -2.9184564987100208, -0.5922669303558453, 3.3079606933275887, 3.683742231658082, 3.692590568119758, -1.797053026288764, -3.1233327390478935]"
random_objective,GA/SBX NP=50 pc=0.9 eta_c=20.0 eta_m=20.0,ok,,ga,10,51,1022884919,0.0005246117922221849,0.0005246117922221849,10000,10000,0.3997,"[3.230782254544769, -1.182574743744149, -3.4303773118684604, -1.648235514206536, 4.664291771314586, -2.805983675119727, 1.3177359149280483, 3.4680305545670875, 0.7751996349294392, 3.138354310046633]"
random_objective,GA/SBX NP=50 pc=0.9 eta_c=20.0 eta_m=20.0,ok,,ga,10,52,2890495670,3.2169895555989036e-05,3.2169895555989036e-05,10000,10000,0.3762,"[-0.2749578522707814, -2.214114498819786, -4.733694544403995, -4.191998228890081, -1.433543365130411, -2.7563904763778018, 1.5727460154943704, 2.2158346851331854, 4.74686807949105, 3.403998163633336]"
random_objective,GA/SBX NP=50 pc=0.9 eta_c=20.0 eta_m=20.0,ok,,ga,10,53,3802289697,6.7049998511148345e-06,6.7049998511148345e-06,10000,10000,0.4063,"[1.193730269179747, -3.640730374681867, 3.618950009112483, 3.2264529952998062, -2.828888262738412, 1.771343622251898, 1.6669685110907813, -1.3025577925608667, 2.293494463393182, -1.5329660734998722]"
random_objective,GA/SBX NP=50 pc=0.9 eta_c=20.0 eta_m=20.0,ok,,ga,10,54,3965911926,0.00020906048187385728,0.00020906048187385728,10000,10000,0.3854,"[1.9099747713816853, 0.27135293285143763, -2.2922530513567123, 0.010372343876625644, -3.187287708058118, 0.8452089632053937, 0.4874254416012576, -2.4126755891447402, -3.3175627935213825, -4.038937584654966]"
random_objective,GA/SBX NP=50 pc=0.9 eta_c=20.0 eta_m=20.0,ok,,ga,10,55,432612940,5.778742169670892e-06,5.778742169670892e-06,10000,10000,0.4046,"[2.8905581859511127, -3.5501647857777514, -0.04472900764711957, 0.8764861712310416, -3.8711743963036076, 2.5957407204921523, -4.977034140306914, -4.026164336003747, 3.1652755827450028, -0.04197381586160627]"
random_objective,GA/SBX NP=50 pc=0.9 eta_c=20.0 eta_m=20.0,ok,,ga,10,56,2070211375,7.424715589587905e-05,7.424715589587905e-05,10000,10000,0.391,"[-2.5129369397350567, -3.839244125669778, 2.8410818536316165, 4.599193320474641, 5.0, -0.9004708213237305, 1.6549639737593782, 4.479448476757652, -3.126615073707426, 5.0]"
random_objective,GA/SBX NP=50 pc=0.9 eta_c=20.0 eta_m=20.0,ok,,ga,10,57,1931984466,9.565907944331098e-05,9.565907944331098e-05,10000,10000,0.3922,"[-0.30375450342210447, 4.702167009494328, -1.7052515502622023, -0.40208450613159696, -2.740349465349056, 2.8759492054201092, 4.260888553537468, 0.10059159932058648, 0.29672428613162327, -1.7951976396547062]"
random_objective,GA/SBX NP=50 pc=0.9 eta_c=20.0 eta_m=20.0,ok,,ga,10,58,791373735,9.394712176979958e-05,9.394712176979958e-05,10000,10000,0.3915,"[2.8634907405421686, 5.0, -0.7442929734822121, 4.173599764897531, 0.9967534450121672, 2.676468626235617, -4.440046802013346, 1.488832704586289, 2.77604729035077, 4.577494199254947]"
random_objective,GA/SBX NP=50 pc=0.9 eta_c=20.0 eta_m=20.0,ok,,ga,10,59,2101869468,4.374908734006144e-05,4.374908734006144e-05,10000,10000,0.3745,"[-0.1108327361737381, 0.5320451944317874, -1.2491384283710876, -3.242366205458028, 1.1759899319398117, -1.1328920109213596, -1.4751841760412474, -1.6524497053796492, -2.8556239581749376, -1.2319465010395536]"
random_objective,GA/SBX NP=50 pc=0.9 eta_c=20.0 eta_m=20.0,ok,,ga,10,60,1580286563,1.8563848794617144e-05,1.8563848794617144e-05,10000,10000,0.418,"[-0.3835791926445329, 3.6703211810693808, 3.5003587313981135, 1.402235208256504, 2.0846223963371604, 2.5244113429158768, 4.686440050870318, -2.8007186535824555, 1.9947973847560831, -4.94492823669357]"
random_objective,GA/SBX NP=50 pc=0.9 eta_c=20.0 eta_m=20.0,ok,,ga,10,61,3324268008,1.5002042131895266e-06,1.5002042131895266e-06,10000,10000,0.3355,"[-2.446610064340322, -3.8162932208743308, -1.889219144742287, 3.5957536427211703, 2.159980050844511, 3.4655838461349235, 1.7496305549949585, 1.7435154456874333, 3.2640298712771108, 2.983931787016939]"
random_objective,GA/SBX NP=50 pc=0.9 eta_c=20.0 eta_m=20.0,ok,,ga,10,62,3809542933,0.00016367886786949892,0.00016367886786949892,10000,10000,0.4054,"[-3.8812544300815968, -4.969977049002421, -3.5042939742540193, 0.818737984088708, 0.37454698068977915, 0.8475207291077952, -4.127052069816583, 2.2825114039126264, -3.4506475889284407, 4.369082991558117]"
random_objective,GA/SBX NP=50 pc=0.9 eta_c=20.0 eta_m=20.0,ok,,ga,10,63,1486655676,1.3972951612317708e-05,1.3972951612317708e-05,10000,10000,0.3867,"[3.5424527686598988, 3.9034909375738507, -1.536443694820761, -4.3131712746908635, -1.5472026539289776, 0.49101562809139065, 3.326929242984254, -0.8606522697408572, 5.0, -4.539331016465629]"
random_objective,GA/SBX NP=50 pc=0.9 eta_c=20.0 eta_m=20.0,ok,,ga,10,64,1475564661,6.237328890446037e-05,6.237328890446037e-05,10000,10000,0.3954,"[-0.5344707994679055, 4.3627077458108605, -0.8181393851959772, -1.1333961885908481, -1.6443938846713975, 0.01689684997761832, 3.7157685668079234, 3.3820125795586047, -3.7760744484381723, 2.198210770742676]"
random_objective,GA/SBX NP=50 pc=0.9 eta_c=20.0 eta_m=20.0,ok,,ga,10,65,2183441420,6.154261746105227e-06,6.154261746105227e-06,10000,10000,0.3935,"[1.659306170384701, 4.782237862160653, -2.105021168309561, -0.37890807827701073, -1.1572566320658972, 4.280872350961537, 3.8091399352990254, 0.026234353021397053, -4.465376729242706, -2.2962426500778648]"
random_objective,GA/SBX NP=50 pc=0.9 eta_c=20.0 eta_m=20.0,ok,,ga,10,66,3751155745,8.658302515274219e-05,8.658302515274219e-05,10000,10000,0.3755,"[4.4990966013368965, 3.2580403861849, -0.8080454554346054, 2.621461855995901, -0.6496758838818774, 2.455500238082912, 3.9704599875515014, 1.3704064474451954, -0.002899101300413917, 1.492187269777268]"
random_objective,GA/SBX NP=50 pc=0.9 eta_c=20.0 eta_m=20.0,ok,,ga,10,67,1849625699,2.3880009059507046e-05,2.3880009059507046e-05,10000,10000,0.3651,"[3.507691619820179, 3.478887115314141, 0.3454280102874557, -1.9921004055916898, -3.3275687736216963, -1.2971664446612958, -2.8601753206397844, 3.716676765216796, 2.0472228368268324, 2.640901449794346]"
random_objective,GA/SBX NP=50 pc=0.9 eta_c=20.0 eta_m=20.0,ok,,ga,10,68,1466320194,0.00012129994306109282,0.00012129994306109282,10000,10000,0.381,"[2.530482725867104, 3.5289752018356824, 1.5928262047345478, -1.2153013614037131, 3.777385663445354, 1.9348517352641301, 4.328703797842537, 0.028547787711232175, 2.504156635624498, 3.8878642219498447]"
random_objective,GA/SBX NP=50 pc=0.9 eta_c=20.0 eta_m=20.0,ok,,ga,10,69,446395426,1.3334537825815396e-05,1.3334537825815396e-05,10000,10000,0.5131,"[-0.3126691415354572, -3.226725023768087, -3.553090777825855, 2.290923748598269, 0.273021377801724, 3.712411570465033, -0.3044224409170689, 4.401973398311787, -0.6247274287376543, 0.4391283578638373]"
random_objective,GA/SBX NP=50 pc=0.9 eta_c=20.0 eta_m=20.0,ok,,ga,10,70,2515933630,3.0204918047171958e-05,3.0204918047171958e-05,10000,10000,0.3431,"[0.6140548905779072, 1.4786990312070414, 1.499518248678546, 1.2995568926732277, 0.11611138211531646, 1.9426490596035633, 4.096152884161594, 0.24086736477851883, 2.457012621169397, -0.44334962976643705]"
random_objective,GA/SBX NP=50 pc=0.9 eta_c=20.0 eta_m=20.0,ok,,ga,10,71,1384266980,0.00012897926802168946,0.00012897926802168946,10000,10000,0.3633,"[-4.469026571225707, -4.745386625013186, 1.2546621997870353, -3.6014532822598686, 4.0448343789955885, 4.91213800923912, -3.8831556696012366, -2.134190558468833, -3.833876251546761, -0.26903226264581415]"
random_objective,GA/SBX NP=50 pc=0.9 eta_c=20.0 eta_m=20.0,ok,,ga,10,72,3215799728,1.0094603309473982e-05,1.0094603309473982e-05,10000,10000,0.3688,"[-3.3605858940750393, 0.09239307300744545, -1.6171087348028568, -4.992742392317705, -0.13604790098977856, -2.6320978178626677, -2.5658959780512944, 0.2054490675966918, 2.18583926331643, -0.448018167248423]"
random_objective,GA/SBX NP=50 pc=0.9 eta_c=20.0 eta_m=20.0,ok,,ga,10,73,322169359,4.5717142549306367e-05,4.5717142549306367e-05,10000,10000,0.3803,"[2.8569938528590617, -3.819276301791309, 2.817617389834755, 3.7423458541336903, 4.6226588495457035, -4.756289520449955, -3.5539174265329523, 1.0855792028803322, 3.133819376543439, 1.3697894587827406]"
random_objective,GA/SBX NP=50 pc=0.9 eta_c=20.0 eta_m=20.0,ok,,ga,10,74,2364908139,7.937238374333688e-07,7.937238374333688e-07,10000,10000,0.3956,"[-3.1553712215638554, -2.2157517052118125, 2.6224737150989257, -3.124720529493249, 3.837612322087917, 3.496963829710134, -2.509274929645527, 3.2861855768491304, -2.1060418847756015, 0.03012309775508268]"
random_objective,GA/SBX NP=50 pc=0.9 eta_c=20.0 eta_m=20.0,ok,,ga,10,75,2154643795,0.0002030868177210765,0.0002030868177210765,10000,10000,0.3758,"[3.700549062859601, -0.13630176660930843, 0.01946489731857197, -4.056183065506259, -3.380774735103083, -0.4094143522741983, 0.21002970570564258, 3.3696925163543034, 2.731101862753074, -4.3587135331765845]"
random_objective,GA/SBX NP=50 pc=0.9 eta_c=20.0 eta_m=20.0,ok,,ga,10,76,3264462410,1.0763175660954971e-05,1.0763175660954971e-05,10000,10000,0.3863,"[2.9838468220360563, 2.384062490958545, 4.0760988102597295, 3.4856345420254744, -1.789964490601254, 1.220282589447913, 4.260284061679259, 4.691615430811669, -3.86565283688864, -1.7581381737820374]"
random_objective,GA/SBX NP=50 pc=0.9 eta_c=20.0 eta_m=20.0,ok,,ga,10,77,3633658970,7.687391799160448e-05,7.687391799160448e-05,10000,10000,0.3896,"[1.6918645475458733, 1.1648513322196066, -1.708557261807435, -2.7196549483954366, -4.219006349290681, 1.2746671661454048, 3.730115842873094, -2.445263650562622, 1.1401862132105158, -2.8986972497972645]"
random_objective,GA/SBX NP=50 pc=0.9 eta_c=20.0 eta_m=20.0,ok,,ga,10,78,1224357443,1.0008594153565475e-05,1.0008594153565475e-05,10000,10000,0.4029,"[-5.0, -1.9893147065441559, 1.064434956204392, -1.2433430797338092, -3.870513257991175, 2.5967590299982963, -5.0, -0.0035776359972948812, -2.6211135261081036, -3.422724137463742]"
random_objective,GA/SBX NP=50 pc=0.9 eta_c=20.0 eta_m=20.0,ok,,ga,10,79,3851210461,8.734666407783642e-05,8.734666407783642e-05,10000,10000,0.4032,"[1.190159317078393, 1.305591237598679, -2.2202173276510555, 3.7975567810825486, 2.0502096772508764, 0.9913090512733741, 3.4506568727409266, -1.9099017876584552, 2.3132270216716906, 4.9970356825042614]"
random_objective,GA/SBX NP=50 pc=0.9 eta_c=20.0 eta_m=20.0,ok,,ga,10,80,1882850730,7.971267157391715e-05,7.971267157391715e-05,10000,10000,0.3899,"[-3.282385945140867, 0.14111567010540302, 1.4556359880921457, 0.08954685176595942, -0.8197729468653425, -1.6663233703107052, 1.6069539089833063, -4.698024705772387, -1.8038088628465279, -3.4466865659946717]"
random_objective,GA/SBX NP=50 pc=0.9 eta_c=20.0 eta_m=20.0,ok,,ga,10,81,3527070269,2.4553472234845053e-05,2.4553472234845053e-05,10000,10000,0.3707,"[2.874105537832652, 3.419466525544148, 2.9406385449162817, -2.765316312059236, -4.616062445998858, 2.490222585273145, -3.5474638349098733, 2.4800978723287797, 2.1886650618736962, -4.2635044839929535]"
random_objective,GA/SBX NP=50 pc=0.9 eta_c=20.0 eta_m=20.0,ok,,ga,10,82,1552033740,3.4058578479712054e-05,3.4058578479712054e-05,10000,10000,0.4212,"[4.078451143281505, 1.5537672019804423, 4.589084138547326, -4.127259229177626, 2.756298880208456, -2.4402997944862848, -2.4477574052125437, 2.508570728391419, -4.0917402460455365, -0.9968442729137694]"
random_objective,GA/SBX NP=50 pc=0.9 eta_c=20.0 eta_m=20.0,ok,,ga,10,83,3575374001,1.562417584977105e-05,1.562417584977105e-05,10000,10000,0.3908,"[-3.5462929107010095, 0.03871891218554433, 1.1914721594440862, -3.634156428002286, 3.448556136274278, 1.2191874675864813, -3.238396884433919, -0.40878730233409544, -3.925423294539695, -3.2617865895977234]"
random_objective,GA/SBX NP=50 pc=0.9 eta_c=20.0 eta_m=20.0,ok,,ga,10,84,2623405863,0.0002420522183382845,0.0002420522183382845,10000,10000,0.3728,"[-3.199962602576802, -2.8807407464187538, -2.464557641610973, 1.4441812393581919, -2.8063785230189384, -2.3527956906676435, -2.1013727714865955, 1.6199059146882742, 0.22273977865012462, 2.198254391023478]"
random_objective,GA/SBX NP=50 pc=0.9 eta_c=20.0 eta_m=20.0,ok,,ga,10,85,748618477,9.753601979745063e-05,9.753601979745063e-05,10000,10000,0.3823,"[0.8380742258100906, -2.6332955588774607, -0.7662933805189327, -3.0412343762408574, 3.762836224410402, 3.3132328164985827, -2.0835998200696224, 2.7117729509971706, 3.0757193459380936, 4.166183035344736]"
random_objective,GA/SBX NP=50 pc=0.9 eta_c=20.0 eta_m=20.0,ok,,ga,10,86,3427217413,1.6073804171123918e-05,1.6073804171123918e-05,10000,10000,0.4201,"[-1.0611717346226206, 1.42611292883288, -4.776555633182259, -2.496127182142204, -0.7369840755892644, -1.6402506278852889, 3.8123962720031415, -0.6099870132510028, 2.548855701052431, 1.4955763198376932]"
random_objective,GA/SBX NP=50 pc=0.9 eta_c=20.0 eta_m=20.0,ok,,ga,10,87,4182423068,7.37223120975683e-05,7.37223120975683e-05,10000,10000,0.3838,"[-2.2476576499098826, 3.2066414908010383, -3.8051200807621894, -3.7269018512745213, 4.943545728569135, -3.750864969976008, 1.7192077770689664, 1.6907983833803886, 2.3857682918450993, -4.613305875110432]"
random_objective,GA/SBX NP=50 pc=0.9 eta_c=20.0 eta_m=20.0,ok,,ga,10,88,227138987,4.522350693481059e-05,4.522350693481059e-05,10000,10000,0.4066,"[-4.940224124173287, -4.039470494775696, -3.245045359812732, 1.8304877142994476, 1.1586548155197791, -2.214833607229415, 2.919510915779456, 4.183878220090289, 2.5764313248012636, 4.832231319914305]"
random_objective,GA/SBX NP=50 pc=0.9 eta_c=20.0 eta_m=20.0,ok,,ga,10,89,1988000361,0.00013133715581337135,0.00013133715581337135,10000,10000,0.393,"[1.7649483677820101, -2.538512222761815, 2.5598851698215177, -0.26265276691652906, -0.08930999588707066, -0.8133871847198035, 4.048832489426176, 4.277718013115252, -2.6868001111620363, -2.075192676194167]"
random_objective,GA/SBX NP=50 pc=0.9 eta_c=20.0 eta_m=20.0,ok,,ga,10,90,1763462248,7.038008098536608e-08,7.038008098536608e-08,10000,10000,0.379,"[1.581889791271274, -2.4858559085625016, 5.0, -0.12095127663050176, -0.6011021382516112, -3.2383552555391053, 0.13734123689272285, -1.139235856378657, -0.13704932298848344, -1.2739872840817656]"
random_objective,GA/SBX NP=50 pc=0.9 eta_c=20.0 eta_m=20.0,ok,,ga,10,91,572576818,0.00014634826720894,0.00014634826720894,10000,10000,0.4271,"[4.0438173746223525, 1.8148589809342512, 1.8599678681446632, -0.9992570810747401, 4.8931699423745165, 1.7831245930943713, 1.3470274028561977, -4.210721860807103, -4.302139439439544, -0.6033622637723057]"
random_objective,GA/SBX NP=50 pc=0.9 eta_c=20.0 eta_m=20.0,ok,,ga,10,92,3196231345,0.00014471325481957287,0.00014471325481957287,10000,10000,0.4209,"[3.9045874601116575, -4.467938241514542, -3.9982504324779162, -1.5237987449314194, -2.540837775602764, 4.371319573549691, 1.502148970912874, 0.24403373336049788, -2.3562750340633896, -2.2196581117057983]"
random_objective,GA/SBX NP=50 pc=0.9 eta_c=20.0 eta_m=20.0,ok,,ga,10,93,3213473812,6.502473733871472e-05,6.502473733871472e-05,10000,10000,0.3933,"[0.9209728349904526, -0.8278092044772474, -3.1185133897962443, 4.9974160645830965, -0.6474424290043191, -2.7992811936160606, 1.9773559541112922, 3.53732254634589, 0.7744728624713577, 0.3943291709985673]"
random_objective,GA/SBX NP=50 pc=0.9 eta_c=20.0 eta_m=20.0,ok,,ga,10,94,518314019,4.2003737689366716e-05,4.2003737689366716e-05,10000,10000,0.3895,"[1.1452333135446449, 2.3971339828640366, 2.9829104474781376, -0.43996694051473684, -0.49694257947574666, -3.9058143281639097, 3.951952930191064, -3.1037017493737027, 3.226544462629335, 4.435719178499167]"
random_objective,GA/SBX NP=50 pc=0.9 eta_c=20.0 eta_m=20.0,ok,,ga,10,95,1599000783,0.00010885693299478305,0.00010885693299478305,10000,10000,0.421,"[-1.6294687342088934, 4.135259090669141, 3.282098840345337, -0.541752779759368, 2.006864320053764, 2.0717949467135535, -1.0784925571696922, -1.9581360203575358, 1.4621749310247605, -4.3549438529050715]"
random_objective,GA/SBX NP=50 pc=0.9 eta_c=20.0 eta_m=20.0,ok,,ga,10,96,1227780692,7.646606638012088e-05,7.646606638012088e-05,10000,10000,0.3842,"[-0.07957807027053633, -3.2529752755464485, -3.2519665953928847, -5.0, 2.4466199503626807, 4.8804240744836465, -0.7673316539664514, 0.029231184697798285, -2.7556311168324767, 1.6628974247443422]"
random_objective,GA/SBX NP=50 pc=0.9 eta_c=20.0 eta_m=20.0,ok,,ga,10,97,331571371,9.898039102640421e-05,9.898039102640421e-05,10000,10000,0.4048,"[3.757393717176225, 1.4009909489852705, -0.19249458858700802, 2.1213632627559624, 1.3031154076756584, 4.9987304728119675, 3.436538654840271, -2.1582295875310216, 0.7400970502302682, -0.7207437555092623]"
random_objective,GA/SBX NP=50 pc=0.9 eta_c=20.0 eta_m=20.0,ok,,ga,10,98,33058788,3.928201168446055e-05,3.928201168446055e-05,10000,10000,0.3805,"[-0.3750736103250255, -0.8889394698771259, 3.142907808181786, 4.366811546718431, 3.0151531983247604, 0.6584958887262613, -3.2027925458901936, -4.925244918705848, -2.7691912323706913, 2.204487343896279]"
random_objective,GA/SBX NP=50 pc=0.9 eta_c=20.0 eta_m=20.0,ok,,ga,10,99,837309929,7.722576662183567e-05,7.722576662183567e-05,10000,10000,0.4073,"[4.176050159790842, -2.4140420518075585, 3.679041986040604, -1.0066840994802595, -0.6716796993910422, 2.594629118898306, 3.4185155481668734, -0.3915598694056762, 3.714281141779802, -2.3671489156861325]"
random_objective,GA/SBX NP=50 pc=0.9 eta_c=20.0 eta_m=20.0,ok,,ga,10,100,2646749960,0.00015764515702598736,0.00015764515702598736,10000,10000,0.4133,"[-1.6279509215151802, 0.307037097211566, -2.992660481526145, 3.028967297528874, 0.535125773685284, 3.3899503546651673, 2.2299624928273127, -2.156644989251769, -1.7574506546570379, -0.08880080590380143]"
random_objective,GA/SBX NP=50 pc=0.9 eta_c=20.0 eta_m=20.0,ok,,ga,10,101,16569178,9.923342901352328e-05,9.923342901352328e-05,10000,10000,0.4102,"[-4.824646730764323, 2.992788760524457, -3.9272300719212705, 4.146793783128798, 1.2761118416077704, -0.7818668275362649, 4.22235614221639, -3.3142027511271936, -0.3866409682158393, -3.4494375123456176]"
random_objective,GA/SBX NP=50 pc=0.9 eta_c=20.0 eta_m=20.0,ok,,ga,10,102,148558182,4.7200208315612e-05,4.7200208315612e-05,10000,10000,0.3938,"[3.8055863547797193, 0.57845697579407, -0.3799047698943795, -1.6103847502730868, 3.3070854324131997, 4.592495122261165, -2.6603406302674597, -0.8040317097051973, -1.1143496072922847, 4.151716969359406]"
random_objective,GA/SBX NP=50 pc=0.9 eta_c=20.0 eta_m=20.0,ok,,ga,10,103,3622667918,3.7834032149408614e-05,3.7834032149408614e-05,10000,10000,0.4047,"[-2.2972892371711424, -3.806823354934612, 1.1997777286346756, -2.5530846627370396, -0.8497931234165291, -3.20159107750665, -2.1578878393618606, 0.31566921807549314, -1.8622178218318997, 4.0431261235939315]"
random_objective,GA/SBX NP=50 pc=0.9 eta_c=20.0 eta_m=20.0,ok,,ga,10,104,2014981510,6.816742485149518e-06,6.816742485149518e-06,10000,10000,0.4129,"[-2.6404558053039713, 3.656411143884837, 2.057517908426247, 1.4056560660542181, 3.8780610514330687, -4.6867818043716545, -0.0018620246676450472, -0.39163054821065657, -3.308807593876989, 1.195948228138025]"
random_objective,GA/SBX NP=50 pc=0.9 eta_c=20.0 eta_m=20.0,ok,,ga,10,105,1762752015,0.0001959986419415305,0.0001959986419415305,10000,10000,0.4144,"[1.1914170895758567, -2.1309994119894857, 2.4626176325546605, 1.5231126130751713, -0.37074781125251294, -0.2684361135066873, 1.1550509131351467, -1.3094317559101145, 0.2475797502754714, 0.7157501779456614]"
random_objective,GA/SBX NP=50 pc=0.9 eta_c=20.0 eta_m=20.0,ok,,ga,10,106,716285646,1.392105846031999e-05,1.392105846031999e-05,10000,10000,0.3985,"[4.943783471175102, -0.7307862895166781, -5.0, -0.9334695771675677, 2.3795795316128845, -4.68516982500634, 4.913183704549779, -1.0885974158993006, 3.59661553927081, -5.0]"
random_objective,GA/SBX NP=50 pc=0.9 eta_c=20.0 eta_m=20.0,ok,,ga,10,107,1375444146,0.00012123474709435644,0.00012123474709435644,10000,10000,0.3924,"[-1.7214321114514513, 0.8147728024530687, -0.558172735121979, -1.8202932446568356, -0.5512509050286905, -1.6585204477939743, 5.0, 3.886011292519842, 1.4196604769067913, -4.8501212587392954]"
random_objective,GA/SBX NP=50 pc=0.9 eta_c=20.0 eta_m=20.0,ok,,ga,10,108,2466083306,4.193045335365575e-05,4.193045335365575e-05,10000,10000,0.4152,"[-0.6353388431096406, 1.2780878667783908, 4.973967000614208, -0.7373956780687084, -2.1583171792048144, 4.279215818591053, -1.6976661947970475, -2.247274576488644, -2.7540635406618974, 4.119926870342536]"
random_objective,GA/SBX NP=50 pc=0.9 eta_c=20.0 eta_m=20.0,ok,,ga,10,109,2358151951,0.00019040146024573712,0.00019040146024573712,10000,10000,0.5329,"[-0.9564261061557565, -1.8198948723057087, 4.258853239457533, 0.7551200791340287, -1.3380996211827236, -3.621294638741024, 4.397010145561727, 4.85388818571342, 2.0564047905954643, -0.5855765124065618]"
random_objective,GA/SBX NP=50 pc=0.9 eta_c=20.0 eta_m=20.0,ok,,ga,10,110,1501676942,2.1216819683256283e-05,2.1216819683256283e-05,10000,10000,0.3816,"[-3.9630392713298344, 1.0858344103435413, -4.21792783419015, -2.1301576138948124, -3.9625448410434614, 0.885207198223802, 1.9270319873695323, 1.1245451959454722, 0.087288800983659, -0.809840414484015]"
random_objective,GA/SBX NP=50 pc=0.9 eta_c=20.0 eta_m=20.0,ok,,ga,10,111,231276738,1.4858812128482057e-06,1.4858812128482057e-06,10000,10000,0.397,"[-1.578999218492264, 4.040439268414723, -2.5962370712990945, 4.559722729344593, 3.5764699518549006, 5.0, -1.272542850985989, -2.9078394027285714, 3.017592604944194, -3.8351703331333984]"
random_objective,GA/SBX NP=50 pc=0.9 eta_c=20.0 eta_m=20.0,ok,,ga,10,112,3769428918,2.369048027039966e-05,2.369048027039966e-05,10000,10000,0.3738,"[0.34029850491984853, -0.6139881613460458, -2.2763207023513363, 3.24340853659735, 1.3111849832698728, 2.4084955386081406, -1.457188943639846, -2.000079639981577, -5.0, -3.39101262157104]"
random_objective,GA/SBX NP=50 pc=0.9 eta_c=20.0 eta_m=20.0,ok,,ga,10,113,2130176489,0.00017002070918836765,0.00017002070918836765,10000,10000,0.3688,"[3.3657392743763577, 3.080643775052563, -1.641193843032957, -2.6574826393444138, 3.0079993247104295, -4.777570709384767, 1.5565201236383723, -4.6961555182153605, -1.0908176991208696, 0.9767890206942249]"
random_objective,GA/SBX NP=50 pc=0.9 eta_c=20.0 eta_m=20.0,ok,,ga,10,114,3934766588,4.216078078489449e-05,4.216078078489449e-05,10000,10000,0.3863,"[-4.744314645856113, -0.42806828818318504, 0.9661913150445618, 1.8878599822652113, -3.662178564744888, -2.6553124333810905, -0.8987536040381221, 2.6810918853351957, 1.8653848051171298, -1.6059256679908296]"
random_objective,GA/SBX NP=50 pc=0.9 eta_c=20.0 eta_m=20.0,ok,,ga,10,115,1365362467,5.317278111860446e-05,5.317278111860446e-05,10000,10000,0.3739,"[-2.3618235968572, -1.5360397536920698, 4.755553579871679, 2.075705219687179, 2.436253372931257, -1.6906765201152494, 3.444204827787748, 3.4343011533159946, -2.099910482089021, -1.7671913130896246]"
random_objective,GA/SBX NP=50 pc=0.9 eta_c=20.0 eta_m=20.0,ok,,ga,10,116,683114081,0.00014742222419938944,0.00014742222419938944,10000,10000,0.4233,"[-4.290345045372404, 4.25720346590589, -2.6938061411354677, -0.7984300130614809, -2.8900207289227366, 4.2161321812224415, 1.2061293024718078, -1.953470107478994, -2.527578978158826, -2.0374363959109516]"
random_objective,GA/SBX NP=50 pc=0.9 eta_c=20.0 eta_m=20.0,ok,,ga,10,117,1490221671,4.301547976703901e-07,4.301547976703901e-07,10000,10000,0.3263,"[-3.47970662165231, -0.23873494297376077, -3.199877541042229, 0.43019330334019057, -0.3037959890107397, 2.8029795121359595, -4.982955821760903, -0.07153735374483515, 4.36427926961441, -0.9672518895272999]"
random_objective,GA/SBX NP=50 pc=0.9 eta_c=20.0 eta_m=20.0,ok,,ga,10,118,3269849705,0.0002018624149764392,0.0002018624149764392,10000,10000,0.4061,"[2.1742400730890177, 0.2246949869711089, 0.10128695255526238, -1.439372053375457, 0.7336791170547158, 3.9311139530770514, -3.0851523432677523, 0.7033315372594793, -0.6835577485823622, 4.734830277448006]"
random_objective,GA/SBX NP=50 pc=0.9 eta_c=20.0 eta_m=20.0,ok,,ga,10,119,3765475907,0.00022300341307157634,0.00022300341307157634,10000,10000,0.389,"[4.190537957408675, -3.65012272074494, 2.0217424290054455, 2.25122031988562, -4.099975942332336, -0.305696570615165, 1.0822375432883464, -4.707592208132266, 2.6911432804119726, -0.23368747457577824]"
random_objective,GA/SBX NP=50 pc=0.9 eta_c=20.0 eta_m=20.0,ok,,ga,10,120,349757885,0.0003741005442722267,0.0003741005442722267,10000,10000,0.3873,"[-3.7046385584103922, -4.178402118386246, -3.547782801309035, -1.382117941314528, -1.8553333210251155, 2.227376208526544, -1.326022607547425, 3.440251574682411, -0.020742949069012535, -1.8473335460100255]"
random_objective,GA/SBX NP=50 pc=0.9 eta_c=20.0 eta_m=20.0,ok,,ga,10,121,2876592028,2.904748166887572e-06,2.904748166887572e-06,10000,10000,0.3543,"[2.5141517424209923, -1.131650559704179, -1.6721249077151523, 2.295565071050351, 2.4179983366682367, 3.6323622669083155, -1.5028297175836218, -2.652030837431039, 2.0941033445155957, 1.1189506686499626]"
random_objective,GA/SBX NP=50 pc=0.9 eta_c=20.0 eta_m=20.0,ok,,ga,10,122,3879262422,0.00013351651169490886,0.00013351651169490886,10000,10000,0.3646,"[-1.7170292172348478, 3.546297850282605, 1.1410558503429558, -3.7180605544950094, 2.9647562782478385, 2.525819762887026, 1.8864964931865802, -4.260328880236653, -4.5741298267825234, -4.604051799093178]"
random_objective,GA/SBX NP=50 pc=0.9 eta_c=20.0 eta_m=20.0,ok,,ga,10,123,198786775,5.591694733242392e-06,5.591694733242392e-06,10000,10000,0.3971,"[1.3992004039147403, -0.9403265286676008, 0.38833826556753215, 1.5574797501301183, -3.877147789788563, 1.621106567895714, 1.041672429193866, -3.2095866901256627, -2.7309918249334224, 1.40092344841284]"
random_objective,GA/SBX NP=50 pc=0.9 eta_c=20.0 eta_m=20.0,ok,,ga,10,124,1077555521,7.128622152796638e-05,7.128622152796638e-05,10000,10000,0.3747,"[-2.3246219819829657, 0.2307478094889459, 4.708872800671965, -0.40208821703507924, 1.4322630715436422, 0.8961677682900008, 4.709742573896116, -3.9753908945087018, 1.982335228641511, -1.5858529463842475]"
random_objective,GA/SBX NP=50 pc=0.9 eta_c=20.0 eta_m=20.0,ok,,ga,10,125,321930118,0.00016298621560406623,0.00016298621560406623,10000,10000,0.3908,"[0.9664820553539838, 2.065522757051577, 2.5944366049534793, 2.9142836067340583, 2.8307935927607883, -0.4738718222574151, -2.304098874991119, 3.9583895258564312, 3.8876610303424375, -0.3069917184751796]"
random_objective,GA/SBX NP=50 pc=0.9 eta_c=20.0 eta_m=20.0,ok,,ga,10,126,2354992181,1.3394217200368708e-05,1.3394217200368708e-05,10000,10000,0.3822,"[-2.980985943702231, 1.248176941762451, 5.0, -2.8392112983130726, 2.866615501668098, -2.27611884922036, -4.78678774741037, -0.26571328933617394, -3.999056488022006, -3.044623464009884]"
random_objective,GA/SBX NP=50 pc=0.9 eta_c=20.0 eta_m=20.0,ok,,ga,10,127,2719687798,0.0004694070693023189,0.0004694070693023189,10000,10000,0.4027,"[-3.061602892395845, 1.210649929583336, -2.331978327739601, 1.5962847377831386, -4.62059767143302, -4.969143808276498, 0.9768652648717712, 3.895204236975191, -2.8964199932149217, 1.9364131314222142]"
random_objective,GA/SBX NP=50 pc=0.9 eta_c=20.0 eta_m=20.0,ok,,ga,10,128,657497161,1.5626285598480116e-05,1.5626285598480116e-05,10000,10000,0.3701,"[-4.7437894586456215, -4.273815999659517, -4.713969133855356, 3.453896939513406, -1.073376018766619, 1.0912782269325942, -1.3049191618868337, 0.9297050477263539, -2.401409920648855, 2.756886791735127]"
random_objective,GA/SBX NP=50 pc=0.9 eta_c=20.0 eta_m=20.0,ok,,ga,10,129,1497374026,3.1505218246574707e-05,3.1505218246574707e-05,10000,10000,0.3841,"[-5.0, -0.32036120163425774, -3.3631450554830686, -0.22083514232501628, 1.0677172580789638, 0.9039193523819753, 3.662520040284795, -2.6578297969959475, 1.3961727255595264, 3.6560553437091032]"
random_objective,GA/SBX NP=50 pc=0.9 eta_c=20.0 eta_m=20.0,ok,,ga,10,130,3835724665,1.3327843149668617e-05,1.3327843149668617e-05,10000,10000,0.3949,"[0.6346272467403309, -4.349574425633047, -4.884041952276526, -3.824727789015452, -0.09107132862494452, 2.8052318058483903, 3.7001478264997125, 2.8350907938805885, -4.3629616172662615, -0.05905186761460873]"
random_objective,GA/SBX NP=50 pc=0.9 eta_c=20.0 eta_m=20.0,ok,,ga,10,131,236139291,0.00024032771714288526,0.00024032771714288526,10000,10000,0.3949,"[-0.35393097868755086, -1.1047784819113529, -4.818573657362608, -3.263961821119118, -4.863894380366932, -1.5620447725257842, 1.8094820689742426, 1.4124960462649334, 1.7763590818346153, -2.6417730861238207]"
random_objective,GA/SBX NP=50 pc=0.9 eta_c=20.0 eta_m=20.0,ok,,ga,10,132,1139010430,2.387062736763923e-05,2.387062736763923e-05,10000,10000,0.3869,"[0.5793793111584046, -2.8343155854260536, 1.168285301809031, 4.585039963021021, 2.787141968745252, -3.714443352276935, 1.7713229635510948, 3.811578050944573, 0.14655631690385817, 0.9016594877306451]"
random_objective,GA/SBX NP=50 pc=0.9 eta_c=20.0 eta_m=20.0,ok,,ga,10,133,238573958,5.4318114712348375e-05,5.4318114712348375e-05,10000,10000,0.35,"[-3.9874911366035457, 3.7577315488320027, 0.5619919905440429, -1.8096528474438667, 2.8031940459497884, 0.25754783094424916, -4.136085834043323, 3.967297613077172, 2.844105032966727, 3.364029234979683]"
random_objective,GA/SBX NP=50 pc=0.9 eta_c=20.0 eta_m=20.0,ok,,ga,10,134,2277974966,9.503887268502709e-05,9.503887268502709e-05,10000,10000,0.4145,"[2.7652810520950943, -3.7255585343377486, -1.1286851040698715, 1.3642054692986092, 3.5549890368235886, 3.714437884441705, 0.3026465158430714, -4.511070438587216, 1.0334672268751437, -3.7717110751438843]"
random_objective,GA/SBX NP=50 pc=0.9 eta_c=20.0 eta_m=20.0,ok,,ga,10,135,4187336472,0.00023446015581518598,0.00023446015581518598,10000,10000,0.3976,"[-5.0, 1.3720592585672335, -2.2800157880935727, 3.8121469557818197, -1.4994429665552889, 3.375043587228224, -5.0, 1.584875513086374, -1.4803317708429562, 1.5874992248616173]"
random_objective,GA/SBX NP=50 pc=0.9 eta_c=20.0 eta_m=20.0,ok,,ga,10,136,3779777674,0.0004150944030728576,0.0004150944030728576,10000,10000,0.4031,"[3.5543122326825265, -0.25901608876426263, 4.660625660643585, -2.6857747039771174, 1.3703449264316836, 2.5810447032223838, -3.9868762865196796, 3.9458713659895697, 1.979369389263051, 1.0096441539127616]"
random_objective,GA/SBX NP=50 pc=0.9 eta_c=20.0 eta_m=20.0,ok,,ga,10,137,1763047841,5.576975507548543e-05,5.576975507548543e-05,10000,10000,0.3971,"[2.926613575605036, -4.571092030558325, 1.4308303788512853, 4.278912881286756, -3.792401936891215, 3.0300877383338323, 4.740470717358551, 5.0, 4.6859835882629755, -0.17815140713421523]"
random_objective,GA/SBX NP=50 pc=0.9 eta_c=20.0 eta_m=20.0,ok,,ga,10,138,518461981,5.6766264349250584e-05,5.6766264349250584e-05,10000,10000,0.4006,"[1.7514072600031514, 1.2512157900697145, -4.79669434791249, -3.5063575848025637, -3.150605875070894, -0.8907642275922918, 3.9817969167306893, -0.7780722644575789, -4.802820407225927, -0.6433447984635372]"
random_objective,GA/SBX NP=50 pc=0.9 eta_c=20.0 eta_m=20.0,ok,,ga,10,139,2255834133,1.3315720225670624e-05,1.3315720225670624e-05,10000,10000,0.4118,"[1.1046688996101586, -1.3046111090157888, 0.858328712520979, 2.027789361026504, -3.336541729125955, -4.017650183768612, 1.7446290650120813, 1.6699267459621459, -0.20867900048516133, 2.967282688643791]"
random_objective,GA/SBX NP=50 pc=0.9 eta_c=20.0 eta_m=20.0,ok,,ga,10,140,3133001130,2.9984326688659024e-05,2.9984326688659024e-05,10000,10000,0.3601,"[1.2267684874395257, -3.093690546574716, 2.8126594771168745, -3.9541892163297168, 0.9311884048877253, 4.016806623934873, -0.20059740240236557, -1.0717204967000522, -0.871627147386081, -1.2748769291369835]"
random_objective,GA/SBX NP=50 pc=0.9 eta_c=20.0 eta_m=20.0,ok,,ga,10,141,4273357676,0.00014667367553389266,0.00014667367553389266,10000,10000,0.4182,"[3.8507347778742425, -4.442165189581988, 4.046471321539319, -4.019364307241969, -3.2416739995248682, 4.384868247735666, -3.3606980662545975, -0.9064737738267477, 2.189568186421608, -1.9082231617906982]"
random_objective,GA/SBX NP=50 pc=0.9 eta_c=20.0 eta_m=20.0,ok,,ga,10,142,590819396,7.239324829444449e-05,7.239324829444449e-05,10000,10000,0.3636,"[-0.0480432068702771, 2.4001748539838106, -1.7393008033516135, -4.866621160810963, 2.1277494890376722, 0.6680705908543925, -1.998358592114527, 2.6645799183370182, -3.428279396767013, -2.2419375406271276]"
random_objective,GA/SBX NP=50 pc=0.9 eta_c=20.0 eta_m=20.0,ok,,ga,10,143,2616504126,0.00012404587451464444,0.00012404587451464444,10000,10000,0.3662,"[1.6856964882085643, -2.365798442529062, 1.4740301088625232, -4.653213811154045, -0.5572043575861665, -2.7695768178999773, 4.803663748108967, -0.2453287121614337, 1.601742340599349, 3.182220480804582]"
random_objective,GA/SBX NP=50 pc=0.9 eta_c=20.0 eta_m=20.0,ok,,ga,10,144,3421235929,0.00011714058791123527,0.00011714058791123527,10000,10000,0.3735,"[0.9098038857939903, -4.067816276962452, -1.895881190009509, -1.3962523060390202, 0.8957616816652921, 4.334862767750966, -3.691721941681631, 2.684323458935322, 5.0, -0.18778517750479895]"
random_objective,GA/SBX NP=50 pc=0.9 eta_c=20.0 eta_m=20.0,ok,,ga,10,145,707577646,7.819164471800644e-05,7.819164471800644e-05,10000,10000,0.3789,"[0.8023949250247837, -2.691280992568854, -3.201495746911164, 0.08655240827125878, 4.178988848153645, -2.5698948326831, 1.1961142782679992, -0.5729368628057756, 0.33277063929525946, 2.944529397192184]"
random_objective,GA/SBX NP=50 pc=0.9 eta_c=20.0 eta_m=20.0,ok,,ga,10,146,3440451981,9.304403245269377e-05,9.304403245269377e-05,10000,10000,0.3972,"[0.4479399570921279, 3.249317591922621, -0.6186316583069404, 2.096089979914386, 1.1586550048172854, 3.721014469769465, 0.32794331717318387, -1.3480689634185996, -2.6604510581868217, 1.4941425197777587]"
random_objective,GA/SBX NP=50 pc=0.9 eta_c=20.0 eta_m=20.0,ok,,ga,10,147,873706908,7.578664284035863e-05,7.578664284035863e-05,10000,10000,0.3828,"[-4.767731973221154, 3.0564697130324086, 1.348291720579634, -0.020233960067583857, -1.3885498893247978, -2.410904370594767, -0.14578661345685864, 4.413255928122788, 4.535191187510536, 3.7329171111443062]"
random_objective,GA/SBX NP=50 pc=0.9 eta_c=20.0 eta_m=20.0,ok,,ga,10,148,4114002883,6.686308563053078e-05,6.686308563053078e-05,10000,10000,0.4345,"[5.0, -2.646409409764637, 1.0417452598355015, -0.06345249926330412, 0.27818771273017284, 4.047479139274993, -3.977303166771485, 1.593673643623745, -3.559511767061861, 4.2161931726588024]"
random_objective,GA/SBX NP=50 pc=0.9 eta_c=20.0 eta_m=20.0,ok,,ga,10,149,3956660257,0.00024401556385689194,0.00024401556385689194,10000,10000,0.4105,"[4.5494987512733305, 2.0691005253555517, 0.878313873647741, 1.1698330520421203, 0.5957959333640399, -1.6281767784415608, -1.900344163746405, 3.2908357100804344, 1.1291951381416632, 1.3842094643625187]"
random_objective,GA/SBX NP=50 pc=0.9 eta_c=20.0 eta_m=20.0,ok,,ga,10,150,2226526910,3.014860546579623e-05,3.014860546579623e-05,10000,10000,0.4396,"[1.2163489063407273, -2.8523460578107187, -1.1385324701117745, -0.1853059620314661, 4.481329688559222, -4.126425883795246, -4.6829875440223745, -3.4828286024477344, -4.79162356371852, 4.174310934953307]"
random_objective,GA/SBX NP=50 pc=0.9 eta_c=20.0 eta_m=20.0,ok,,ga,10,151,2627178899,0.00014860772675251432,0.00014860772675251432,10000,10000,0.4158,"[4.694679834275606, 4.918655632712927, 3.436621021118279, 3.9098596294990617, -4.391727046486474, 2.5608652980017825, -0.6277666495982693, 2.599495688720549, 4.44218160261807, -3.528598755036627]"
random_objective,GA/SBX NP=50 pc=0.9 eta_c=20.0 eta_m=20.0,ok,,ga,10,152,3253263290,1.766355536914066e-05,1.766355536914066e-05,10000,10000,0.3792,"[-1.3169463599553093, -2.071402899935387, -3.3687687062260725, -3.560553065044342, 4.87834525898149, -4.605696946039576, -4.895106320949632, 1.0594969057037287, 0.3108131064950139, -3.762700419649524]"
random_objective,GA/SBX NP=50 pc=0.9 eta_c=20.0 eta_m=20.0,ok,,ga,10,153,1943473684,8.357086462840169e-05,8.357086462840169e-05,10000,10000,0.381,"[-2.2073764046070394, -1.907690217138231, 3.273910118647173, 5.0, -3.8928603378356064, 2.3954054881597866, -3.051551280112168, 0.9334518628146362, 1.9822922500039648, -2.727284272367151]"
random_objective,GA/SBX NP=50 pc=0.9 eta_c=20.0 eta_m=20.0,ok,,ga,10,154,3698811489,7.589645795691435e-05,7.589645795691435e-05,10000,10000,0.3676,"[-3.196056673078841, -3.9760824325118924, -0.27423104711607243, -1.17721283051238, -2.5951058195668395, -4.185595085886567, -0.8218720909272058, -0.5532332231015179, 0.45957677917583434, 3.2985349768907835]"
random_objective,GA/SBX NP=50 pc=0.9 eta_c=20.0 eta_m=20.0,ok,,ga,10,155,1692232262,0.00010545278748486098,0.00010545278748486098,10000,10000,0.4197,"[2.3182454715087006, 2.0598397967380206, -4.982344825796385, 2.0221864007892654, 1.5884434120786963, -3.656264081714767, 2.2527958733203506, 3.3293311632663767, 1.530388607544064, -3.4017381231883372]"
random_objective,GA/SBX NP=50 pc=0.9 eta_c=20.0 eta_m=20.0,ok,,ga,10,156,3608678153,1.999996251211833e-05,1.999996251211833e-05,10000,10000,0.3436,"[-2.3657822741343995, 4.548675124009046, -1.3124706624190778, 2.463481614941697, 1.9340768020815495, 2.693951503310383, -3.323188406281228, 0.803432797800172, -4.122250858668271, 4.387747566310947]"
random_objective,GA/SBX NP=50 pc=0.9 eta_c=20.0 eta_m=20.0,ok,,ga,10,157,3284884982,4.566661083460488e-05,4.566661083460488e-05,10000,10000,0.3326,"[1.6446760582668603, 4.299193557459156, 2.1365039995585855, 2.8070319751807924, 1.3402899264117003, 1.2473233429539532, -3.6759992867228797, 3.520761096063778, 5.0, -1.5073343950788232]"
random_objective,GA/SBX NP=50 pc=0.9 eta_c=20.0 eta_m=20.0,ok,,ga,10,158,2906703557,3.800646281304498e-05,3.800646281304498e-05,10000,10000,0.3149,"[-4.518041353759367, 3.66917571238655, 0.686661674453522, -3.134163952221624, -1.3348682508215803, 1.0062882443219772, 3.691221511082225, -0.12249556487650644, -0.2590229367975681, -1.1009741015414831]"
random_objective,GA/SBX NP=50 pc=0.9 eta_c=20.0 eta_m=20.0,ok,,ga,10,159,4280317757,8.316622154480591e-05,8.316622154480591e-05,10000,10000,0.3158,"[-1.6333780154932844, 4.653171635341977, -0.46900252880724147, -1.650754028517944, -4.469752303805163, -2.7128314638972153, 4.167404128107919, -4.7711228290644545, 0.612342991569272, -1.947747980781418]"
random_objective,GA/SBX NP=50 pc=0.9 eta_c=20.0 eta_m=20.0,ok,,ga,10,160,544701266,3.681255473531042e-05,3.681255473531042e-05,10000,10000,0.327,"[-4.27082520964196, 0.9011294283213391, -4.537862441761066, 1.3283051498167924, 2.754570295481112, -0.9320941395327793, 1.6538886549034488, -4.8842554089507875, 3.109605332738728, -1.2828210595838636]"
random_objective,GA/SBX NP=50 pc=0.9 eta_c=20.0 eta_m=20.0,ok,,ga,10,161,5672529,0.0003776192133773115,0.0003776192133773115,10000,10000,0.3215,"[3.50576090585041, 2.4806059078181972, -3.5412616667969607, -3.1560422070828644, -1.1472035503901394, -4.133058521802213, 3.2018789151978093, -3.5186224216620747, 1.022229038207494, 2.625338524475258]"
random_objective,GA/SBX NP=50 pc=0.9 eta_c=20.0 eta_m=20.0,ok,,ga,10,162,657211828,1.3881575599228313e-05,1.3881575599228313e-05,10000,10000,0.3328,"[4.611510220042652, 3.278348632308968, -4.834986808293377, 2.338963338618345, 3.445881582827068, 1.1338003213209558, -1.7895702366004296, -3.0488144235062973, 2.6272554466418367, -4.954172475952741]"
random_objective,GA/SBX NP=50 pc=0.9 eta_c=20.0 eta_m=20.0,ok,,ga,10,163,3311255607,9.696138564119217e-05,9.696138564119217e-05,10000,10000,0.41,"[-3.531267722709425, 3.7795294303557547, 0.09879441970106995, -2.8068335696759106, -1.2418983865784996, -2.5084356177938956, -4.053976959114165, -1.212531615951381, -3.757580977825575, -3.721631766984674]"
random_objective,GA/SBX NP=50 pc=0.9 eta_c=20.0 eta_m=20.0,ok,,ga,10,164,3569713867,0.00015629782749826404,0.00015629782749826404,10000,10000,0.4457,"[-3.9733598689546934, 0.9972652612019334, -2.000638806693523, 3.1670259595479733, 3.496777284268624, -2.2311015871609805, 4.611402586447586, 1.5653572511516651, 0.5671866984347002, 3.9674229963537595]"
random_objective,GA/SBX NP=50 pc=0.9 eta_c=20.0 eta_m=20.0,ok,,ga,10,165,671086138,0.00028827860647862025,0.00028827860647862025,10000,10000,0.4274,"[1.6981024136568186, -0.2148454949389955, -3.0608304972654317, 0.3883517348574892, -1.5711692431494446, -0.04605938775344706, -2.705118117585757, -1.9934800131330725, 1.5953315416502354, 3.9824317160933713]"
random_objective,GA/SBX NP=50 pc=0.9 eta_c=20.0 eta_m=20.0,ok,,ga,10,166,970466985,2.9080888913624037e-06,2.9080888913624037e-06,10000,10000,0.3955,"[-0.13165248090006137, 2.4474207755216977, 1.7738637536057524, -2.9290907822478585, -2.6690545440387403, 0.6616771762140425, 1.9245093197690313, 1.1614015351563718, 1.2722213096295591, 3.9808916309638716]"
random_objective,GA/SBX NP=50 pc=0.9 eta_c=20.0 eta_m=20.0,ok,,ga,10,167,1125643802,0.0002627282024258992,0.0002627282024258992,10000,10000,0.3882,"[-3.627543103608412, 2.2246184452159867, -0.013372412180912167, -4.296731448090101, -2.647449759767757, -2.0941214893497353, -2.2004838581683055, 3.3960802019739185, -2.3647459116786362, -4.540690517152597]"
random_objective,GA/SBX NP=50 pc=0.9 eta_c=20.0 eta_m=20.0,ok,,ga,10,168,2741867370,9.275702640343386e-05,9.275702640343386e-05,10000,10000,0.4017,"[1.9802280272048662, -5.0, 0.06462201841309712, -1.955071782884688, 1.6605966367800702, 2.651429946242695, 3.660886265628216, 1.9728219544055694, -3.9566146454492124, 1.317516474431532]"
random_objective,GA/SBX NP=50 pc=0.9 eta_c=20.0 eta_m=20.0,ok,,ga,10,169,3419800257,2.9418616018683785e-05,2.9418616018683785e-05,10000,10000,0.3905,"[0.9455971394709899, 1.674293525696308, 3.6667469739443814, -3.858927086773076, -2.7375547339670065, -3.107894841293938, -2.3186841484172973, -4.534460738204979, 2.7949035119751744, -0.5733991291173561]"
random_objective,GA/SBX NP=50 pc=0.9 eta_c=20.0 eta_m=20.0,ok,,ga,10,170,3996227055,0.00026159304368689185,0.00026159304368689185,10000,10000,0.3791,"[-3.8720209830331065, -3.254610951796435, 2.7282687472554583, 2.600447443668308, 3.197985555543965, 4.718326397178049, -0.38341130300692994, 3.6132949465817497, -0.6981880457575893, -0.17635294026216825]"
random_objective,GA/SBX NP=50 pc=0.9 eta_c=20.0 eta_m=20.0,ok,,ga,10,171,3120765428,5.0397877048746764e-05,5.0397877048746764e-05,10000,10000,0.3045,"[2.6325531758309078, 1.285939953365076, 1.4779268528460994, 1.0449500559055558, 2.9198178534415, -3.0974733397495506, 2.3920409589937175, 5.0, 3.9935214912908266, 2.1831067323663116]"
random_objective,GA/SBX NP=50 pc=0.9 eta_c=20.0 eta_m=20.0,ok,,ga,10,172,1146659751,4.580459920733304e-05,4.580459920733304e-05,10000,10000,0.3047,"[-4.623441703153305, -1.1172029569706545, 3.9009627515002983, -0.33570719295273305, -3.8136162562637432, -1.494127171775762, -0.4006068971675549, -3.3434516551754854, -3.2068297659219116, 0.4860233537913735]"
random_objective,GA/SBX NP=50 pc=0.9 eta_c=20.0 eta_m=20.0,ok,,ga,10,173,218298907,8.850341446375865e-06,8.850341446375865e-06,10000,10000,0.2967,"[1.8313489973135808, -3.1049051608519047, 3.1154676103687606, -2.890997873853622, 3.6302311699404317, -1.0864886421335571, -4.472828646827138, -3.1870140045486686, 5.0, -1.1726206008054354]"
random_objective,GA/SBX NP=50 pc=0.9 eta_c=20.0 eta_m=20.0,ok,,ga,10,174,3175527298,1.0988750667184632e-06,1.0988750667184632e-06,10000,10000,0.3046,"[-0.5287690657892864, -2.7741239734456133, 1.2810447977785608, -4.894301927262435, -2.7679397931828995, 3.8583932640560294, 0.327822082524035, 2.5533109279030817, -0.2560186542394106, 0.15271495670633647]"
random_objective,GA/SBX NP=50 pc=0.9 eta_c=20.0 eta_m=20.0,ok,,ga,10,175,1531649660,0.00019410862637092574,0.00019410862637092574,10000,10000,0.2842,"[-4.877058858312635, 1.800001462652376, -4.2829889802543395, 0.07385609257807112, -0.3890792606309861, -2.068928136513473, 1.0839094998958005, -3.189595151674591, -2.3105869368981877, 2.310328457942181]"
random_objective,GA/SBX NP=50 pc=0.9 eta_c=20.0 eta_m=20.0,ok,,ga,10,176,838279679,5.723670542945314e-05,5.723670542945314e-05,10000,10000,0.3117,"[1.1840270209248582, -0.02157855364903851, -0.44556302340353826, -1.4062030181315108, 2.5864250120698773, 5.0, -2.9313581217188633, 0.5147277890306458, -3.594503150640829, -4.041986545464398]"
random_objective,GA/SBX NP=50 pc=0.9 eta_c=20.0 eta_m=20.0,ok,,ga,10,177,1743412663,0.0008894204252871685,0.0008894204252871685,10000,10000,0.2956,"[-2.398746276777618, 3.2295214221503348, -4.967182593066532, -2.374676335397487, -0.986580753070002, 4.4264699640204075, 0.29670322119346304, 4.8682187399187455, -4.26589402960687, 1.8932540261947155]"
random_objective,GA/SBX NP=50 pc=0.9 eta_c=20.0 eta_m=20.0,ok,,ga,10,178,2328984719,0.00010357419647488708,0.00010357419647488708,10000,10000,0.2919,"[-1.8887957316594821, 2.8249039625002665, -3.8613196741767988, 3.2241069121218047, 3.7665278984015043, -3.353967977605951, 2.7217889858110995, -4.055365708588164, -3.8334499008424876, -4.222452961291178]"
random_objective,GA/SBX NP=50 pc=0.9 eta_c=20.0 eta_m=20.0,ok,,ga,10,179,3917920416,1.4438035626063161e-05,1.4438035626063161e-05,10000,10000,0.3232,"[-2.997735610931825, -2.345437388106872, 2.2536990613776524, -4.857883530690791, 1.915879378484594, -2.984598325424497, 3.609126053128296, 2.037864345316544, 0.5144294607668787, -3.8066579771345106]"
random_objective,GA/SBX NP=50 pc=0.9 eta_c=20.0 eta_m=20.0,ok,,ga,10,180,1668413078,0.00011455873199650579,0.00011455873199650579,10000,10000,0.2959,"[-2.7761935278361283, 1.614008010937171, 0.2007065876813824, -2.830830837577132, -3.3654360572272144, -0.8042078938611701, -4.935628644973653, -1.1997005186562624, 3.3357768990523713, -0.2653375822226551]"
random_objective,GA/SBX NP=50 pc=0.9 eta_c=20.0 eta_m=20.0,ok,,ga,10,181,1132203822,4.974879290009504e-05,4.974879290009504e-05,10000,10000,0.3117,"[-5.0, -1.9814881473943706, -3.20381342256201, 2.322030645010179, -0.1843509330271836, 3.9462214215818734, 0.2646291565672659, -2.440090784346276, 5.0, 4.970228334108443]"
random_objective,GA/SBX NP=50 pc=0.9 eta_c=20.0 eta_m=20.0,ok,,ga,10,182,2915813229,2.9473352111897277e-05,2.9473352111897277e-05,10000,10000,0.2787,"[-3.8739696886477866, 2.8562047936969304, -4.468962028742082, 3.4745125634068525, -2.6523386868771244, -1.8192225052218505, -0.23085529948528463, -3.722647981089111, -2.4145661131292293, 2.8170305882559536]"
random_objective,GA/SBX NP=50 pc=0.9 eta_c=20.0 eta_m=20.0,ok,,ga,10,183,3326586118,9.905612179539336e-05,9.905612179539336e-05,10000,10000,0.2989,"[-2.340691270522442, -0.76119277631023, 3.3057606902548398, -0.33021982624377455, -4.327245136413899, 2.652930834715477, -4.143424874796684, -0.22468052003501018, -0.4317848243541641, -2.5123385989541434]"
random_objective,GA/SBX NP=50 pc=0.9 eta_c=20.0 eta_m=20.0,ok,,ga,10,184,2402205323,9.74911052992189e-05,9.74911052992189e-05,10000,10000,0.3407,"[-4.536184167126452, 2.2223330648859965, -3.767479022833326, -0.20916531117751042, -3.4952677563443943, -2.6495716136483414, -4.545595312249582, -3.856141632540313, -4.990619399826915, 2.5339073902694307]"
random_objective,GA/SBX NP=50 pc=0.9 eta_c=20.0 eta_m=20.0,ok,,ga,10,185,726071889,1.915919544370759e-05,1.915919544370759e-05,10000,10000,0.3112,"[3.9616155052955104, 4.085856459511172, -2.0946035318076506, 4.014634034499992, 3.358903357813746, 3.551580603871898, -2.856598319342398, -0.8754881897991116, 2.407151823548907, 3.579203932842577]"
random_objective,GA/SBX NP=50 pc=0.9 eta_c=20.0 eta_m=20.0,ok,,ga,10,186,1688034823,0.00013063389947864934,0.00013063389947864934,10000,10000,0.3194,"[0.3648999840543215, -3.921341884983425, -2.8021241324131503, -1.1533460359360062, 4.400659338427795, -2.2853517234683167, -3.534864818159408, -2.2030120402541082, -3.83871151143168, 0.8252251296974336]"
random_objective,GA/SBX NP=50 pc=0.9 eta_c=20.0 eta_m=20.0,ok,,ga,10,187,2754700469,0.00018569556760772432,0.00018569556760772432,10000,10000,0.5379,"[1.0314097906747657, -1.8633674976705916, 0.7209948353155963, 0.27761764770243014, 2.653498591145385, -3.5824520573526213, 2.1357700811283333, -2.6534520001654003, 2.3736036627068953, -3.844120132379615]"
random_objective,GA/SBX NP=50 pc=0.9 eta_c=20.0 eta_m=20.0,ok,,ga,10,188,2383953780,4.5295915109822005e-06,4.5295915109822005e-06,10000,10000,0.626,"[-4.068664987492487, -0.7735706172233048, 2.0078174570438403, -2.765012689246179, -2.5403289651394707, -3.251649422894999, -4.060988748346003, 4.363706772411737, 3.2152859292367957, 0.26145665482158137]"
random_objective,GA/SBX NP=50 pc=0.9 eta_c=20.0 eta_m=20.0,ok,,ga,10,189,2622195151,0.00015224008453607052,0.00015224008453607052,10000,10000,0.6233,"[-0.1594339092738384, -2.0895754786719554, -2.9009635641400435, 2.6354960429955376, -0.954558222659758, -1.8192559373636519, 0.6074987034819295, -0.4948030570941929, -4.780966412002021, 2.113166670826592]"
random_objective,GA/SBX NP=50 pc=0.9 eta_c=20.0 eta_m=20.0,ok,,ga,10,190,1713047701,2.0806757817903865e-05,2.0806757817903865e-05,10000,10000,0.6004,"[3.5739110728866224, 0.8994097591359288, -2.9987059125106796, 3.5057542592342226, 3.7288230437194363, -3.04964168192547, -4.398184234184076, -2.878596616036053, -4.392940777384886, -2.422445707706169]"
random_objective,GA/SBX NP=50 pc=0.9 eta_c=20.0 eta_m=20.0,ok,,ga,10,191,3789265796,0.00010737520252779298,0.00010737520252779298,10000,10000,0.6014,"[-3.5653720996867415, 2.0284263006052496, -3.4986450366737953, 1.7626207719738136, 1.4692871109264143, 1.195456229766771, -2.669383871736003, 3.6967531864409073, -0.7479482544983899, -2.2169820801233135]"
random_objective,GA/SBX NP=50 pc=0.9 eta_c=20.0 eta_m=20.0,ok,,ga,10,192,524408400,3.943067948486423e-05,3.943067948486423e-05,10000,10000,0.6021,"[0.7550103370304322, 2.4920981665662953, 3.8465571695992904, 1.2082776944101843, 4.36247315314415, -1.7074254710870895, 2.0751641762056994, -3.4416716424788145, 2.1848506367517624, -1.2416707556184177]"
random_objective,GA/SBX NP=50 pc=0.9 eta_c=20.0 eta_m=20.0,ok,,ga,10,193,2996008266,9.838916245974438e-05,9.838916245974438e-05,10000,10000,0.5781,"[-4.774192497746725, -3.499232285687256, -3.6617028685983044, -3.68319335306647, 4.7767360559522105, -4.290153025131437, 3.0456881108201754, 2.287536497906836, -1.7166868324805469, 1.1800868819983552]"
random_objective,GA/SBX NP=50 pc=0.9 eta_c=20.0 eta_m=20.0,ok,,ga,10,194,2656465800,5.601671047550383e-05,5.601671047550383e-05,10000,10000,0.5788,"[-3.542857004900904, -1.435321459934514, 3.5520746016250224, 1.006259789099311, -5.0, -0.2609476960400292, -0.7338363806915291, -4.099628551030759, -4.402265957863819, -4.564862142416398]"
random_objective,GA/SBX NP=50 pc=0.9 eta_c=20.0 eta_m=20.0,ok,,ga,10,195,3787522533,3.5107640256493156e-05,3.5107640256493156e-05,10000,10000,0.4279,"[-4.491981784986966, 1.3673124579311993, 1.5965241791177542, 4.277585697506461, 4.723289184443557, 0.9158338271902621, 3.825800497014703, -3.451175169335589, 2.4150124070292733, -3.050207721500568]"
random_objective,GA/SBX NP=50 pc=0.9 eta_c=20.0 eta_m=20.0,ok,,ga,10,196,3566611693,3.4738221925567636e-05,3.4738221925567636e-05,10000,10000,0.3465,"[3.6732624544917676, -4.120470936284204, -0.5863537742725349, -2.3934523888956516, 4.014721613363059, 2.346878908168817, 2.9476530586176657, -1.9632040887020492, 0.7311665451010647, 0.9876224062913949]"
random_objective,GA/SBX NP=50 pc=0.9 eta_c=20.0 eta_m=20.0,ok,,ga,10,197,4065325649,2.652830702343234e-05,2.652830702343234e-05,10000,10000,0.4746,"[1.8280503813857303, -0.42206820331661393, 3.426206556150529, 3.6815319332751506, -0.9014251455008248, 3.8407474398302504, -4.180812437525435, -2.304099047512262, 4.766885647428294, 4.772967417077911]"
random_objective,GA/SBX NP=50 pc=0.9 eta_c=20.0 eta_m=20.0,ok,,ga,10,198,2677651394,5.1574129791398526e-05,5.1574129791398526e-05,10000,10000,0.4977,"[-4.568777002731103, 4.4995630224758, 1.6233656055812833, -1.08015018212959, 4.322540561048212, -0.7604688496367199, 1.4714735062474, 3.4346981720530327, -2.096545246924793, -0.9536324549419175]"
random_objective,GA/SBX NP=50 pc=0.9 eta_c=20.0 eta_m=20.0,ok,,ga,10,199,3643210234,2.736994222374278e-07,2.736994222374278e-07,10000,10000,0.5363,"[2.896947816647688, -3.3006574501834836, 1.3074033888155976, 0.6235641844430534, -2.683630124024665, 4.825570037188392, 0.26573847722684757, -3.1255851093265186, 3.6990863898228463, 5.0]"
random_objective,PSO/constriction N=40 c1=2.05 c2=2.05 chi=0.7298,ok,,pso,10,0,271556403,0.00010438196728024263,0.00010438196728024263,10000,10000,0.0335,"[-5.0, 0.5208449184303228, -1.206888655030462, 0.4202519925240519, -2.498435896794268, 2.999084701439519, -1.7654694230139336, 4.114110309565492, 0.46478127755025445, -5.0]"
random_objective,PSO/constriction N=40 c1=2.05 c2=2.05 chi=0.7298,ok,,pso,10,1,424812519,1.6241575725439716e-05,1.6241575725439716e-05,10000,10000,0.029,"[4.677589262718345, -5.0, 2.941476367714042, 4.891679257942326, -3.320623592253918, 2.608377232505423, 4.214102356916435, -3.9918154703100655, -2.1681469394375656, 4.790293837661095]"
random_objective,PSO/constriction N=40 c1=2.05 c2=2.05 chi=0.7298,ok,,pso,10,2,1320703754,5.585615361680674e-06,5.585615361680674e-06,10000,10000,0.0338,"[-2.9898775035969005, -1.4133074638290328, -1.4473239475201543, -4.0418328770246434, -4.093631350255232, -4.409038548962755, 4.202735785516645, -3.6932576439478333, -3.3458106393167304, -0.6872372261541239]"
random_objective,PSO/constriction N=40 c1=2.05 c2=2.05 chi=0.7298,ok,,pso,10,3,1669972689,0.0001228028752209287,0.0001228028752209287,10000,10000,0.036,"[-3.9555037013521783, 1.4114941519150566, 4.775035620260861, 4.414722723784694, -2.2290897545545096, -2.5473590364778835, 1.4098484475613478, -0.7185048929891575, 2.1010068802557793, 3.279645252344537]"
random_objective,PSO/constriction N=40 c1=2.05 c2=2.05 chi=0.7298,ok,,pso,10,4,3204393971,8.74491685993739e-05,8.74491685993739e-05,10000,10000,0.0237,"[4.905515770118176, -0.04391031671524859, 2.926900028677908, -4.28983384884569, -1.8141641694573534, -1.405667205060641, 3.50661989481759, 2.0209849150330594, 2.306226381754249, -0.401495171061369]"
random_objective,PSO/constriction N=40 c1=2.05 c2=2.05 chi=0.7298,ok,,pso,10,5,1142877729,0.00017937985076310614,0.00017937985076310614,10000,10000,0.0312,"[0.1828062746759642, 3.0315022123689355, 5.0, -0.7791528233996736, -2.783057849885792, 1.7650417363781261, -3.5100048622990276, -3.924037330745924, -1.4049215326028222, 4.6402529992328345]"
random_objective,PSO/constriction N=40 c1=2.05 c2=2.05 chi=0.7298,ok,,pso,10,6,348052587,4.886512275759092e-05,4.886512275759092e-05,10000,10000,0.0268,"[3.4764805451975263, 3.537298415013998, 5.0, 5.0, -4.662704130986349, -5.0, -3.2422954019918677, -2.0853092234744617, -4.040751246383802, -2.1978223343592194]"
random_objective,PSO/constriction N=40 c1=2.05 c2=2.05 chi=0.7298,ok,,pso,10,7,2989631369,9.78796509448765e-05,9.78796509448765e-05,10000,10000,0.034,"[-3.8388751465133657, 0.4322123664463126, 5.0, -1.0956936430041706, -5.0, 3.992581809788086, -0.15523606446787508, 0.3147363969756568, -1.3475841818837453, 0.36311140973868594]"
random_objective,PSO/constriction N=40 c1=2.05 c2=2.05 chi=0.7298,ok,,pso,10,8,3301350244,0.00023006998729269146,0.00023006998729269146,10000,10000,0.0312,"[1.7664872430872975, -1.1607075880952782, 3.4179947121085092, -2.033981526775065, 4.8967077505310606, -1.0844184222849327, -3.9251621194533555, -1.7885774685280813, 0.39096505908288504, -0.10246842946787704]"
random_objective,PSO/constriction N=40 c1=2.05 c2=2.05 chi=0.7298,ok,,pso,10,9,3011280465,8.575127591803344e-05,8.575127591803344e-05,10000,10000,0.0309,"[-0.2945554198393157, -0.7575654629052022, 2.4761256714623388, 3.6984554259165523, -4.794119520659115, -0.33312672103980784, 1.563230494761409, -3.504421663947316, -4.8381479857843654, -0.48232618252828346]"
random_objective,PSO/constriction N=40 c1=2.05 c2=2.05 chi=0.7298,ok,,pso,10,10,229724742,8.064888261283265e-05,8.064888261283265e-05,10000,10000,0.0316,"[3.3611156568406293, -3.563740077454862, 0.4625041029871797, -0.5735428675603307, 1.2287916824855796, 2.702034535112307, -4.419631626920828, 0.1712950997436113, -2.1740218155199793, -2.110524609519114]"
random_objective,PSO/constriction N=40 c1=2.05 c2=2.05 chi=0.7298,ok,,pso,10,11,1714998402,5.721653708867791e-05,5.721653708867791e-05,10000,10000,0.0328,"[-1.827267553726267, 4.455705057921618, 1.5672123445324562, -2.3548656344250856, -3.4243305712577436, 1.4546637039635846, 4.24709659000859, 4.09407437367067, -1.105595801256236, 2.685853533336648]"
random_objective,PSO/constriction N=40 c1=2.05 c2=2.05 chi=0.7298,ok,,pso,10,12,3304302684,1.0505050531572913e-05,1.0505050531572913e-05,10000,10000,0.0292,"[-2.7437035242849164, 1.7487047508246705, 4.8241712222960125, -4.4134297286715904, 0.36871979231225716, 2.2232873832303883, 1.4567202192594069, -3.458058417892199, -3.123162245867746, -2.207349985935167]"
random_objective,PSO/constriction N=40 c1=2.05 c2=2.05 chi=0.7298,ok,,pso,10,13,1490156288,0.00032470415417029663,0.00032470415417029663,10000,10000,0.031,"[-0.4714342826895479, 0.7184641290892257, 2.2983388595944243, -0.5153962999369066, 4.016375198197471, -4.506451839775623, 3.44040159073593, -4.9233895371337955, 2.460628497619779, -0.9941416302383677]"
random_objective,PSO/constriction N=40 c1=2.05 c2=2.05 chi=0.7298,ok,,pso,10,14,3352452202,2.411636025112518e-05,2.411636025112518e-05,10000,10000,0.0421,"[4.3984584596870135, 1.1770121609167232, -2.3996351682271944, -0.09308997974940623, 4.636426902178768, -4.8102818353783245, 5.0, -0.9119714644874315, -2.8249301537363514, 4.174544053060211]"
random_objective,PSO/constriction N=40 c1=2.05 c2=2.05 chi=0.7298,ok,,pso,10,15,2750788835,9.056478256852518e-05,9.056478256852518e-05,10000,10000,0.0454,"[-4.774814095028851, -1.4302564292235902, 4.968378627004147, -2.0577017838294482, -1.6629212622075462, -1.7852737139537258, 1.9011222237079253, 3.9476150722119923, 1.8694940218726663, -0.5090224686342721]"
random_objective,PSO/constriction N=40 c1=2.05 c2=2.05 chi=0.7298,ok,,pso,10,16,2616155254,0.00013571926293554082,0.00013571926293554082,10000,10000,0.0556,"[-2.6790012226372695, -1.5400744227210081, 0.415395198612325, 1.8145756680902627, -3.223646309694637, 0.3265529986985265, 2.6828660498445016, -0.8516979759877714, 2.815988933342202, 0.5070659841568677]"
random_objective,PSO/constriction N=40 c1=2.05 c2=2.05 chi=0.7298,ok,,pso,10,17,3139851792,0.00015114357107404164,0.00015114357107404164,10000,10000,0.0326,"[-4.954164694486499, -4.452691216861435, -4.966287485642542, -4.314823513635031, 5.0, 4.063174690200157, -4.891038991989438, 3.89308188091021, -5.0, 4.989463937263277]"
random_objective,PSO/constriction N=40 c1=2.05 c2=2.05 chi=0.7298,ok,,pso,10,18,3756453357,0.00013348484842790054,0.00013348484842790054,10000,10000,0.0289,"[-5.0, -2.463603182564828, 3.8686098193807945, -0.4255191356165613, -2.714027583502893, -1.568876359419719, 0.9589683434114109, 3.032299959463774, -3.99964271960666, -0.5359953356828642]"
random_objective,PSO/constriction N=40 c1=2.05 c2=2.05 chi=0.7298,ok,,pso,10,19,3513190849,0.00014221728999364025,0.00014221728999364025,10000,10000,0.0246,"[-2.759594408349807, -0.10347943778791535, -2.225185212187696, -2.639241439977855, -1.4426634550871076, 1.883494902975026, 2.7562419021298084, 1.4281361522317344, 0.4103967413034493, -2.9838254745604766]"
random_objective,PSO/constriction N=40 c1=2.05 c2=2.05 chi=0.7298,ok,,pso,10,20,904481808,4.068419499303477e-05,4.068419499303477e-05,10000,10000,0.0329,"[0.9145765565549969, 1.4059752325950516, 0.34490635753727, -3.6062781172496052, 0.49352542310256703, 2.2219521281620067, -3.6536866816583493, -2.5215068977238566, -4.496613359204064, 3.9257338939423603]"
random_objective,PSO/constriction N=40 c1=2.05 c2=2.05 chi=0.7298,ok,,pso,10,21,2751950844,0.0003661747492894607,0.0003661747492894607,10000,10000,0.024,"[-2.58269766548392, -3.686069458550106, 3.3079886843011983, 4.953573618560941, -2.979121541523361, -3.8225821034129135, -5.0, 4.859590057636296, 2.658743143782743, -5.0]"
random_objective,PSO/constriction N=40 c1=2.05 c2=2.05 chi=0.7298,ok,,pso,10,22,3084142145,3.3283817127194304e-05,3.3283817127194304e-05,10000,10000,0.026,"[4.587207797250066, 0.3050097915881746, 1.8209966445581696, -0.48985135795529233, -0.2632177497176868, -0.5020139014880406, -4.053864961839412, 2.9427278187401145, 1.5201889698795772, -4.759372290558687]"
random_objective,PSO/constriction N=40 c1=2.05 c2=2.05 chi=0.7298,ok,,pso,10,23,2876880346,0.0003072563139026041,0.0003072563139026041,10000,10000,0.0325,"[-1.0448809336533642, 3.3019468588487015, 2.4402889514841815, 3.8578031807345456, 0.005595610631627397, -2.1894017755376614, 2.4370863822286375, 0.5685481861962062, -0.20319795467807217, -0.2802198233818648]"
random_objective,PSO/constriction N=40 c1=2.05 c2=2.05 chi=0.7298,ok,,pso,10,24,1291305168,8.55468145827265e-05,8.55468145827265e-05,10000,10000,0.032,"[-0.743560190282585, 2.1478056845439917, 0.714618479496868, 3.1909156289917036, -3.5535995696113054, 5.0, -1.6408019957053597, 1.405467091197067, 3.19835756301711, -0.9651718270196976]"
random_objective,PSO/constriction N=40 c1=2.05 c2=2.05 chi=0.7298,ok,,pso,10,25,1848276207,3.755816918071808e-05,3.755816918071808e-05,10000,10000,0.0333,"[0.09543811672285524, 3.58929944024984, -0.7133082386139539, 1.579273577142826, -5.0, -0.8050704010260287, -1.4750625457494553, 2.3294223318362235, 0.4067867070000226, -5.0]"
random_objective,PSO/constriction N=40 c1=2.05 c2=2.05 chi=0.7298,ok,,pso,10,26,2626291509,0.0005167145849720445,0.0005167145849720445,10000,10000,0.0352,"[-3.587885674181247, 1.7909208777741603, -3.673796637543007, -0.17486322712026153, 2.4469962935283847, 5.0, 2.8024531616335757, -2.5243263812173637, -5.0, -0.9819260029202519]"
random_objective,PSO/constriction N=40 c1=2.05 c2=2.05 chi=0.7298,ok,,pso,10,27,388506463,6.314927653416902e-05,6.314927653416902e-05,10000,10000,0.0329,"[-2.8748618795590035, 3.129742675818255, -3.597565359951553, -1.5504031031715726, 4.020369403535993, -3.915888035233593, -2.245344792979762, -0.9449984268939655, 0.5822485726853289, 5.0]"
random_objective,PSO/constriction N=40 c1=2.05 c2=2.05 chi=0.7298,ok,,pso,10,28,3859394913,5.9909504793953516e-05,5.9909504793953516e-05,10000,10000,0.0347,"[2.090394308369891, 2.6771433267189826, 2.3364393068516423, 1.8760337919431167, 1.6427389799570165, -5.0, 0.3327248885467566, -1.2003386498207504, 2.2165325773305424, 4.244040880531644]"
random_objective,PSO/constriction N=40 c1=2.05 c2=2.05 chi=0.7298,ok,,pso,10,29,38689885,0.00013356999311642248,0.00013356999311642248,10000,10000,0.0269,"[-1.4244681919331943, 5.0, 5.0, -2.528072070132378, -3.177978772056416, 2.6858643077517175, -0.4028013090246921, -1.7179437058489877, 1.145803808772698, 3.368002023713431]"
random_objective,PSO/constriction N=40 c1=2.05 c2=2.05 chi=0.7298,ok,,pso,10,30,838922896,4.43986065457036e-05,4.43986065457036e-05,10000,10000,0.0306,"[4.327679572436227, -4.921204221746488, 2.1148422621275564, -1.3631574199535383, 4.8642512067192225, -4.900172213675517, 2.5588131909886647, 0.8475964006992717, 3.161347347722763, -4.0145030823528325]"
random_objective,PSO/constriction N=40 c1=2.05 c2=2.05 chi=0.7298,ok,,pso,10,31,1683025002,9.136716530744327e-05,9.136716530744327e-05,10000,10000,0.0385,"[-1.0031568386611105, -4.587143216696846, -0.6356960401112782, -3.972895327751823, -2.936405043833813, 3.5651924612690538, 1.244243720662896, -2.6089268422310705, -1.034904301993861, -3.7136798369537924]"
random_objective,PSO/constriction N=40 c1=2.05 c2=2.05 chi=0.7298,ok,,pso,10,32,120896613,0.00022827382734835755,0.00022827382734835755,10000,10000,0.0365,"[2.8810110100798307, -2.4752375409294336, 1.5924323297028573, -4.776641227181402, -3.249235567688828, 1.607125817258338, -3.452699928740124, 4.276754390477706, 4.161230826019249, -2.207110041148277]"
random_objective,PSO/constriction N=40 c1=2.05 c2=2.05 chi=0.7298,ok,,pso,10,33,3505987544,9.679158450626169e-05,9.679158450626169e-05,10000,10000,0.0436,"[-1.5940656963033197, -3.868948159195735, 1.0081080138349996, -3.934816691360677, -4.411642300926749, 4.952694443771558, -0.706429994797657, 4.687034478832784, 3.557251361948681, -0.6546749451082421]"
random_objective,PSO/constriction N=40 c1=2.05 c2=2.05 chi=0.7298,ok,,pso,10,34,1870301830,0.00010314476227291092,0.00010314476227291092,10000,10000,0.033,"[-4.764604156574799, -5.0, -4.908481911858914, 4.348503040558278, 3.403248368938971, -4.933081170707629, 4.9950460976059485, -4.9982594774538205, -4.266981638230919, -0.614215063943814]"
random_objective,PSO/constriction N=40 c1=2.05 c2=2.05 chi=0.7298,ok,,pso,10,35,880143267,0.0003114811685375196,0.0003114811685375196,10000,10000,0.042,"[-4.575094475909939, -4.938822720952778, -0.3632970139551839, -1.7364470097800067, -3.946646615427806, 3.584612723856163, -5.0, -4.0824965684210035, -1.7669086548640933, -0.6877168882831233]"
random_objective,PSO/constriction N=40 c1=2.05 c2=2.05 chi=0.7298,ok,,pso,10,36,2148162889,3.795041608911642e-05,3.795041608911642e-05,10000,10000,0.0368,"[1.672278393826526, 3.2181280132891525, -5.0, 5.0, 4.386237758959651, -0.7465007727639349, 3.2076639004902203, -1.2044860452430588, 5.0, 3.6394484037669357]"
random_objective,PSO/constriction N=40 c1=2.05 c2=2.05 chi=0.7298,ok,,pso,10,37,3005950653,0.00028281934077700743,0.00028281934077700743,10000,10000,0.0301,"[-2.340170478665035, -0.07709890577436251, -1.200381391000747, 3.275213560577509, 1.3879030909073926, 2.4402523744557527, 0.2920412569944339, -5.0, 3.4796121210308435, 0.3929382792136123]"
random_objective,PSO/constriction N=40 c1=2.05 c2=2.05 chi=0.7298,ok,,pso,10,38,1914202976,4.913879089851747e-06,4.913879089851747e-06,10000,10000,0.0314,"[-4.594137639249207, 1.6969094668967293, 0.36258107908105736, -0.23179590865608857, -1.1988809246217258, -3.4262239396012424, 1.2950455132080398, 0.3552430711021558, -3.5491036383495116, -4.603125298439047]"
random_objective,PSO/constriction N=40 c1=2.05 c2=2.05 chi=0.7298,ok,,pso,10,39,2369222921,5.333237327953544e-05,5.333237327953544e-05,10000,10000,0.0328,"[2.8760351773855333, 1.4962514203900004, -1.0993396582226136, 0.5752691352657915, 4.258565022618949, 0.8532209514038304, -2.906976947394485, 2.021530025495911, 0.6991545937827883, 4.537063319596522]"
random_objective,PSO/constriction N=40 c1=2.05 c2=2.05 chi=0.7298,ok,,pso,10,40,1888722878,7.571065782197017e-06,7.571065782197017e-06,10000,10000,0.0302,"[3.960784299200144, -3.928521431229297, 4.1557116900027555, -4.759111190386344, -2.633183609601586, 1.6683365419872942, -2.5427034054628903, -5.0, -1.5263735456388907, 2.3695184648200365]"
random_objective,PSO/constriction N=40 c1=2.05 c2=2.05 chi=0.7298,ok,,pso,10,41,2428077730,7.950614153906521e-05,7.950614153906521e-05,10000,10000,0.0334,"[0.03822828668084762, -4.937705771798118, 2.0739688093697795, 5.0, -3.0142573491447853, 2.8611123510084204, 3.4732628175130014, -3.4923041631127045, -5.0, -0.14834694648797597]"
random_objective,PSO/constriction N=40 c1=2.05 c2=2.05 chi=0.7298,ok,,pso,10,42,803654934,0.00020475647735274105,0.00020475647735274105,10000,10000,0.0272,"[1.2758657139977725, 0.876549249195873, 2.6199986976924583, 4.9506527998112775, 0.6464464381456624, 4.744624911117363, -4.926623633012946, 4.69082616908974, 1.8818698056489511, 3.492609541954396]"
random_objective,PSO/constriction N=40 c1=2.05 c2=2.05 chi=0.7298,ok,,pso,10,43,1820159245,0.00014106651112566482,0.00014106651112566482,10000,10000,0.0291,"[5.0, 4.4349364867465395, -0.6135651457575144, -1.5877089092312038, 3.3527662251197836, 0.9433280117610547, -4.149066763990079, -2.8442369377015604, -3.4827932991709583, 0.665557718037038]"
random_objective,PSO/constriction N=40 c1=2.05 c2=2.05 chi=0.7298,ok,,pso,10,44,3011034826,0.00019114230729588844,0.00019114230729588844,10000,10000,0.0394,"[4.898192096699302, -2.672045738717032, 2.7623318520711098, -2.6514419352242697, -3.730716874818435, 4.986207598537961, -1.0681431816464662, -4.671956067395595, -1.5299935436778322, 2.648966900438962]"
random_objective,PSO/constriction N=40 c1=2.05 c2=2.05 chi=0.7298,ok,,pso,10,45,3586302860,4.012660303032156e-05,4.012660303032156e-05,10000,10000,0.0316,"[0.08231596178466519, -5.0, -3.866306863477157, -3.25728999527048, -1.0799787010108484, 5.0, 4.058245073418406, 0.3214083803869285, 0.7773653418261656, 0.07458640810191644]"
random_objective,PSO/constriction N=40 c1=2.05 c2=2.05 chi=0.7298,ok,,pso,10,46,2186936047,0.0002549582560104069,0.0002549582560104069,10000,10000,0.035,"[-1.9811168927853022, -1.1639902154509083, -4.088961183686544, 3.828075867259636, 0.03134390712887769, 1.4456636269268792, 1.0177213141224795, -2.6880404668840945, 3.937005305522342, -4.367452565704312]"
random_objective,PSO/constriction N=40 c1=2.05 c2=2.05 chi=0.7298,ok,,pso,10,47,3132561173,0.0001215380523309495,0.0001215380523309495,10000,10000,0.0325,"[5.0, -3.877443054859919, 2.69862484831211, -5.0, -4.39323836135515, -2.860254088123508, 2.103383874963534, 2.483114267724074, -3.2136038267013545, 0.5824643982037507]"
random_objective,PSO/constriction N=40 c1=2.05 c2=2.05 chi=0.7298,ok,,pso,10,48,2728432271,7.913336678277982e-05,7.913336678277982e-05,10000,10000,0.0301,"[4.989946410611983, 4.626095679143559, 0.9359138548950834, 0.7593058799357664, -3.866860651937073, -5.0, 2.770760381007529, 2.001120677680308, 4.514936005306823, -4.852535131850235]"
random_objective,PSO/constriction N=40 c1=2.05 c2=2.05 chi=0.7298,ok,,pso,10,49,780208758,6.227699421978983e-05,6.227699421978983e-05,10000,10000,0.0322,"[0.4255268591679534, -1.7256060448832669, 2.5618308536119363, 2.3264873579666783, 5.0, -2.348265044317938, 3.1927361306033983, 3.69987282604162, 1.4329421796401698, 0.18590533274191023]"
random_objective,PSO/constriction N=40 c1=2.05 c2=2.05 chi=0.7298,ok,,pso,10,50,2382879722,1.7695692251518125e-06,1.7695692251518125e-06,10000,10000,0.0485,"[-1.875283528836553, 0.8971272219005288, 5.0, -1.0032133982641587, 5.0, -1.0491043128430935, -3.034653456388178, -4.360410069116158, -0.7330234802606765, -3.424970558968932]"
random_objective,PSO/constriction N=40 c1=2.05 c2=2.05 chi=0.7298,ok,,pso,10,51,2357359426,2.4589855233680957e-05,2.4589855233680957e-05,10000,10000,0.0416,"[-4.222916952768109, 2.3576456831295376, -0.8926821648941039, 0.36642193099521625, -4.673135736739229, -2.153569754733608, -1.0477703209267046, 5.0, -0.4826806439551508, 1.4074323150556047]"
random_objective,PSO/constriction N=40 c1=2.05 c2=2.05 chi=0.7298,ok,,pso,10,52,1227711682,9.927098948148139e-05,9.927098948148139e-05,10000,10000,0.0423,"[-3.2561496489125403, -1.353974554180624, -4.306742613283243, 1.619373294191177, 2.4207507615427, -1.7115381299349472, -3.3601842503593526, -5.0, -2.052823112496537, 1.629055381929392]"
random_objective,PSO/constriction N=40 c1=2.05 c2=2.05 chi=0.7298,ok,,pso,10,53,1091467193,9.715635424589752e-05,9.715635424589752e-05,10000,10000,0.0304,"[-0.8900391750503153, 0.3860579418030523, 1.2618135345496169, 0.21220565146247222, -0.3662602324303798, 2.849332981219082, 3.1735056294621087, -0.16115356840419617, 2.6370672368191297, -2.053425363190514]"
random_objective,PSO/constriction N=40 c1=2.05 c2=2.05 chi=0.7298,ok,,pso,10,54,143775187,1.5496125628455815e-05,1.5496125628455815e-05,10000,10000,0.033,"[3.309605039901209, -2.5677506708509705, 1.2153743383179119, -0.4398049334082669, 1.1254500629442412, -1.0318257825674708, 4.275628766324489, -3.042216736312975, 1.6915508634565561, -0.4295262095384766]"
random_objective,PSO/constriction N=40 c1=2.05 c2=2.05 chi=0.7298,ok,,pso,10,55,2557663164,0.0002622362936620659,0.0002622362936620659,10000,10000,0.039,"[-0.6646853381728999, -4.9363879788828715, 4.371548220783081, -2.774145483532676, 1.346299997675937, 1.7086001886634579, 2.2866075513221493, -1.8755780951476577, -5.0, -3.021889798218016]"
random_objective,PSO/constriction N=40 c1=2.05 c2=2.05 chi=0.7298,ok,,pso,10,56,944549095,0.0001636525726613769,0.0001636525726613769,10000,10000,0.0362,"[3.3127736181394334, -5.0, 0.9358286859838644, -2.728975476711737, 2.518432635418389, -5.0, 1.3223586184187772, -0.04946056086275363, -2.396428744572668, 1.5782280150355588]"
random_objective,PSO/constriction N=40 c1=2.05 c2=2.05 chi=0.7298,ok,,pso,10,57,1726600521,0.00010476667769987458,0.00010476667769987458,10000,10000,0.0296,"[-4.384697376823218, 1.934014373466638, 1.7834481033531122, 4.609063192641737, 4.974183937405809, -4.313787818120768, 2.7301020235301583, 0.33108446836780714, -4.830643211809781, 0.969385797503119]"
random_objective,PSO/constriction N=40 c1=2.05 c2=2.05 chi=0.7298,ok,,pso,10,58,3490802329,5.984726448027278e-05,5.984726448027278e-05,10000,10000,0.0301,"[-2.4317425612508288, 3.549368314538727, -4.016365151307323, 1.9655894429209915, -0.8492355812032356, 1.9360556500882353, 0.5286049599690734, 0.8382210085609265, 0.985965983774314, 4.6807787835573045]"
random_objective,PSO/constriction N=40 c1=2.05 c2=2.05 chi=0.7298,ok,,pso,10,59,1961085304,3.125082541644009e-05,3.125082541644009e-05,10000,10000,0.0304,"[-2.0192079946722172, -0.5096147529017041, 4.880467969588603, -0.44019014493742326, -0.7706044463091329, 1.1422737161470822, 4.208465646853434, 2.915437750680388, -4.597378414116028, -4.243016468973996]"
random_objective,PSO/constriction N=40 c1=2.05 c2=2.05 chi=0.7298,ok,,pso,10,60,4006823432,0.00023806929600023174,0.00023806929600023174,10000,10000,0.0293,"[4.864314766481521, 2.234692708005582, 4.462957453867447, -3.041996319718651, 0.8768314894816853, 4.026696331608008, 5.0, -5.0, 3.7312032311090033, 4.876181910526914]"
random_objective,PSO/constriction N=40 c1=2.05 c2=2.05 chi=0.7298,ok,,pso,10,61,3681463026,4.1067354973223225e-05,4.1067354973223225e-05,10000,10000,0.0267,"[-0.6812651923566836, 5.0, 1.1109758240824033, 4.954193422094671, -1.8542666996105677, 1.8246658752946683, -3.0831471103543735, -3.2226886235235668, 2.801024185507174, -2.2325995401742347]"
random_objective,PSO/constriction N=40 c1=2.05 c2=2.05 chi=0.7298,ok,,pso,10,62,1744182337,7.640456133273243e-05,7.640456133273243e-05,10000,10000,0.0283,"[-2.85431530069998, 5.0, -3.5119033954618604, -0.12023263071801607, 0.08461517496135534, 1.4820533576977988, 1.8933463587314696, 2.029852956496539, 1.1209496637708627, -1.1114095567644438]"
random_objective,PSO/constriction N=40 c1=2.05 c2=2.05 chi=0.7298,ok,,pso,10,63,2244361154,4.9143899038206484e-05,4.9143899038206484e-05,10000,10000,0.029,"[-0.19485234245196803, 2.504702297341442, 2.2460389879582388, 0.15752434432130988, -4.2128780301174595, -1.2595150267886834, 5.0, 1.3241078866070914, -0.6202594455434092, 0.46408389865145483]"
random_objective,PSO/constriction N=40 c1=2.05 c2=2.05 chi=0.7298,ok,,pso,10,64,3279327150,3.099485836643989e-05,3.099485836643989e-05,10000,10000,0.0361,"[-2.2050547987075384, -4.980486625401233, 1.292760305372197, -1.8625858038427978, -1.5827085158067282, 0.7916594823705281, 4.804643175397972, -4.277360969626272, 0.2920195460092825, 3.2829460619861517]"
random_objective,PSO/constriction N=40 c1=2.05 c2=2.05 chi=0.7298,ok,,pso,10,65,1963279574,0.0002237280930004193,0.0002237280930004193,10000,10000,0.0304,"[3.6119070131660407, -4.019746549005625, -2.199829235387857, 0.30583885537715694, 4.230430916993565, -3.8797302207700444, -3.59646752890371, 5.0, -1.8980844390056661, 1.1104687464286058]"
random_objective,PSO/constriction N=40 c1=2.05 c2=2.05 chi=0.7298,ok,,pso,10,66,3979400044,6.1025526464919544e-05,6.1025526464919544e-05,10000,10000,0.0289,"[-0.649762720375606, 4.37630323341055, 0.07168348306304495, 3.020246226901955, -3.81499151510933, -4.15197862718866, -4.939910014056913, -4.378634669644314, 1.9152510700869714, 2.7117145247856405]"
random_objective,PSO/constriction N=40 c1=2.05 c2=2.05 chi=0.7298,ok,,pso,10,67,687653764,7.530804627442489e-05,7.530804627442489e-05,10000,10000,0.0364,"[-4.412175542184663, -4.670535226595653, -2.7940335456323306, 2.045376563691349, -2.3644885088714087, -0.05456058751427517, -0.7359995109582074, 4.97450832829946, -4.573686953202358, -0.34302094806884065]"
random_objective,PSO/constriction N=40 c1=2.05 c2=2.05 chi=0.7298,ok,,pso,10,68,1644154800,0.00013882125107411714,0.00013882125107411714,10000,10000,0.0334,"[1.8720760927155011, -4.990740197274974, 4.203273954608733, -0.23497207189556135, 2.4654729821516166, 1.8480092701840145, -2.3848004609023654, 0.21018307817342158, 4.7091626657182015, -0.4588459925415107]"
random_objective,PSO/constriction N=40 c1=2.05 c2=2.05 chi=0.7298,ok,,pso,10,69,3859659597,0.00011237083771709067,0.00011237083771709067,10000,10000,0.0344,"[-1.0195188238786312, -1.716281051279092, -0.9210551532247535, 2.108277985940587, -3.275721679309771, 4.5524867789826, -2.3993639888621736, 2.006758644507896, 0.45934815996662426, 1.6187355524710214]"
random_objective,PSO/constriction N=40 c1=2.05 c2=2.05 chi=0.7298,ok,,pso,10,70,2377117369,0.0001531929668880938,0.0001531929668880938,10000,10000,0.0338,"[1.231972169927747, 3.1774078649504376, -4.816967330559533, -5.0, 0.9328751922143129, -0.0038619224995913304, -3.9112820216411053, -5.0, 5.0, 1.8592680727653499]"
random_objective,PSO/constriction N=40 c1=2.05 c2=2.05 chi=0.7298,ok,,pso,10,71,3197903479,6.298277209926262e-05,6.298277209926262e-05,10000,10000,0.0328,"[-1.3525315201166903, -2.371172883124398, -1.7149303754485972, -0.5345002484262396, 3.7631789799981012, -0.8330093266379894, -2.6606075112137075, 2.35783218600976, -0.9973976514625728, -1.611141994560348]"
random_objective,PSO/constriction N=40 c1=2.05 c2=2.05 chi=0.7298,ok,,pso,10,72,2030954023,8.278266684125235e-05,8.278266684125235e-05,10000,10000,0.025,"[2.4324093559657314, -2.700369370879739, 1.1661460526686978, -3.425891294052817, -3.561862256075394, -2.169126722466684, 4.622691850503635, 4.573196054919192, -4.119618466195158, -3.643869709404173]"
random_objective,PSO/constriction N=40 c1=2.05 c2=2.05 chi=0.7298,ok,,pso,10,73,3667801521,0.00012592918800757857,0.00012592918800757857,10000,10000,0.0337,"[2.9869145020379753, -5.0, -4.849771298527893, -0.47227639931426996, -5.0, -1.7441283531306457, -1.8485299969806501, 5.0, -5.0, 4.2447615636156275]"
random_objective,PSO/constriction N=40 c1=2.05 c2=2.05 chi=0.7298,ok,,pso,10,74,3003973372,8.021325594176343e-05,8.021325594176343e-05,10000,10000,0.0306,"[-3.4735427322080574, -4.746725888023794, -4.427853474437974, -5.0, 1.8403535738901673, -1.0351012464520672, 5.0, -0.1940713209555763, 3.6798284093178184, 2.644754940219746]"
random_objective,PSO/constriction N=40 c1=2.05 c2=2.05 chi=0.7298,ok,,pso,10,75,3974309678,0.00010509445897777248,0.00010509445897777248,10000,10000,0.0292,"[-5.0, -3.9746415854332975, 5.0, 5.0, -4.486944722833628, 0.9977338442246078, -4.591146552806145, 0.8216383818230558, 2.6024684536335885, 0.2665556261754548]"
random_objective,PSO/constriction N=40 c1=2.05 c2=2.05 chi=0.7298,ok,,pso,10,76,265653465,5.0946361542014706e-05,5.0946361542014706e-05,10000,10000,0.0248,"[-0.47662137151402834, -1.9271680818671337, -0.9106485963726475, 5.0, 4.121314820581309, 2.011767257124137, 1.061943633870138, -2.956413980523952, 1.5391691924195237, 3.3517950642817804]"
random_objective,PSO/constriction N=40 c1=2.05 c2=2.05 chi=0.7298,ok,,pso,10,77,1344547179,8.806696074392661e-06,8.806696074392661e-06,10000,10000,0.0511,"[5.0, -0.29477462148251454, 2.8896033721227994, -3.6571429989546003, -4.646875509863509, 1.0684948259362126, 1.317124922569097, -4.237315507230312, 4.036775898099467, -4.572856207357512]"
random_objective,PSO/constriction N=40 c1=2.05 c2=2.05 chi=0.7298,ok,,pso,10,78,1780141130,2.4017386755281755e-05,2.4017386755281755e-05,10000,10000,0.0417,"[5.0, 1.879318947378662, -3.6028979026784613, -3.324233716794503, -3.529203705615966, -0.8042596537924327, 0.1437580189712917, -1.0614055008349537, 3.467109679019087, -2.095043434273804]"
random_objective,PSO/constriction N=40 c1=2.05 c2=2.05 chi=0.7298,ok,,pso,10,79,2666041138,5.91804922089878e-06,5.91804922089878e-06,10000,10000,0.026,"[1.3342944435497555, -0.8083540436754633, -0.15679637621785347, -3.565071895176621, -4.496881799851449, 2.7564415491150873, 0.037526945411061385, 0.5522173371406711, 4.978370893667483, -4.900065302427639]"
random_objective,PSO/constriction N=40 c1=2.05 c2=2.05 chi=0.7298,ok,,pso,10,80,1229084560,0.0001387773299186268,0.0001387773299186268,10000,10000,0.0327,"[-3.911182402818223, -0.06651825612126432, 3.403614631724893, -4.999001984746107, 1.7095014800874262, -1.3836918768224253, -2.465104495419403, -1.2352094614492617, -3.6812661092632477, -1.4235849819161717]"
random_objective,PSO/constriction N=40 c1=2.05 c2=2.05 chi=0.7298,ok,,pso,10,81,419036972,6.622156858759887e-05,6.622156858759887e-05,10000,10000,0.0347,"[4.240439820040347, 0.8408674564872056, 0.9442544254938092, -1.1269474813947122, -3.7116131199781583, -0.7750406444158386, 4.274945850004074, -1.4358293606633614, 4.792559938426909, -3.067341002889343]"
random_objective,PSO/constriction N=40 c1=2.05 c2=2.05 chi=0.7298,ok,,pso,10,82,1152056917,0.0002937467320544007,0.0002937467320544007,10000,10000,0.0343,"[-2.8046419837867145, 3.0368404131429156, 3.653043837595863, 3.566871287564178, -0.014722492676908588, 5.0, 3.0678641137108564, -3.244673945430331, -5.0, 4.576135983303819]"
random_objective,PSO/constriction N=40 c1=2.05 c2=2.05 chi=0.7298,ok,,pso,10,83,44930586,0.00027707937981980013,0.00027707937981980013,10000,10000,0.0338,"[1.862997181988735, -4.526115259088932, -3.5805067702606883, -0.12830985192224054, -2.829047027321367, 4.883760286459375, 1.0032375839190542, 1.6479802145482152, -4.614111247696215, 2.930628697097763]"
random_objective,PSO/constriction N=40 c1=2.05 c2=2.05 chi=0.7298,ok,,pso,10,84,3920649146,2.0765372749309563e-05,2.0765372749309563e-05,10000,10000,0.0247,"[2.5057140688931616, -1.7627200788610515, -4.906401383787486, 4.442898836488391, 3.666807031756048, 2.142039777882847, 3.3976502582520354, -4.498637703206564, -2.734818222806642, -2.730194555051127]"
random_objective,PSO/constriction N=40 c1=2.05 c2=2.05 chi=0.7298,ok,,pso,10,85,1002884733,5.143833143206322e-05,5.143833143206322e-05,10000,10000,0.034,"[0.7101543762061407, 0.0351891470936776, 5.0, 3.324355603549818, 2.6983288791865547, 1.5792676905965424, -0.5146697230044097, -1.8249363357747106, 5.0, 1.0916267111210323]"
random_objective,PSO/constriction N=40 c1=2.05 c2=2.05 chi=0.7298,ok,,pso,10,86,2816335658,0.00023608740602854006,0.00023608740602854006,10000,10000,0.0309,"[1.9078035523436296, -0.49976138971842526, 1.2342962124361314, -3.1886497471227124, 1.5760111097655733, -0.2154866297049285, -2.889965931987736, -0.8846249837329853, -2.162044971121552, 1.2854571465008553]"
random_objective,PSO/constriction N=40 c1=2.05 c2=2.05 chi=0.7298,ok,,pso,10,87,2471335736,2.034531006911422e-05,2.034531006911422e-05,10000,10000,0.0341,"[-4.989250303875639, -2.6418660930225926, 3.963374087484538, 1.3338121580213684, -0.9866720711700702, 3.837854716687013, 3.9179643465648177, 3.6616225747215223, 3.142689714948147, 3.2758962347058533]"
random_objective,PSO/constriction N=40 c1=2.05 c2=2.05 chi=0.7298,ok,,pso,10,88,2678136475,6.26252620049561e-05,6.26252620049561e-05,10000,10000,0.0241,"[0.607685641188249, 0.007046760949052006, -1.7208359938356534, -1.1814297431434437, -4.7179270901047285, 0.9834399410510553, -1.070407347250177, -1.605478786090897, 2.368601317438742, -4.884749599088085]"
random_objective,PSO/constriction N=40 c1=2.05 c2=2.05 chi=0.7298,ok,,pso,10,89,694820834,0.00012034830482232639,0.00012034830482232639,10000,10000,0.0278,"[-1.1215954845946614, -3.7709047161230704, -1.700609641894937, 4.521509593463479, 2.4923613142599312, 4.731261082270907, 0.7222967024803637, -1.0049938107169252, 1.7759030395141702, 0.2590332133355632]"
random_objective,PSO/constriction N=40 c1=2.05 c2=2.05 chi=0.7298,ok,,pso,10,90,4052579697,1.4972879999186617e-05,1.4972879999186617e-05,10000,10000,0.0358,"[-4.35260215203819, -1.7498499663241396, -4.070601398750792, 0.36021048403341777, 1.7778856945404065, -5.0, 1.4970634122506525, 4.423793850081154, -3.287733188326602, -4.5631460079538915]"
random_objective,PSO/constriction N=40 c1=2.05 c2=2.05 chi=0.7298,ok,,pso,10,91,3860511569,5.3977109667258105e-05,5.3977109667258105e-05,10000,10000,0.0292,"[0.43409346078842903, -3.9741592616983232, -2.2405371291689384, -4.081981682028251, 0.5878317343418775, -3.15153313595394, 1.8686295230947452, 5.0, -0.48627956722671484, -0.3587648580262017]"
random_objective,PSO/constriction N=40 c1=2.05 c2=2.05 chi=0.7298,ok,,pso,10,92,1584622166,3.0826793336768965e-05,3.0826793336768965e-05,10000,10000,0.0347,"[5.0, -2.5278526468346665, 3.7872949165938627, -1.67768694706368, 3.901805527920953, 4.609689250689981, 0.6705427294020372, 4.487094046512789, -3.895193399032743, 4.909436728192759]"
random_objective,PSO/constriction N=40 c1=2.05 c2=2.05 chi=0.7298,ok,,pso,10,93,3450620147,2.619750865406889e-05,2.619750865406889e-05,10000,10000,0.0332,"[1.9726302813967767, 1.5238737595045801, 4.062454661405114, 2.579699820827197, -2.022503097206728, -3.8916460442591956, 2.799837026051593, -2.1828613745952663, -5.0, -2.668352933781839]"
random_objective,PSO/constriction N=40 c1=2.05 c2=2.05 chi=0.7298,ok,,pso,10,94,1142227300,0.00015317357622068872,0.00015317357622068872,10000,10000,0.0316,"[4.976463163186898, -2.274270277061696, -0.992942730942644, 3.5445093603971056, -4.754657171270997, -0.8205870869880922, 4.697385609320761, -3.00096842651511, 3.6056429554370557, -0.14334242764622762]"
random_objective,PSO/constriction N=40 c1=2.05 c2=2.05 chi=0.7298,ok,,pso,10,95,904063486,7.309626699714133e-05,7.309626699714133e-05,10000,10000,0.0337,"[0.10740851503049775, 4.068402240852063, 2.5878430301928175, -3.901135169020031, -0.17413021046940091, 1.914974334914858, -2.8330139320800773, -4.36110925231392, 1.0417569443688057, -4.317011548636844]"
random_objective,PSO/constriction N=40 c1=2.05 c2=2.05 chi=0.7298,ok,,pso,10,96,1478923670,6.982166796398737e-05,6.982166796398737e-05,10000,10000,0.0299,"[-1.5646805764446006, 0.9726124639080868, -3.0922404922266145, -4.713639129810487, -5.0, -1.7095951774873215, 0.7937620511223298, -2.745690834946656, 2.155419700813492, -3.536025340111846]"
random_objective,PSO/constriction N=40 c1=2.05 c2=2.05 chi=0.7298,ok,,pso,10,97,413444982,3.211288991533667e-05,3.211288991533667e-05,10000,10000,0.033,"[-4.695261763796623, 3.0378852399894924, 4.531524261300337, -0.07601156675859977, -1.7597617806218766, -0.9215179471313117, -2.5232977610471483, 4.714564475045995, 0.06248846290573649, 0.5672790486694814]"
random_objective,PSO/constriction N=40 c1=2.05 c2=2.05 chi=0.7298,ok,,pso,10,98,1171179102,7.8382901441576e-05,7.8382901441576e-05,10000,10000,0.0277,"[4.945163261699662, 0.19746892081813527, 4.930535014014222, 3.332649435687129, -1.8866926076000636, -4.779900307863608, 3.2089458324175855, 1.0631341648142763, -2.681813151545609, 5.0]"
random_objective,PSO/constriction N=40 c1=2.05 c2=2.05 chi=0.7298,ok,,pso,10,99,2739474374,2.4607728340675372e-05,2.4607728340675372e-05,10000,10000,0.0287,"[-5.0, 0.15726058052533065, 2.916271355881621, 2.151739928193815, 4.517642185700166, 1.1242834637736547, 4.012820317271268, -2.3062851525701786, 5.0, -0.015388682574917045]"
random_objective,PSO/constriction N=40 c1=2.05 c2=2.05 chi=0.7298,ok,,pso,10,100,3919005617,5.8630177078189405e-05,5.8630177078189405e-05,10000,10000,0.0347,"[-0.33697180978971475, 2.463912733349621, -5.0, -0.8218938055239906, -5.0, -2.2812719437783358, 5.0, 5.0, 4.003105046729195, 5.0]"
random_objective,PSO/constriction N=40 c1=2.05 c2=2.05 chi=0.7298,ok,,pso,10,101,3357925248,6.351282218686194e-05,6.351282218686194e-05,10000,10000,0.0296,"[-2.7767366491557564, -0.02488048668164078, -3.3232149305448533, 3.273003637994152, 5.0, 5.0, -4.6449420616625705, 4.94350280896033, -1.250287447230523, -3.8872671567699877]"
random_objective,PSO/constriction N=40 c1=2.05 c2=2.05 chi=0.7298,ok,,pso,10,102,2230977827,3.6806325097726855e-06,3.6806325097726855e-06,10000,10000,0.0506,"[3.7721438275470294, -4.1850937679977775, 1.576436931482998, 2.2013986643973156, 5.0, -1.0462731357249306, -3.0278965832533093, 1.3919136191601493, -4.288392623110339, 2.2613541765954155]"
random_objective,PSO/constriction N=40 c1=2.05 c2=2.05 chi=0.7298,ok,,pso,10,103,1081374116,9.013201655660996e-05,9.013201655660996e-05,10000,10000,0.0457,"[0.7675784069248353, -0.7199147759206829, 1.6356385050995847, -2.2369284236594202, -4.807912980592119, -3.2942053918226684, 5.0, -2.7163048396011416, 4.823593483380374, -2.6730361422083044]"
random_objective,PSO/constriction N=40 c1=2.05 c2=2.05 chi=0.7298,ok,,pso,10,104,147440823,5.537525731680315e-05,5.537525731680315e-05,10000,10000,0.0441,"[0.2557894149925135, 2.392467758410454, -3.6817265665414776, 4.052907944616118, -5.0, -4.120160564785969, -0.4437578008943609, -1.5996614272844956, 0.4060764218678868, 0.11205409784481146]"
random_objective,PSO/constriction N=40 c1=2.05 c2=2.05 chi=0.7298,ok,,pso,10,105,3732653878,8.816076398465711e-05,8.816076398465711e-05,10000,10000,0.0312,"[0.7898944547446487, 2.6023364259973474, -5.0, -1.7058709718873832, -0.5064355184045173, -3.1822448703623736, 4.162723567559928, -1.3447560469970128, 1.2295031188747108, 3.4345464420074]"
random_objective,PSO/constriction N=40 c1=2.05 c2=2.05 chi=0.7298,ok,,pso,10,106,767490509,5.322422023334994e-06,5.322422023334994e-06,10000,10000,0.0359,"[4.031000371835837, 5.0, -5.0, 0.8629440609972965, 0.26674517575495615, 3.0103383118660996, 1.6667806670221312, -0.459996731535848, -3.6860316382369223, -4.679972936176668]"
random_objective,PSO/constriction N=40 c1=2.05 c2=2.05 chi=0.7298,ok,,pso,10,107,2602474912,1.1051588770683018e-05,1.1051588770683018e-05,10000,10000,0.0345,"[5.0, -2.7734921455555606, 0.5564890680920995, 5.0, 3.4278069045547515, 5.0, 0.6568492348877315, 1.2840184641319206, -2.0410293240511437, -1.7695060296316694]"
random_objective,PSO/constriction N=40 c1=2.05 c2=2.05 chi=0.7298,ok,,pso,10,108,4019411759,1.585401532611108e-05,1.585401532611108e-05,10000,10000,0.0337,"[-4.0107343470268155, 0.9940789297980831, 3.249708551850291, -3.9942069512873224, 1.5456358198679183, 4.6219461396611035, -4.778832727235445, 2.1664512513602046, 0.968723995246392, -0.28055978578734486]"
random_objective,PSO/constriction N=40 c1=2.05 c2=2.05 chi=0.7298,ok,,pso,10,109,2044688225,1.9720661859623512e-05,1.9720661859623512e-05,10000,10000,0.0378,"[5.0, -4.982923681594766, 4.969381424284168, -3.6562236118221416, -0.7836992751435243, -4.3064471443018, 0.7243406133283987, 5.0, 4.940457151747236, -1.179662312733864]"
random_objective,PSO/constriction N=40 c1=2.05 c2=2.05 chi=0.7298,ok,,pso,10,110,243623486,2.1056670032826297e-05,2.1056670032826297e-05,10000,10000,0.0361,"[-2.7705210485841603, 4.390121749964125, -3.407767409054128, 2.7656659932313663, -3.189505053270535, 0.41792067170028835, 2.1602128223038863, 3.2866976593709514, -3.9950129557583947, -1.0145509172769207]"
random_objective,PSO/constriction N=40 c1=2.05 c2=2.05 chi=0.7298,ok,,pso,10,111,132874062,1.2468149988120736e-05,1.2468149988120736e-05,10000,10000,0.0291,"[1.053472681737195, 4.99572563741489, 4.20186789374957, 1.3609974987517228, 3.251831407854077, -5.0, 1.865436362770912, 1.4233215822730414, -4.810204901404281, -2.9545608759802473]"
random_objective,PSO/constriction N=40 c1=2.05 c2=2.05 chi=0.7298,ok,,pso,10,112,11252388,1.2628614332044208e-07,1.2628614332044208e-07,10000,10000,0.028,"[0.6202428281337291, -4.4373796982487015, 1.419049832916969, -0.3528955047865407, -1.9014246742228786, -3.6687324591356516, 3.181659334973559, 1.909524964884038, 0.9282344049751712, -0.7426830824875537]"
random_objective,PSO/constriction N=40 c1=2.05 c2=2.05 chi=0.7298,ok,,pso,10,113,452747886,0.00019112802344645186,0.00019112802344645186,10000,10000,0.0332,"[-4.135360588914877, -3.416954942238905, -5.0, 4.815204114274887, -5.0, -1.9795332844954778, 3.072248994649921, 2.300223923066556, 4.634271503449193, 3.869060878700395]"
random_objective,PSO/constriction N=40 c1=2.05 c2=2.05 chi=0.7298,ok,,pso,10,114,3677243481,3.2454945530169255e-05,3.2454945530169255e-05,10000,10000,0.03,"[-2.0455708268855193, 1.6827517276779544, -1.0244179191101683, 0.6896442589443268, 5.0, -0.26826221119659854, -1.052593134024917, 0.42703424898510944, -4.588540904779818, -3.9414115895816315]"
random_objective,PSO/constriction N=40 c1=2.05 c2=2.05 chi=0.7298,ok,,pso,10,115,2883460202,3.6327561583893164e-05,3.6327561583893164e-05,10000,10000,0.0346,"[-1.917038003115402, -1.245794395936532, 5.0, -2.4585498951711737, 1.2613908277768269, -4.1922405255664055, 0.31625714834410035, 3.0554599951895227, -1.6873393537067476, -5.0]"
random_objective,PSO/constriction N=40 c1=2.05 c2=2.05 chi=0.7298,ok,,pso,10,116,2035669453,0.00011513764133064264,0.00011513764133064264,10000,10000,0.0388,"[-3.2778237785868263, 2.6651640544668234, -0.6442420257267581, 4.336743740845403, -5.0, 1.9951659090708813, 3.642448110332653, -5.0, 1.10699979288094, -5.0]"
random_objective,PSO/constriction N=40 c1=2.05 c2=2.05 chi=0.7298,ok,,pso,10,117,2023391074,0.00016314711979648067,0.00016314711979648067,10000,10000,0.023,"[-1.9656522019090816, 1.957163843466388, 4.613727266761042, -4.919549241533265, 0.8047604256887049, 1.6039446222616884, 0.04881683368015083, -4.0724073859525936, -5.0, -3.0387537865140613]"
random_objective,PSO/constriction N=40 c1=2.05 c2=2.05 chi=0.7298,ok,,pso,10,118,843774083,1.9873667034042697e-05,1.9873667034042697e-05,10000,10000,0.0354,"[2.1657641364398232, 4.483881940757946, 0.4996354768009592, -1.6017925271855273, 4.599608428066691, -0.055195298523844194, -5.0, -4.5208302113956025, -0.5883607972584314, -0.5275423130965342]"
random_objective,PSO/constriction N=40 c1=2.05 c2=2.05 chi=0.7298,ok,,pso,10,119,3695945572,4.61342115165575e-06,4.61342115165575e-06,10000,10000,0.0291,"[-1.8865297054678878, -4.830732245756348, 0.8381521875300991, -0.8348005691947913, -4.734708335842848, 5.0, 4.785482365432664, 3.1327404743345606, 4.453629366728569, -4.7964283083052885]"
random_objective,PSO/constriction N=40 c1=2.05 c2=2.05 chi=0.7298,ok,,pso,10,120,3785288681,4.8080982162357344e-05,4.8080982162357344e-05,10000,10000,0.0366,"[1.705366114813884, -3.4321233500206767, 3.1355037227593003, 0.12524205792724652, -4.915311673257314, -0.5732334095591807, 3.7785587978024924, -2.4657818163610723, -1.1362027604642757, 3.1615757881334936]"
random_objective,PSO/constriction N=40 c1=2.05 c2=2.05 chi=0.7298,ok,,pso,10,121,3124760451,9.840582205478121e-05,9.840582205478121e-05,10000,10000,0.0318,"[1.7365802489511053, -3.9759571568789953, 4.196356885344379, -4.811991542512802, -2.000683019044895, -2.074882218628944, -1.018509975639788, -2.2204253685290674, 0.058300123620550925, -4.8670058860968455]"
random_objective,PSO/constriction N=40 c1=2.05 c2=2.05 chi=0.7298,ok,,pso,10,122,3629650620,0.00014904292465989233,0.00014904292465989233,10000,10000,0.032,"[4.8994063930351945, 0.5716241212811013, 2.125903866575332, -0.12079220514269726, -3.6183227100268844, -4.535691272308293, -1.2359714702169005, -5.0, 2.4564936158959125, 0.5629017928443407]"
random_objective,PSO/constriction N=40 c1=2.05 c2=2.05 chi=0.7298,ok,,pso,10,123,2512892330,3.17381872402267e-05,3.17381872402267e-05,10000,10000,0.0347,"[-3.2021383796139546, 3.83881360475736, -1.6812673433504854, -2.093674070257342, -3.653948246912824, 0.012019799922763863, -2.206538105086696, -2.479855963331571, 0.8466113648983742, 3.6535283352033123]"
random_objective,PSO/constriction N=40 c1=2.05 c2=2.05 chi=0.7298,ok,,pso,10,124,1939741280,7.285495831277355e-05,7.285495831277355e-05,10000,10000,0.0301,"[5.0, 1.0502986579255975, -4.057118681671221, -1.385825178237914, 2.539104219032239, -3.1004586978389668, -1.4472044535903243, 4.417027540040899, -3.163189096488653, 0.30371901530039824]"
random_objective,PSO/constriction N=40 c1=2.05 c2=2.05 chi=0.7298,ok,,pso,10,125,1104522877,0.0002831654687405205,0.0002831654687405205,10000,10000,0.0337,"[-4.828785518248933, -1.1684312280125129, 3.901258720994936, -4.727174091781724, 5.0, -2.527437292406309, 3.3195861818003367, -2.4655708065343815, 0.08202215683716338, -0.592256597404083]"
random_objective,PSO/constriction N=40 c1=2.05 c2=2.05 chi=0.7298,ok,,pso,10,126,508938120,5.409415152035635e-06,5.409415152035635e-06,10000,10000,0.0332,"[-5.0, 5.0, -2.686958478356753, -0.07509119390207933, 0.006009347318128702, 1.8040879762297863, -1.8319242060767125, 2.6649344558385537, -2.19105926747979, 0.35890971549266876]"
random_objective,PSO/constriction N=40 c1=2.05 c2=2.05 chi=0.7298,ok,,pso,10,127,1511375413,1.11541169492968e-05,1.11541169492968e-05,10000,10000,0.0337,"[1.1700479761744917, 4.62497618671921, 0.7802017972913594, 5.0, -1.766554980837252, 2.2848939887574526, -4.045658852107233, -4.987961292035415, -4.200727028897757, -3.0472401431885228]"
random_objective,PSO/constriction N=40 c1=2.05 c2=2.05 chi=0.7298,ok,,pso,10,128,245102812,7.600699244980635e-05,7.600699244980635e-05,10000,10000,0.0343,"[-4.709737456373257, -3.942247749295703, 2.407816304754925, -2.01715816739145, -2.892038462534199, -0.5375845117957365, -4.99556225406121, 3.525631643544907, 3.7165081947039638, 0.7106164262903796]"
random_objective,PSO/constriction N=40 c1=2.05 c2=2.05 chi=0.7298,ok,,pso,10,129,2403827678,0.0001266822454581984,0.0001266822454581984,10000,10000,0.0289,"[0.9143112068478292, -4.804644015869762, -1.0160566848869814, -5.0, 1.5122370499625202, -2.9135310068636557, -0.9159522306611186, -4.65679372377846, -3.844042448631685, 2.383694783739926]"
random_objective,PSO/constriction N=40 c1=2.05 c2=2.05 chi=0.7298,ok,,pso,10,130,1899253876,1.0238298672637924e-05,1.0238298672637924e-05,10000,10000,0.0303,"[3.596058086118464, -5.0, -0.6114190759006317, -2.317421338958237, -4.399211521077917, 2.1373781672978254, 2.2061579648142797, 4.612574442272399, 1.887652836904313, 0.3106843428880368]"
random_objective,PSO/constriction N=40 c1=2.05 c2=2.05 chi=0.7298,ok,,pso,10,131,1360744958,0.00019859780430731,0.00019859780430731,10000,10000,0.0304,"[-2.678651111952401, 1.406277576856335, -0.8521083410143705, 2.561791043921362, 2.3396579947042233, 0.640711868481254, 1.4830544805203376, 0.4104730755830617, -2.1845265507434477, 4.703844427422114]"
random_objective,PSO/constriction N=40 c1=2.05 c2=2.05 chi=0.7298,ok,,pso,10,132,1372054443,7.058897727629798e-05,7.058897727629798e-05,10000,10000,0.0341,"[3.3162437762036903, 1.34017561373751, 0.45675979731851035, 0.02188089807344335, -4.056352226267408, 3.891400349706659, -2.6073972566707297, -2.8127459277778986, 0.6370206389246457, -5.0]"
random_objective,PSO/constriction N=40 c1=2.05 c2=2.05 chi=0.7298,ok,,pso,10,133,985251732,3.282362182432941e-05,3.282362182432941e-05,10000,10000,0.0284,"[-0.6578848209344523, -4.886889000862869, -1.5588498045094332, 2.215797426065748, -3.3831261626705187, 1.0026137422247834, -1.1467372000235092, -4.003918086941326, -2.9587264097857546, -4.471853843213955]"
random_objective,PSO/constriction N=40 c1=2.05 c2=2.05 chi=0.7298,ok,,pso,10,134,2146364493,4.795889009756582e-05,4.795889009756582e-05,10000,10000,0.0309,"[-1.9054609046449609, -0.14307164433313524, 0.07319287902267108, 3.6158837205090064, -2.059869149240613, 1.3239145888424038, -4.054985188250286, -3.761138849500303, -0.6139443047376472, -1.2734046304542908]"
random_objective,PSO/constriction N=40 c1=2.05 c2=2.05 chi=0.7298,ok,,pso,10,135,2057967963,0.00017511920384039037,0.00017511920384039037,10000,10000,0.0308,"[-4.196225855785037, 4.692736840353594, 2.877659053207664, -2.5250799057035103, 3.365551752469093, -2.9501189435999975, -2.1543865705511434, -4.3591005837261285, 5.0, -4.272753244376132]"
random_objective,PSO/constriction N=40 c1=2.05 c2=2.05 chi=0.7298,ok,,pso,10,136,1690216175,9.649598962435668e-06,9.649598962435668e-06,10000,10000,0.0333,"[-0.23253338520934522, 0.9350184579182859, -3.6828610360768037, -1.5801591106715873, -1.814036482448475, -0.34233026389896015, -1.7772043444309924, -1.343192180927292, 0.8749308314429793, -4.189453512144102]"
random_objective,PSO/constriction N=40 c1=2.05 c2=2.05 chi=0.7298,ok,,pso,10,137,1218769183,0.00019911928398652634,0.00019911928398652634,10000,10000,0.0307,"[-5.0, -0.6074682300917404, -4.811007490818752, 1.2086879858821304, 5.0, 4.984585525544586, 5.0, -1.2613412318718773, -4.565965812800193, 1.6889317252304026]"
random_objective,PSO/constriction N=40 c1=2.05 c2=2.05 chi=0.7298,ok,,pso,10,138,153830349,2.8856691977274807e-05,2.8856691977274807e-05,10000,10000,0.0327,"[-0.7921744160807953, -1.1767465642054786, -1.1095478617431664, 0.8902028088601521, -1.860583027461692, 3.3190455333387394, -4.389802407581087, -0.8964835606453414, -0.6136948264751985, 0.8554655472076]"
random_objective,PSO/constriction N=40 c1=2.05 c2=2.05 chi=0.7298,ok,,pso,10,139,1210514700,0.00016195202783719775,0.00016195202783719775,10000,10000,0.0272,"[1.938669198496977, 2.4937749767547195, -1.8932543369114696, 0.02342188851974336, 1.743691565917832, 5.0, -4.182140595699757, -4.165297351478882, 3.112731965485704, 2.510399611665851]"
random_objective,PSO/constriction N=40 c1=2.05 c2=2.05 chi=0.7298,ok,,pso,10,140,3549066647,5.925983925458844e-06,5.925983925458844e-06,10000,10000,0.0325,"[2.1239963438562524, 0.9001850421691653, 3.0289096708519825, -0.37121117233088635, -1.0681968308657916, -1.6215375360778657, -1.0811988531310048, -3.8527543441317142, -4.576001163945182, -3.015247770846769]"
random_objective,PSO/constriction N=40 c1=2.05 c2=2.05 chi=0.7298,ok,,pso,10,141,3048694817,6.051471502943606e-05,6.051471502943606e-05,10000,10000,0.0355,"[-4.536987117485231, -0.7452130400180479, 1.8772090124416931, 2.65619103572694, 2.11081183705216, -1.7940650357933854, 4.043623601990478, -4.995074738893958, 2.4775465869213393, -1.8465858413678804]"
random_objective,PSO/constriction N=40 c1=2.05 c2=2.05 chi=0.7298,ok,,pso,10,142,1704637230,0.0002739321464676481,0.0002739321464676481,10000,10000,0.0307,"[1.1105162476127508, 2.0876053972962745, -4.517002875970279, -3.6952175646079235, -0.5747185663535701, 0.7994842945916671, 1.1826986569015114, -2.4359056577520484, -4.763247444088232, 3.677439085662461]"
random_objective,PSO/constriction N=40 c1=2.05 c2=2.05 chi=0.7298,ok,,pso,10,143,3278525613,0.0003088974901922503,0.0003088974901922503,10000,10000,0.0417,"[3.5015665273150276, 2.361450678022341, -5.0, 1.5648776778399127, -4.275758688479374, -4.100081920354075, -1.1312039018314943, 1.2850372215701766, -0.8920312331185283, 0.19102807543801464]"
random_objective,PSO/constriction N=40 c1=2.05 c2=2.05 chi=0.7298,ok,,pso,10,144,1797739521,6.147458509464521e-06,6.147458509464521e-06,10000,10000,0.0341,"[-4.275115434389779, -0.616672645038443, 4.383569182085102, 4.994112751011974, 5.0, -3.726877168031121, 4.981405219979236, 5.0, -4.211907131345191, 3.098202209244761]"
random_objective,PSO/constriction N=40 c1=2.05 c2=2.05 chi=0.7298,ok,,pso,10,145,2541287475,0.0002992084745274681,0.0002992084745274681,10000,10000,0.0318,"[-1.2786200967448142, -0.9076991779545196, 4.9965478236315315, -5.0, -1.8788188055138848, -5.0, -0.7523867915433418, 4.196846900100862, -1.154374845066501, -3.818406084678686]"
random_objective,PSO/constriction N=40 c1=2.05 c2=2.05 chi=0.7298,ok,,pso,10,146,4155475855,1.1422758521728582e-05,1.1422758521728582e-05,10000,10000,0.0332,"[-4.928814336184315, 3.8011883816169156, -4.205163055325607, -1.0354616166563104, 3.7653265759774013, -1.700502181845804, 2.78780344788703, 1.7655198710033662, -2.937304752243356, 1.1402057702632524]"
random_objective,PSO/constriction N=40 c1=2.05 c2=2.05 chi=0.7298,ok,,pso,10,147,4107636219,6.670611408576832e-05,6.670611408576832e-05,10000,10000,0.0322,"[-1.446182293255016, -0.7077786144420207, -3.507407520045941, 4.497181280675056, -1.8370326191414197, -3.0608152850291543, 2.941634613082786, -3.44606839586699, 4.262908584193584, -1.95869668447396]"
random_objective,PSO/constriction N=40 c1=2.05 c2=2.05 chi=0.7298,ok,,pso,10,148,426956826,4.719314508960792e-06,4.719314508960792e-06,10000,10000,0.0509,"[-2.8625963512019714, -5.0, -4.247992514904393, 3.742537801615273, 2.98903484261343, -5.0, -0.27344663199969665, 1.2513475764349673, 2.4384308255335903, 3.793261167763655]"
random_objective,PSO/constriction N=40 c1=2.05 c2=2.05 chi=0.7298,ok,,pso,10,149,3626302080,2.393540208578404e-05,2.393540208578404e-05,10000,10000,0.0324,"[4.910367227121717, 1.0414195375065818, 2.5638174062019403, -1.69055851874564, 2.548115438410366, 0.2157378633355143, 1.9555311114603344, -3.6741887819612686, -2.8013597363927416, 3.341635556200964]"
random_objective,PSO/constriction N=40 c1=2.05 c2=2.05 chi=0.7298,ok,,pso,10,150,2523851515,5.570168370749862e-05,5.570168370749862e-05,10000,10000,0.0276,"[2.6475534486572823, -0.4212345221509315, -1.4801770314015645, -3.4482383877118545, 0.8551140295822067, 0.15195515234164853, 1.8173782684109963, -1.7279699854357566, 3.42835476088453, -1.7599631478540005]"
random_objective,PSO/constriction N=40 c1=2.05 c2=2.05 chi=0.7298,ok,,pso,10,151,2875500490,0.00016513146107366428,0.00016513146107366428,10000,10000,0.0327,"[0.3683998853647814, 1.5918191633078649, -2.998887810972677, -2.8725708801965024, 1.0556288484776695, 3.0111788305355756, -0.645247854087982, -2.8140037580431025, -2.2003213066883736, 0.8294999603592246]"
random_objective,PSO/constriction N=40 c1=2.05 c2=2.05 chi=0.7298,ok,,pso,10,152,909797896,3.0504464127667497e-05,3.0504464127667497e-05,10000,10000,0.0268,"[2.934774043942256, 0.26970442650580756, 0.6139835463369991, -4.9277126394563355, 1.7866118615038014, 0.6863118581738573, -4.0057028092128215, -2.0632935627704843, 0.6510440695325772, 3.443263532719935]"
random_objective,PSO/constriction N=40 c1=2.05 c2=2.05 chi=0.7298,ok,,pso,10,153,1765094059,3.227783892723046e-05,3.227783892723046e-05,10000,10000,0.0322,"[-1.4499993101546305, -3.573136886570633, 2.8688634034873264, -2.2034817841134444, 1.959399423318571, -3.6864231550600604, -1.709228983350822, -4.737405921738415, -3.433002696738836, -0.4880129094032702]"
random_objective,PSO/constriction N=40 c1=2.05 c2=2.05 chi=0.7298,ok,,pso,10,154,850366577,9.275607547987175e-05,9.275607547987175e-05,10000,10000,0.0327,"[-4.444500172995498, -1.7145730545503175, 2.8074868711236523, -5.0, 0.0931486207936385, -2.615077238446548, -2.342467332475831, 2.3511655006432854, 3.684308781089431, 0.28783816314732563]"
random_objective,PSO/constriction N=40 c1=2.05 c2=2.05 chi=0.7298,ok,,pso,10,155,2543285972,7.863838815969082e-05,7.863838815969082e-05,10000,10000,0.0301,"[-0.21684057184560324, 1.7540738342668, 4.4424134516197915, -0.4342912905748557, -2.793490152849062, 1.6724889956055657, 4.162723043141574, 2.3761418097552824, -5.0, 2.020781424377613]"
random_objective,PSO/constriction N=40 c1=2.05 c2=2.05 chi=0.7298,ok,,pso,10,156,12065027,9.967948470590571e-05,9.967948470590571e-05,10000,10000,0.0329,"[-4.5503436969779925, 2.26578414604871, 5.0, 0.4019269576827546, 1.5484044933507182, 3.471851919547778, 5.0, 1.1274331962966475, -5.0, 1.026622212536521]"
random_objective,PSO/constriction N=40 c1=2.05 c2=2.05 chi=0.7298,ok,,pso,10,157,3713191215,0.00028618286224180167,0.00028618286224180167,10000,10000,0.0289,"[3.517645253972014, 1.086452864332168, 5.0, -1.758949736173688, 2.9064942720110225, -3.5080067074990327, 1.7224095748723045, -3.585442046743666, 2.773652766029425, -4.480393721273457]"
random_objective,PSO/constriction N=40 c1=2.05 c2=2.05 chi=0.7298,ok,,pso,10,158,2448968448,7.660571223899737e-05,7.660571223899737e-05,10000,10000,0.0307,"[4.267631385203574, 4.4584782695637815, -2.509630649035156, 5.0, -0.18598028586587279, 5.0, -4.939779495824597, -0.6051502186951946, 2.3159008595955806, 0.8932471078141387]"
random_objective,PSO/constriction N=40 c1=2.05 c2=2.05 chi=0.7298,ok,,pso,10,159,2719041078,4.544362525538137e-05,4.544362525538137e-05,10000,10000,0.0237,"[1.549384882400486, 1.7227355410513985, 1.7364155431196788, -0.18297401401749563, -3.1885081132024666, -0.18265472663538573, -5.0, -1.1604224775724241, 4.592094802305573, 0.688848216266707]"
random_objective,PSO/constriction N=40 c1=2.05 c2=2.05 chi=0.7298,ok,,pso,10,160,1872270029,1.2401851014920418e-05,1.2401851014920418e-05,10000,10000,0.0265,"[0.13561913127119518, -3.77464572515337, -2.2963173325469937, -2.0967232758857106, -4.029272150504135, -0.6271323232032355, -4.65612332047779, 2.399642136762835, -3.259008105643068, 1.5072322859441454]"
random_objective,PSO/constriction N=40 c1=2.05 c2=2.05 chi=0.7298,ok,,pso,10,161,11094655,3.290307475400933e-05,3.290307475400933e-05,10000,10000,0.0311,"[-5.0, 1.8268514110428242, 2.2668966182428476, -4.920082878957358, 3.7021333264376994, -5.0, -1.583145122092325, -2.425283350803818, -5.0, -1.7088723527924685]"
random_objective,PSO/constriction N=40 c1=2.05 c2=2.05 chi=0.7298,ok,,pso,10,162,4291975150,5.529602720499849e-05,5.529602720499849e-05,10000,10000,0.0336,"[-3.9648809303634036, 4.704470510270255, -3.8345177627121787, 0.49171919379111606, -2.9125116972036085, 2.52847096456843, -4.745189937704217, -1.7427804680322914, -0.5883471016523362, -0.6067902233065072]"
random_objective,PSO/constriction N=40 c1=2.05 c2=2.05 chi=0.7298,ok,,pso,10,163,1364236114,0.00019927593688873202,0.00019927593688873202,10000,10000,0.0271,"[2.9799371687354324, -1.422570944134815, 0.7302885007990603, -2.541435772225417, -1.9657331970620837, 0.19466169895206398, 5.0, 2.8744236973639783, -0.9982329081337431, 1.0106190270098043]"
random_objective,PSO/constriction N=40 c1=2.05 c2=2.05 chi=0.7298,ok,,pso,10,164,2136355500,4.973134247909794e-05,4.973134247909794e-05,10000,10000,0.0344,"[-1.735794558636499, 1.374441116028819, -0.42926054939811115, -3.1450469849935514, 3.730669491946213, 2.3931170565700586, -4.846227155251462, 0.8125062378117327, -1.3499219639466975, 0.32334305753410164]"
random_objective,PSO/constriction N=40 c1=2.05 c2=2.05 chi=0.7298,ok,,pso,10,165,111558412,2.865251579731165e-05,2.865251579731165e-05,10000,10000,0.032,"[1.2489628193267386, 0.4435584083898796, 3.3964545072815757, -0.47055714877504196, 5.0, -0.02210754867472664, 0.09604971376572402, -0.8740492956361983, -1.4181758219200664, 2.0846932807110092]"
random_objective,PSO/constriction N=40 c1=2.05 c2=2.05 chi=0.7298,ok,,pso,10,166,1304912119,3.098003705748198e-05,3.098003705748198e-05,10000,10000,0.0289,"[3.1959608846129433, -3.498947673600904, 4.899473448357645, 4.5780265217986145, -3.3460457511013897, -4.223727697124666, 1.1327435197092175, -3.4314269954215244, 1.3179453388542663, 4.490487454437436]"
random_objective,PSO/constriction N=40 c1=2.05 c2=2.05 chi=0.7298,ok,,pso,10,167,3573643284,4.887991962343463e-05,4.887991962343463e-05,10000,10000,0.034,"[-3.7284530184966957, -4.199884565931014, 1.9802583130782578, 0.6817118098499515, -5.0, 0.37354384992730905, -3.7809047248995964, 1.1906354505796264, -2.556775869487241, -0.4000621570807968]"
random_objective,PSO/constriction N=40 c1=2.05 c2=2.05 chi=0.7298,ok,,pso,10,168,71399533,0.0001505368040909394,0.0001505368040909394,10000,10000,0.031,"[2.66158864775256, 2.350317629438808, 3.4197239418740506, 2.294197818951052, 0.7337431604462967, -5.0, -0.9362500337967369, -2.9212347049469933, 2.449777642509619, -5.0]"
random_objective,PSO/constriction N=40 c1=2.05 c2=2.05 chi=0.7298,ok,,pso,10,169,2135842046,0.0001367511548051592,0.0001367511548051592,10000,10000,0.0378,"[-2.90186318060585, -1.2065967335406547, -2.7862291897298737, 4.045610925493634, -4.181894995406112, -1.3106428765188833, -1.8585721326322957, 3.8306483651739303, -2.025948816535386, -0.007749838266805753]"
random_objective,PSO/constriction N=40 c1=2.05 c2=2.05 chi=0.7298,ok,,pso,10,170,2040741576,3.025663872313622e-05,3.025663872313622e-05,10000,10000,0.0337,"[4.222339437836466, 0.1591402695081412, 1.501950751740158, 0.3738926765213613, -3.475697967637873, -1.0971154515636488, 1.4899619039511336, -3.332254884029946, 3.4613342419797117, 2.606801085779943]"
random_objective,PSO/constriction N=40 c1=2.05 c2=2.05 chi=0.7298,ok,,pso,10,171,877352403,3.5536064976415815e-05,3.5536064976415815e-05,10000,10000,0.0307,"[-1.8283973582680078, 0.2738997390145056, -2.240086871119206, -1.2183569474027085, 0.6011601030862277, 0.157282087022104, -3.9550622048576, -5.0, 0.8817908829328513, -4.6090627557399735]"
random_objective,PSO/constriction N=40 c1=2.05 c2=2.05 chi=0.7298,ok,,pso,10,172,2094326498,7.839141451737586e-05,7.839141451737586e-05,10000,10000,0.0325,"[4.432451692225283, 2.5681739646413035, 0.3675441657515077, -3.26003094944864, 5.0, -2.21310965638553, 2.976494782184037, 3.858914127674794, 3.605253282480018, -4.274445022102128]"
random_objective,PSO/constriction N=40 c1=2.05 c2=2.05 chi=0.7298,ok,,pso,10,173,4200165963,0.00015944480815532902,0.00015944480815532902,10000,10000,0.0348,"[-1.7412220403792416, 5.0, -3.1233727061652234, 2.0276387742511317, 2.840455654933287, 4.329294404671599, 3.634172506645088, -3.538501820380618, -4.517023447891149, 2.116184143778164]"
random_objective,PSO/constriction N=40 c1=2.05 c2=2.05 chi=0.7298,ok,,pso,10,174,2751797094,1.0700611504321778e-05,1.0700611504321778e-05,10000,10000,0.0465,"[-0.31238823273918825, 0.7574999437810158, -2.6300350901276985, -5.0, 3.09167343623855, 3.259910670801561, -0.2876354448926196, -3.8732447178557456, -2.6419296217913555, -2.757526954110148]"
random_objective,PSO/constriction N=40 c1=2.05 c2=2.05 chi=0.7298,ok,,pso,10,175,2689852036,4.5328860624138656e-05,4.5328860624138656e-05,10000,10000,0.0397,"[-2.508763112271014, 5.0, -2.8805277245613574, -0.7329525760361808, 2.203935848666686, 1.6642849682177785, -1.679069509808762, 4.11911667876341, -3.6482959320728434, -3.457753912013298]"
random_objective,PSO/constriction N=40 c1=2.05 c2=2.05 chi=0.7298,ok,,pso,10,176,3662386997,4.221493097000817e-05,4.221493097000817e-05,10000,10000,0.0277,"[2.191523749513649, 2.014341032427741, 1.2869236368930337, -4.563110591048529, 4.910207285938346, 0.2938371611545119, -4.830525313348572, 2.7817941519341676, 2.5292696748997234, 4.877143483685248]"
random_objective,PSO/constriction N=40 c1=2.05 c2=2.05 chi=0.7298,ok,,pso,10,177,3461655746,0.0002716306697148063,0.0002716306697148063,10000,10000,0.0254,"[-2.129180850358436, -3.1345095581266693, 5.0, 1.298503224654226, 4.977827989402868, -0.7658876211131856, 0.7634120159267358, 2.69596840468627, -5.0, -4.1854450613283545]"
random_objective,PSO/constriction N=40 c1=2.05 c2=2.05 chi=0.7298,ok,,pso,10,178,2350589781,7.666852410925795e-05,7.666852410925795e-05,10000,10000,0.0245,"[0.8395281596048143, 0.5431862820493975, 4.41661752329094, 4.198303022002943, 2.734998872323709, 5.0, 1.06706973913316, -3.7244092291688635, 3.212681707418045, -3.844752178017844]"
random_objective,PSO/constriction N=40 c1=2.05 c2=2.05 chi=0.7298,ok,,pso,10,179,1535934672,6.36561883227138e-06,6.36561883227138e-06,10000,10000,0.0238,"[0.11115463783340385, -3.143579423539406, 1.314063878517713, 4.907812679465418, 1.5725621186251528, -0.08984018553852735, 2.468316324829325, 4.183380632252737, 2.7870141000328914, -3.2373815516543716]"
random_objective,PSO/constriction N=40 c1=2.05 c2=2.05 chi=0.7298,ok,,pso,10,180,3313962146,3.09159607255749e-05,3.09159607255749e-05,10000,10000,0.0249,"[1.0184693667818336, -0.4175763062957029, 5.0, 5.0, -3.1186298941275576, -4.232652691032209, 0.8753539186026533, -4.808614269552805, -0.3611283524920486, -1.4802817272894278]"
random_objective,PSO/constriction N=40 c1=2.05 c2=2.05 chi=0.7298,ok,,pso,10,181,3605873674,6.843796138589209e-05,6.843796138589209e-05,10000,10000,0.0364,"[1.7426787890374162, -0.06240815776740616, 3.9040268745112328, -3.607326285100384, -4.90116887811987, 5.0, -1.8380559279648403, 5.0, 3.098250383811685, -3.9457963941268432]"
random_objective,PSO/constriction N=40 c1=2.05 c2=2.05 chi=0.7298,ok,,pso,10,182,727635118,9.214816884550725e-05,9.214816884550725e-05,10000,10000,0.0306,"[4.676040027809861, 2.815898856014208, -1.0690866528371596, 1.5360369481048806, 0.03596150846320245, 5.0, 1.950623024328629, -1.0105827325665042, -1.7352611980679715, -2.8021458612503984]"
random_objective,PSO/constriction N=40 c1=2.05 c2=2.05 chi=0.7298,ok,,pso,10,183,4276641720,7.337819142694268e-05,7.337819142694268e-05,10000,10000,0.032,"[-1.1072140230382723, -4.471263505542722, -1.511565903222454, 1.985576632091524, -1.081536208070275, -4.236898715924518, -2.9961653497579537, -4.3381929757349, 4.470492548397912, 0.6382682751529452]"
random_objective,PSO/constriction N=40 c1=2.05 c2=2.05 chi=0.7298,ok,,pso,10,184,1300952384,9.231880647997404e-05,9.231880647997404e-05,10000,10000,0.033,"[2.394297710823334, 2.868546182031386, -5.0, -1.2502754770435773, 0.1486384542855974, 2.3564999751040565, -2.2350860441763563, 2.935378973541397, -2.900266081444834, 2.180676569154297]"
random_objective,PSO/constriction N=40 c1=2.05 c2=2.05 chi=0.7298,ok,,pso,10,185,266719062,1.4103432940615335e-05,1.4103432940615335e-05,10000,10000,0.0348,"[-2.103737999540579, 1.2175530166945159, 0.8187528645167435, -1.7049748663095814, -1.5027334633184006, 5.0, 0.36912977660808477, -1.3031679789772599, 0.4770919370270725, 1.2720442127819038]"
random_objective,PSO/constriction N=40 c1=2.05 c2=2.05 chi=0.7298,ok,,pso,10,186,2409697697,0.00032072545727912516,0.00032072545727912516,10000,10000,0.0465,"[0.2232340601451659, -4.180177470879502, -0.029265755487841844, -5.0, 4.933662430860913, 1.2821776902350104, -0.6317292370668233, 2.546614257327769, -4.999814526701078, -3.8483920251670787]"
random_objective,PSO/constriction N=40 c1=2.05 c2=2.05 chi=0.7298,ok,,pso,10,187,761506368,0.00010142779669164437,0.00010142779669164437,10000,10000,0.0266,"[-4.954845432408629, -3.8191472070825703, 0.5930060210945571, 3.013374459995818, 3.163123096909338, 1.1513477739688949, -4.746820241752367, -1.0635215723933162, -5.0, -4.877571314290418]"
random_objective,PSO/constriction N=40 c1=2.05 c2=2.05 chi=0.7298,ok,,pso,10,188,3335857162,3.874167165529574e-05,3.874167165529574e-05,10000,10000,0.0285,"[0.12774216464028282, -3.383214784096619, -2.757534770206914, 0.2877596434366706, 2.825178882451937, 4.985149435496921, 0.8392961585264382, 1.4726429482290828, -5.0, -0.7228698463207752]"
random_objective,PSO/constriction N=40 c1=2.05 c2=2.05 chi=0.7298,ok,,pso,10,189,2379381178,0.0002497428554600889,0.0002497428554600889,10000,10000,0.0522,"[3.8243713582571885, 2.896020130139826, 0.7232977624622097, -2.6467212211103983, 5.0, -3.619797497144588, -4.071423921748861, -1.1052033654092237, -1.6924656790961086, -2.5284176129300993]"
random_objective,PSO/constriction N=40 c1=2.05 c2=2.05 chi=0.7298,ok,,pso,10,190,2573695519,0.00012617141330417692,0.00012617141330417692,10000,10000,0.078,"[-0.4908272345672361, 1.0826652826336303, -2.094725557442878, 3.977129194058598, 4.819574371239158, -1.404554349258572, 1.6555093674504, 3.1363619061859977, -5.0, 4.392995122206997]"
random_objective,PSO/constriction N=40 c1=2.05 c2=2.05 chi=0.7298,ok,,pso,10,191,1718471958,6.193222387884667e-05,6.193222387884667e-05,10000,10000,0.0591,"[5.0, 0.16808540899204305, 4.522522034106235, -3.5788267305500727, -3.6060852500530025, 3.9934860556696066, 0.7738964746171302, 3.567873254392924, -4.255945600779517, -4.063621482925852]"
random_objective,PSO/constriction N=40 c1=2.05 c2=2.05 chi=0.7298,ok,,pso,10,192,3947012080,3.088763438618969e-05,3.088763438618969e-05,10000,10000,0.0692,"[4.693331117627668, 5.0, -5.0, 4.489090295658478, -4.070040693867658, -3.558231591262653, 2.5336858110606997, -4.421848168699228, 0.11877532924317624, 3.0066078389631032]"
random_objective,PSO/constriction N=40 c1=2.05 c2=2.05 chi=0.7298,ok,,pso,10,193,1406165998,6.249847300410227e-05,6.249847300410227e-05,10000,10000,0.0601,"[1.2627953386108601, -0.48039771809408527, -3.148965570887393, -2.5622398179267267, -3.610822679852477, 0.24484263930323996, 0.15324848166987215, -3.3069347557054005, 1.567048101953777, 1.9605031234142134]"
random_objective,PSO/constriction N=40 c1=2.05 c2=2.05 chi=0.7298,ok,,pso,10,194,1580744810,0.00011130802637138171,0.00011130802637138171,10000,10000,0.0609,"[-4.986663432202445, 4.753404062469612, 3.393006776073184, -2.565341191549224, 4.844107993110055, 4.288189396956842, -0.11265845234567329, -3.069009391198652, 5.0, 4.324779864276181]"
random_objective,PSO/constriction N=40 c1=2.05 c2=2.05 chi=0.7298,ok,,pso,10,195,1618089985,0.0002943244093523978,0.0002943244093523978,10000,10000,0.0669,"[4.672246209174844, 5.0, -0.6850531259404906, 3.6416063770783444, -0.8512785757880692, 2.5624737412089047, -3.0810883171816434, -3.4402755908921128, -1.8751665223446987, 1.8647817115196137]"
random_objective,PSO/constriction N=40 c1=2.05 c2=2.05 chi=0.7298,ok,,pso,10,196,1572620401,0.00025320782318083435,0.00025320782318083435,10000,10000,0.0454,"[-0.0016421790821414817, 2.906549250110808, 0.6202056027558852, 1.0794901356295503, 1.3582418130244593, 2.7144178129692924, 0.47351187618966767, -0.09782542642346755, 2.4264622689971356, -1.7905426004075449]"
random_objective,PSO/constriction N=40 c1=2.05 c2=2.05 chi=0.7298,ok,,pso,10,197,1233450394,5.446831404443131e-05,5.446831404443131e-05,10000,10000,0.0446,"[-2.065226436820782, -4.31514291325544, 2.01525902219438, 4.491960655062076, -1.6430668861118924, 2.0296590794444036, -2.477888506209119, 3.723264211569253, 3.5644467422074557, 0.3971329139726466]"
random_objective,PSO/constriction N=40 c1=2.05 c2=2.05 chi=0.7298,ok,,pso,10,198,1672050501,2.1947260878230068e-05,2.1947260878230068e-05,10000,10000,0.0355,"[3.1931581404540754, 3.290683573484972, 5.0, -1.3932320847487905, 5.0, -3.64977439973288, 4.052971274798618, 1.1758675442878135, 1.9011798993499402, 4.544111403830426]"
random_objective,PSO/constriction N=40 c1=2.05 c2=2.05 chi=0.7298,ok,,pso,10,199,1852402788,6.354728477353522e-05,6.354728477353522e-05,10000,10000,0.0284,"[-4.255816902046055, -3.4706404692734005, 5.0, -2.7845284047288645, -3.69858412639064, -2.7717469222592843, -3.3257110784503174, 5.0, 2.2778459419830375, -5.0]"
random_objective,RandomSearch,ok,,random,10,0,261206391,7.255792795479721e-06,7.255792795479721e-06,10000,10000,0.2093,"[4.213189703495922, -0.5631659266288169, -4.001541853961247, -0.6077969921455384, -3.526059443410471, 2.026582455111229, -3.1658462430889713, 2.506607923447288, -1.7593136637292062, 2.6758210272827987]"
random_objective,RandomSearch,ok,,random,10,1,1153361587,0.00013775288313411238,0.00013775288313411238,10000,10000,0.2009,"[2.7322609422958344, -0.2480075675080029, -2.9274639361031243, 3.16624543603878, -3.762173880698615, -2.0285244207932207, -2.3930877942364006, 0.8641422269830357, -4.393488647808792, -4.817190815970013]"
random_objective,RandomSearch,ok,,random,10,2,2373407891,1.2015624453964868e-05,1.2015624453964868e-05,10000,10000,0.2045,"[0.366978414074437, 4.656222478975749, -0.8212040804894849, 4.638977995599712, -2.8186221075393556, -4.95077169372672, 2.5679546116012575, -3.324828383696933, 2.5332657787099047, 0.1331485207833738]"
random_objective,RandomSearch,ok,,random,10,3,1159981256,7.823828517095066e-05,7.823828517095066e-05,10000,10000,0.1899,"[4.148460001416911, -2.846388435682706, -0.13490717122121243, -0.9586264464746075, 1.1707226409434623, 1.9995685852271905, -3.9270514787965216, -1.4394667946932171, -0.6074300986971459, 2.1359494595602726]"
random_objective,RandomSearch,ok,,random,10,4,2772035323,0.00013079361165813097,0.00013079361165813097,10000,10000,0.1908,"[-4.249044953436032, 2.916054828716621, 2.648247862810144, -3.9765172743039026, -4.620755191006411, 0.7051544565983459, -0.28935098782230884, 2.389897387260506, -1.6673463298152091, 2.34205574140268]"
random_objective,RandomSearch,ok,,random,10,5,3146128560,0.00023740030225416486,0.00023740030225416486,10000,10000,0.1869,"[1.364819890278084, -3.482703723267211, 3.5107711300815914, 3.5700618799153183, -1.3216477029969642, 3.115234221251008, -2.5511437572643936, -0.48354834214233255, -2.6437406013361944, -4.175494285136967]"
random_objective,RandomSearch,ok,,random,10,6,4227390370,0.0001209800503494396,0.0001209800503494396,10000,10000,0.1976,"[0.01914690442449518, -0.9847558278114621, 4.47622652069796, 1.836892434840427, 3.987584143193814, -0.19585353485554235, 2.7294385632065863, 3.0423686927810314, 3.446413274870952, -2.01599771384016]"
random_objective,RandomSearch,ok,,random,10,7,138152530,6.793912640223887e-05,6.793912640223887e-05,10000,10000,0.207,"[-2.0302746652944537, 0.6095587097388344, -3.899321580792685, -4.448561440581946, -3.959347501616887, 1.339047116430836, 3.004409035006849, 0.08961864052037027, 4.100110763713224, 0.287491346470512]"
random_objective,RandomSearch,ok,,random,10,8,2827577662,0.00012341905616197746,0.00012341905616197746,10000,10000,0.1901,"[0.11262019014375846, -1.8311969379982407, -4.1129848933993065, -3.0532974924595138, -1.589370461630727, 1.655248075707113, -4.953052605219151, 3.340050801194343, -0.7514950623797767, -0.5771786063911]"
random_objective,RandomSearch,ok,,random,10,9,1356606607,2.540581973542455e-05,2.540581973542455e-05,10000,10000,0.1757,"[4.003547493168793, 1.059820169632243, -1.2641031059846675, -2.998419004681633, 1.6174904585048255, -0.41941090274826065, -3.3160340361911445, -2.454498471087917, 2.7923434529650715, -0.062468034783357274]"
random_objective,RandomSearch,ok,,random,10,10,2878090554,5.899812721699149e-06,5.899812721699149e-06,10000,10000,0.1741,"[-3.411566379802963, 4.962990506506223, -0.1435465817344206, 0.662641701984118, 1.1244089805649093, -4.259311130063307, -2.157566844166791, -1.8565508357470983, -3.1108588578547156, -4.3791669027399855]"
random_objective,RandomSearch,ok,,random,10,11,3150098000,3.3680681720493766e-05,3.3680681720493766e-05,10000,10000,0.1896,"[3.2545549871167836, 3.0192582044298923, 1.717551967381823, 3.0682421824467667, -4.561152093248811, -4.760838757460236, -3.2452001999166677, -1.7841759040616878, -4.322123277865256, 1.0192638158935752]"
random_objective,RandomSearch,ok,,random,10,12,124373332,0.000244421471107481,0.000244421471107481,10000,10000,0.1941,"[2.449591489436249, -2.60448969132928, 3.200151288748585, 0.5820276221042264, -2.597720381833093, 0.96364855494665, -0.7369749600066311, -3.213572602709065, -4.623608646986663, 2.4946581198278137]"
random_objective,RandomSearch,ok,,random,10,13,344267538,0.00021117648998070226,0.00021117648998070226,10000,10000,0.1834,"[0.359048521125791, 4.323954028003152, -3.5445225900464896, 4.871926894226113, -3.637991103423728, -1.2342148967704336, 0.5705471813304064, -4.3084594374783425, -1.3164641740061767, -3.5049471254488553]"
random_objective,RandomSearch,ok,,random,10,14,751757583,0.00022375177538203062,0.00022375177538203062,10000,10000,0.1954,"[3.6515228235447097, -3.319134248413497, -2.2541554818349874, -0.9671033671854434, 4.4604474742325895, 0.6196149362412073, 1.1512494781231086, -3.68372313040639, -1.4488196539173404, -0.028217718400063152]"
random_objective,RandomSearch,ok,,random,10,15,1283660157,2.8244944899946667e-05,2.8244944899946667e-05,10000,10000,0.2003,"[0.9879376468518275, 1.187145617211699, -4.662088025139194, -0.18801352558609374, 2.4661210993880154, -3.6032529295919833, 0.9722417348645263, -2.0910784662050066, -4.260297673839371, -3.42519274081711]"
random_objective,RandomSearch,ok,,random,10,16,1424346797,1.6710107373363314e-06,1.6710107373363314e-06,10000,10000,0.201,"[-0.7483020000688778, 1.3118416750513695, 2.615444389111196, 3.632282833489069, -4.1485508608500785, 3.5942507617275044, -3.300322832994105, 3.7891964296258482, 2.00210637741572, -3.9889776689305068]"
random_objective,RandomSearch,ok,,random,10,17,2783443102,0.000599399756147645,0.000599399756147645,10000,10000,0.2026,"[2.4525992166295607, 4.408975097558456, 1.291791768878111, 3.52133462829757, -0.9766774838285297, -1.4740164301125858, -3.3730414879525594, 4.802207005889407, -1.4402605902895338, 4.164894415273734]"
random_objective,RandomSearch,ok,,random,10,18,3545694504,0.00012521079214056208,0.00012521079214056208,10000,10000,0.2014,"[4.835062204239212, -0.8700876040139127, -1.366874489278448, 0.8887137970377668, 2.0206608603729013, 0.5846182902613273, 2.6654673709524146, -1.777170468259306, -3.243939808904276, -0.9374206164962529]"
random_objective,RandomSearch,ok,,random,10,19,2910039984,3.139804178542427e-05,3.139804178542427e-05,10000,10000,0.2078,"[-2.8800968655493167, 2.162662149427157, -1.0685367434004245, 3.943906945920861, -4.275114590132619, -3.5638582423958134, -1.631726082074556, -2.4895467263133595, 0.3711755736941802, -2.2279969109875575]"
random_objective,RandomSearch,ok,,random,10,20,111288983,0.00012705248735178643,0.00012705248735178643,10000,10000,0.2,"[4.59958846702702, 0.6385996199581323, 3.0785796759376383, -3.3041352030827276, 1.1315379712268592, 1.78743433481233, 4.91619433619923, -1.201327502849383, 2.047022722051992, 3.6321113126034144]"
random_objective,RandomSearch,ok,,random,10,21,1570554110,4.951395402297276e-05,4.951395402297276e-05,10000,10000,0.2099,"[-0.7233363483936806, -3.92891938108638, -0.6729950084332892, 1.1919998447014934, -1.5785831849297005, 2.914033501662192, -4.792731533957813, 4.230003995358312, 1.9612903522970082, 4.482631154922261]"
random_objective,RandomSearch,ok,,random,10,22,36084159,0.00019247640252861853,0.00019247640252861853,10000,10000,0.207,"[-0.7821466918692277, -0.33883185766045876, -3.5637524126058437, -0.49257753320843034, 3.2289557130675393, -0.752518328237054, -3.4284307613395693, 2.4454356623956275, 4.097816868713448, -3.068099351111587]"
random_objective,RandomSearch,ok,,random,10,23,1328680351,1.0452827426621347e-05,1.0452827426621347e-05,10000,10000,0.1951,"[-1.5045927990264552, 2.5817755635469353, 1.9658797303804487, -2.6435397968898067, -0.7033999272858071, -1.5218994172345102, 4.540504392695524, -0.5256632259129002, 4.5132932209231775, -4.610040968860714]"
random_objective,RandomSearch,ok,,random,10,24,798913571,0.00011521035358297294,0.00011521035358297294,10000,10000,0.2153,"[0.5101362377849605, 1.4129920505915705, 3.947727793650848, -0.9114639109617573, 2.449489034183734, 4.801878541586201, 3.2476636399368486, -4.761831494903493, 3.1343509774546394, -4.889819958381092]"
random_objective,RandomSearch,ok,,random,10,25,2622741673,5.901830864252222e-05,5.901830864252222e-05,10000,10000,0.2035,"[-4.673227570414868, 3.534542213594581, 3.4369344411332547, 0.7630038755081303, -3.1403324728133732, -3.528007636964212, 4.2298964542427075, -4.018168192646221, -0.6458587482204847, -2.513145146859619]"
random_objective,RandomSearch,ok,,random,10,26,2566430699,0.0001930335233993885,0.0001930335233993885,10000,10000,0.1904,"[-3.5150346491686935, -0.30548338594594826, 4.942127707746879, 2.7494730665204004, -0.4816925629882085, -4.177103634200581, 3.7912170433515646, 4.863099264072215, 0.406988443407712, -1.8525886098254818]"
random_objective,RandomSearch,ok,,random,10,27,456546350,0.000263319755126612,0.000263319755126612,10000,10000,0.2164,"[-4.986156977765846, -0.7089621539259627, 0.002119518903637152, 4.545463845532711, 2.615768784563073, 2.646578475642196, -0.34470419637233185, 0.0020517025214616957, 1.3014501339419027, -1.2199361584774648]"
random_objective,RandomSearch,ok,,random,10,28,183878153,5.133408794510963e-05,5.133408794510963e-05,10000,10000,0.1918,"[1.66897520469247, 2.0849562432286017, -2.1307486098697814, -2.100338791407225, -1.8290632299519372, -2.055471451374987, -4.040554844455429, 3.484231182583084, 1.3361866317717597, -0.18265147782366542]"
random_objective,RandomSearch,ok,,random,10,29,519022233,1.6455225500089377e-05,1.6455225500089377e-05,10000,10000,0.1971,"[0.9325737052767769, -4.873315387335898, -3.0612899163979232, -1.486778568192707, 1.0743235032437537, -4.494117537107255, 4.733078661418062, 1.896577146168268, 1.2077654862490383, -1.3582021958776014]"
random_objective,RandomSearch,ok,,random,10,30,1629467551,5.152505404226737e-06,5.152505404226737e-06,10000,10000,0.2151,"[0.33839250264004694, -1.271309338504104, 3.3369538735865723, -1.1659225664986983, 2.4131952290983163, 2.764526997347878, 4.610180355745902, 1.4682492123083424, -3.4058361315083694, -2.4699098667705877]"
random_objective,RandomSearch,ok,,random,10,31,1427935023,0.00026801558933153835,0.00026801558933153835,10000,10000,0.2665,"[-3.0263697705201844, -2.7775437140138406, -1.7041601509571913, -1.3702169621922133, -4.899463790679603, 4.111983778796242, -1.2480570890915654, -3.6573541484645755, -3.825323634343283, 3.491163751091845]"
random_objective,RandomSearch,ok,,random,10,32,843309848,2.945951570343386e-05,2.945951570343386e-05,10000,10000,0.2737,"[-4.473134528683413, -4.314883878815934, 0.36796948676823926, -2.903013690458136, -0.09237845229778996, -1.0244215276628998, 0.5869454167146249, -4.46468090611021, -3.009138373196251, 2.40377618157393]"
random_objective,RandomSearch,ok,,random,10,33,3167231408,0.00016594692142091194,0.00016594692142091194,10000,10000,0.2788,"[3.394272961134386, -2.1911071000637348, -3.5975598441521073, -4.375555331810023, -4.196331950578288, 3.9131979433719843, 0.9561672286133804, -2.7347503376518767, 0.26075696106342305, 3.4092427510144754]"
random_objective,RandomSearch,ok,,random,10,34,4161474936,5.820496416841792e-06,5.820496416841792e-06,10000,10000,0.5394,"[-4.9802785942498495, 3.6777059385070565, 3.890153413172949, 1.6230084770735964, 3.634327403758265, -3.025174699264863, 3.0394028802281814, -4.990580763442161, -2.2707691223777395, 2.5812748585128933]"
random_objective,RandomSearch,ok,,random,10,35,183721593,4.341512436500938e-05,4.341512436500938e-05,10000,10000,0.5272,"[3.019036772362825, -4.583671742824006, 1.922440617947958, -4.312408089396613, 0.9228604386686767, 0.4541265726846422, 1.7315290325341093, -4.287671076925522, -0.5238417278566365, -4.779727309391324]"
random_objective,RandomSearch,ok,,random,10,36,2866038562,4.71805862454211e-05,4.71805862454211e-05,10000,10000,0.5021,"[4.502459762990972, 3.9611197213490454, 1.0567054654529873, -0.09349416575375691, 3.956521948308873, 2.387991500539334, 0.2909096214388185, -1.8346352010982592, 0.6241393309001297, -2.7419690728320303]"
random_objective,RandomSearch,ok,,random,10,37,3518611190,0.00015276379005857432,0.00015276379005857432,10000,10000,0.5019,"[0.8704521485587358, 4.978141608091617, -0.9657890922655088, -2.848423514725625, 3.7560861490762276, 2.7884998930737948, -3.8722891454374175, -4.563367158907987, 3.758358031515463, 2.943373685016936]"
random_objective,RandomSearch,ok,,random,10,38,62167272,7.362001668986817e-05,7.362001668986817e-05,10000,10000,0.5183,"[-4.584301896228249, 4.286041339965969, 3.8630033722967196, 3.1738078596722605, 3.5147914922059584, -3.4965873990935368, 4.665791943722799, 0.7030891181324039, 3.750445056948429, 4.6974884493118445]"
random_objective,RandomSearch,ok,,random,10,39,2980186335,6.328199413419e-05,6.328199413419e-05,10000,10000,0.4468,"[-3.2941086573635845, -4.9054856135792955, -0.602360890261906, 3.2067705930272927, -1.6003356468961993, 0.6497227281590812, -2.1364806453872234, 4.913747916463469, 3.277942512572695, 1.4896145621690104]"
random_objective,RandomSearch,ok,,random,10,40,1342881623,0.00018100420551192542,0.00018100420551192542,10000,10000,0.3276,"[3.3943452789461928, 4.065705036437615, -4.261666761302985, 2.0322008079672127, -4.834943944249707, 3.279946027570615, -2.3390542034631654, -1.0278522444644844, 1.0357383936062758, 2.1146379198451237]"
random_objective,RandomSearch,ok,,random,10,41,774583565,7.80076130768581e-06,7.80076130768581e-06,10000,10000,0.3441,"[-2.034156417729677, -2.64685905130757, 0.8322808439235174, -4.33381713302146, -4.775601539893807, 0.49143183125494483, 3.5438080049322505, 4.40847924757885, 0.8751862969424251, 2.348766052043383]"
random_objective,RandomSearch,ok,,random,10,42,3337986144,0.00014107037479960116,0.00014107037479960116,10000,10000,0.2144,"[-4.049088396635296, -1.3603989790404525, -2.6231291314502867, -0.18793354470937218, 2.6979687284681244, 3.877325070706019, 3.7952606690258914, -0.3600641786108605, -0.7116561153173795, 0.21170670780510603]"
random_objective,RandomSearch,ok,,random,10,43,1268610009,0.00017142022995864092,0.00017142022995864092,10000,10000,0.2265,"[-4.833019292305338, 0.746399853744073, -0.09151293041109398, 3.1849594409918436, 3.33581007413712, -4.198008768350379, -2.622451855107749, -3.24044373766605, 2.4519213188273814, -0.33137378247729]"
random_objective,RandomSearch,ok,,random,10,44,3732379323,3.503004233362805e-05,3.503004233362805e-05,10000,10000,0.2133,"[-2.7410318404237044, -4.651188239208577, 1.6291703719273387, -1.7605135367919755, 0.7563589158901074, -3.144809990184915, -1.2612107502183012, 2.212341088190036, 4.057528036044385, 1.0911197511343518]"
random_objective,RandomSearch,ok,,random,10,45,1564651183,0.00010884458916371464,0.00010884458916371464,10000,10000,0.241,"[4.880654172546341, -2.953546769103663, -1.2654911290307003, -1.9787033188541447, 4.532682157568844, 2.3447298612413525, -3.53748558864577, 4.7192626310425965, 0.812778462762298, -1.3374746209155286]"
random_objective,RandomSearch,ok,,random,10,46,2731548437,5.3856192658630064e-05,5.3856192658630064e-05,10000,10000,0.2243,"[4.927133300627567, -2.639310240711109, 4.221704943283839, -2.775434674481101, -3.3803385028598987, 2.91472155804799, -1.9279639494639866, -1.3258985648122923, -2.3591421729487774, -4.923190912172945]"
random_objective,RandomSearch,ok,,random,10,47,119014044,0.00016923976139238128,0.00016923976139238128,10000,10000,0.2112,"[0.47144967465110654, -4.24154286543022, 2.676098419474151, 0.9870155149197346, 2.7552541092341274, 0.44969335307729286, -3.8892302674555324, -2.7445191871816252, -2.7290744333232286, -4.968831632628906]"
random_objective,RandomSearch,ok,,random,10,48,665310750,6.915886357972134e-05,6.915886357972134e-05,10000,10000,0.1421,"[-4.85818783653082, -4.18923810308325, -2.766365310373512, -3.572324599888599, -2.411428686811019, 1.5887955580798574, 2.1569331469060815, 0.5039289023163873, 0.5495777122540513, 3.420909390324849]"
random_objective,RandomSearch,ok,,random,10,49,1206579491,4.36350951942277e-05,4.36350951942277e-05,10000,10000,0.2157,"[4.667809539579652, 4.071779076659126, 1.4608450503796744, -4.19570229449133, -1.2211902309881462, -2.3247452902249863, -1.0619992929612154, 2.691026040558863, -0.11076715606636478, -3.002117627824311]"
random_objective,RandomSearch,ok,,random,10,50,2369365325,4.967664192767618e-05,4.967664192767618e-05,10000,10000,0.2009,"[2.723094764714058, 2.700201189856778, 1.0775176598802139, 2.42259732915013, -3.7374122239030214, -3.7329164346568513, -3.2296772891665038, 3.152762375054029, -4.253297978706447, 3.882599950166443]"
random_objective,RandomSearch,ok,,random,10,51,1953109946,4.273923558506532e-06,4.273923558506532e-06,10000,10000,0.207,"[-4.095258730194168, -2.212647875557331, 4.450318584121905, 1.1686728812373692, -0.214594389618864, -1.2356954098254602, 4.866461684952281, -1.4510819648119477, -2.0471868380529457, -4.5372339091080445]"
random_objective,RandomSearch,ok,,random,10,52,130630806,3.992184219991923e-05,3.992184219991923e-05,10000,10000,0.193,"[2.573576215101122, -4.23941808766881, 1.3959358599508631, -3.650856502839155, 1.8652333925669373, 3.92262717324623, 0.5528808935879548, 4.553789601997009, -0.5379835552431711, 1.8107394533956622]"
random_objective,RandomSearch,ok,,random,10,53,3718655344,0.0002219294946185224,0.0002219294946185224,10000,10000,0.2096,"[-3.3145015583826787, -0.6795977117301599, 0.48991729963878017, -4.796707291875877, -3.5087953598901445, -4.722179670542129, -0.16544045750448988, 0.6215917900972134, 4.312427316616393, -2.6127995243368254]"
random_objective,RandomSearch,ok,,random,10,54,2946264389,5.385834117044297e-05,5.385834117044297e-05,10000,10000,0.1969,"[0.9643626435056729, -4.6456254438148425, -1.4280665435507056, 2.1102468545021003, 4.861011028584179, -1.0790957602726992, 3.23004120124319, -4.072955075335555, -0.18327547078623274, -0.5189437769157057]"
random_objective,RandomSearch,ok,,random,10,55,3161001196,3.713430135354745e-05,3.713430135354745e-05,10000,10000,0.2049,"[-3.023458246648686, 4.486709943020438, -0.17582984117842648, 2.5670647897454635, 0.9009158872918466, -2.49434315178621, 1.6627501852261573, 2.8257270685186153, -2.483043838692592, 2.395255368688094]"
random_objective,RandomSearch,ok,,random,10,56,2566475088,9.421519444552384e-05,9.421519444552384e-05,10000,10000,0.1961,"[-2.0588923079523602, -0.7737256974816664, -4.928028405054135, -0.22344940990210893, 3.737219038373556, -0.84643789160598, 2.695237319748063, -1.6388768450716207, 0.953237112340457, 3.0555679723293663]"
random_objective,RandomSearch,ok,,random,10,57,2389801709,0.0003373156577867187,0.0003373156577867187,10000,10000,0.1892,"[-0.3597880852920943, -2.5026943116476064, -4.750015262898046, 0.5843696384894947, -0.6799475190370186, -3.9754152932974707, 4.132276091421748, 0.6469374884932688, 1.378418190192705, 4.644880476751419]"
random_objective,RandomSearch,ok,,random,10,58,3220233715,9.307108092893035e-05,9.307108092893035e-05,10000,10000,0.1951,"[-0.56907243392192, -4.39092486790614, -2.224710133509981, -0.587625823446758, 3.660983924258413, -2.728589726966406, 3.3967019633347597, -3.442032017029819, -2.1112206901495156, -2.5009481673950784]"
random_objective,RandomSearch,ok,,random,10,59,2597578464,0.0002143935146011744,0.0002143935146011744,10000,10000,0.21,"[-2.827271117178407, -4.55900837971963, 0.6598734173987331, -3.9040402927144093, 2.1748670655534, 0.9433232864577124, -3.122710145769929, -3.0874366047930515, -4.374784560594989, 1.5381397597667712]"
random_objective,RandomSearch,ok,,random,10,60,1231085680,5.104476712247674e-05,5.104476712247674e-05,10000,10000,0.2114,"[-3.9399063064329596, -4.039642450041303, 4.833530108684095, -0.8439219094970496, -3.220974545239571, -2.8940158954399053, -3.5734466521973562, 4.259763890960241, -2.1187181341251193, -3.4005551104587117]"
random_objective,RandomSearch,ok,,random,10,61,2269807963,1.72085230291108e-05,1.72085230291108e-05,10000,10000,0.2097,"[-0.9171381860039107, -1.8909858329232432, -4.884934002526393, -1.7662439011043973, -2.042583277595047, 3.9708474433419285, -2.0515579177881738, 4.478470386717749, -2.7875111900679195, 4.613527491758266]"
random_objective,RandomSearch,ok,,random,10,62,1612783440,2.8011940594763196e-05,2.8011940594763196e-05,10000,10000,0.2064,"[0.044378805799673016, 4.078310543749815, -0.45318926412555083, -2.252436695364737, -4.47532968862501, -4.593910311483573, 0.6885245813833962, -0.19751073220878212, -2.3266544622618, -1.2065160030474242]"
random_objective,RandomSearch,ok,,random,10,63,524445548,2.555060472020365e-05,2.555060472020365e-05,10000,10000,0.203,"[3.804392673298702, -0.23824764436840118, 4.698139622868536, 0.5905245826353522, -3.4801513014526386, 3.708627514804986, 4.032792119739255, 3.222383050568606, -3.310496633894574, 4.770228745576615]"
random_objective,RandomSearch,ok,,random,10,64,288769990,4.038816488516339e-05,4.038816488516339e-05,10000,10000,0.2093,"[3.278608997151846, 2.1644741798814393, -2.5639719344648757, -1.0741391963667712, -4.379517202264324, 3.521416919852085, -4.146318170249782, 0.3512288335160252, -0.700356894340628, -3.7606805417259137]"
random_objective,RandomSearch,ok,,random,10,65,750402972,0.00013607657653924576,0.00013607657653924576,10000,10000,0.2024,"[0.7922122451490732, 1.3758005378276406, 4.805468016443365, -1.9357542254711047, -1.4069340333296787, 3.740146271337342, 4.44826653024198, 3.8019348502132786, 0.9782484645082656, 1.1014492274223497]"
random_objective,RandomSearch,ok,,random,10,66,2527037366,2.461357317573576e-05,2.461357317573576e-05,10000,10000,0.1969,"[3.5179777643909294, -1.59421523933451, 3.0162069592655003, 0.8261903270168691, -2.317064344141242, -2.4228828464270826, -2.736006627899217, 2.4696410976739624, -4.118783997944138, 3.735325539208473]"
random_objective,RandomSearch,ok,,random,10,67,643203762,1.1808529751800023e-05,1.1808529751800023e-05,10000,10000,0.2106,"[1.8591434487272218, 1.3001461880680198, 0.5898291191497873, -0.9915948173607658, 1.6150913756450413, 3.1697134854349676, -1.8342136599464454, -4.344976379846131, 1.7914368316407014, 0.716322404672155]"
random_objective,RandomSearch,ok,,random,10,68,13213995,5.4795849079636305e-05,5.4795849079636305e-05,10000,10000,0.2061,"[4.229347707258901, 0.8932241826924703, 2.5030519775424698, 0.21821252110302836, 4.7818342326482, -0.6069746620827121, -0.1983775085979067, 3.8563426234137066, 2.664933679217615, 1.3240904549679178]"
random_objective,RandomSearch,ok,,random,10,69,94017131,0.00011592372227597902,0.00011592372227597902,10000,10000,0.1909,"[1.2249080549253533, -2.588417791757054, 0.3763185655073098, -0.63031859425705, 1.768503386186604, 1.9177595670698477, -1.0020348709281435, 2.329041235465258, 1.8551433667599804, 3.368049725478347]"
random_objective,RandomSearch,ok,,random,10,70,2779834120,7.736419332138311e-05,7.736419332138311e-05,10000,10000,0.1966,"[-2.9080181303732844, 2.3254912764463653, 0.8270257219417387, 1.9693879462195596, -2.6978786163958715, -4.278848068787939, 0.9073387522287557, 1.9373157061533874, -4.364069165689574, 4.676749214964325]"
random_objective,RandomSearch,ok,,random,10,71,4134085656,2.8899628780831854e-05,2.8899628780831854e-05,10000,10000,0.2205,"[2.5091458839525216, 2.877135812698257, 4.5059874918133636, 0.5761450463664497, -1.1581947854569008, 1.4100576135124376, -0.9596274157845042, 1.5671673850624313, 0.39118384188333133, 0.5292102249447284]"
random_objective,RandomSearch,ok,,random,10,72,1163248798,7.502747201248994e-05,7.502747201248994e-05,10000,10000,0.2047,"[-1.8190380185090649, 4.270066071609748, -2.2381490174657346, 0.6035812408791974, 3.63712209628817, -3.211066448215342, -0.07325306889293559, 4.993007080205816, 4.667521864157157, -0.9404903847047941]"
random_objective,RandomSearch,ok,,random,10,73,645252401,1.7599987823913033e-05,1.7599987823913033e-05,10000,10000,0.1875,"[-2.705875487887115, 1.3467108826841923, 2.2120464466106124, -4.330795779100933, -4.708187940214833, 3.9170809277893124, -2.7594936759914948, -0.39740268665132694, 3.43051770562922, 1.8863489602627315]"
random_objective,RandomSearch,ok,,random,10,74,3437030985,4.735220176799171e-05,4.735220176799171e-05,10000,10000,0.186,"[-2.9628395293620358, -2.9122682338189954, 4.162623288370444, -3.8058455950989, 4.166105515187896, 0.7046979622757266, 3.941121254790614, -1.0500853157871515, 3.899900280348626, -3.5635710153131104]"
random_objective,RandomSearch,ok,,random,10,75,138757135,0.0002094373111187764,0.0002094373111187764,10000,10000,0.1916,"[-0.8525284485574314, -1.2335423750094943, -2.6781570768067278, 3.5668160601630094, -2.4411972582808272, -0.06363210794641971, -4.410413228999671, -3.754715174967046, -0.057112849676358435, 0.636691778284505]"
random_objective,RandomSearch,ok,,random,10,76,3234195925,0.0002335458941691293,0.0002335458941691293,10000,10000,0.183,"[2.8842069174927456, -3.653097519213755, -1.021669706530669, -3.5034631454920273, -4.063953731004225, 4.780301537837674, -3.700575392614358, 0.2749476792413863, 4.32142034516273, -1.5588450809957244]"
random_objective,RandomSearch,ok,,random,10,77,2124649587,5.165169973042616e-05,5.165169973042616e-05,10000,10000,0.19,"[-2.9947685924262313, 2.9923232775995965, -2.8458973235418616, -0.2388724514805629, 3.548307172281344, 0.8801959962257788, -3.4226305125956613, -4.03609989845335, 1.1436935504982948, 4.107799994272298]"
random_objective,RandomSearch,ok,,random,10,78,693886794,1.919056337273961e-05,1.919056337273961e-05,10000,10000,0.1986,"[-3.4980729247073605, 2.9091028008130317, -3.969044606557838, -0.40906253886957233, 3.297926129599241, 2.637323031920902, 3.6359091489833864, -4.536698049995921, -2.3731728909287684, 4.042089262446739]"
random_objective,RandomSearch,ok,,random,10,79,388140579,0.00021009784165049172,0.00021009784165049172,10000,10000,0.1848,"[-0.5911172918067609, 4.179608008946074, 3.3517300455301626, -2.3041992422553994, 3.2678863832798855, -2.071152863391057, -1.4374554207803447, -2.8088978779812046, -1.8574302654863217, 3.4906447387517527]"
random_objective,RandomSearch,ok,,random,10,80,309303727,0.00028555510080241486,0.00028555510080241486,10000,10000,0.194,"[-1.9985437959377583, -3.8726688675317797, 0.027547750794407744, 1.2541813272359403, 3.1673867074963558, 4.847863486122332, 0.6457587570381618, -4.969891441480936, 3.9632793912366027, -4.968780822486245]"
random_objective,RandomSearch,ok,,random,10,81,2083364057,0.0003939316480791044,0.0003939316480791044,10000,10000,0.1769,"[-0.891835716146403, 1.531281002023388, -1.753605228521421, -1.721604780051078, 0.9755020294575423, -2.0125301115943186, -2.6075966202021714, -2.707367644959425, 1.721087340131483, 1.9737354954721664]"
random_objective,RandomSearch,ok,,random,10,82,3005651676,1.170316669241167e-05,1.170316669241167e-05,10000,10000,0.189,"[1.1560693289434698, 3.0791335645752183, 4.906674607251929, -1.3087475667364867, 0.9996013416624527, 2.3008208110910546, -1.3887469334479263, -4.238047635756138, -1.5797874518925692, 1.811506187878198]"
random_objective,RandomSearch,ok,,random,10,83,2981090056,0.00040692811270715,0.00040692811270715,10000,10000,0.1968,"[-3.8720075628366257, 3.2066565392325943, -4.396595609079556, -2.8551690297339363, 2.990995456649962, 1.234684761856547, -4.043462651444476, -0.21883863186523578, 1.53532865722942, 4.988325444317715]"
random_objective,RandomSearch,ok,,random,10,84,1632763740,2.5387316751057654e-05,2.5387316751057654e-05,10000,10000,0.1706,"[4.088310387182753, 2.5959971382308646, -0.24597978878260762, -0.9313998452737804, -2.598395042602737, -0.1724104676023963, 1.858523343721108, 3.391899909406072, 0.06152181012634261, 4.7439442205223585]"
random_objective,RandomSearch,ok,,random,10,85,1944020129,0.0001703661606177187,0.0001703661606177187,10000,10000,0.184,"[-4.21614134351434, 0.3317490992263272, 0.8148253671542904, 1.6880606075168325, 0.45208299946897457, -1.385239090866791, 3.603420679555346, 4.488507737318268, -2.334316013782013, -3.087975278659012]"
random_objective,RandomSearch,ok,,random,10,86,727845727,8.786135902927317e-05,8.786135902927317e-05,10000,10000,0.1882,"[4.457294857485028, 1.6009881817974392, -3.2759309347166985, -4.4366069224203395, 2.863644708946339, 1.824160676279185, 4.780555801631295, 3.552584985525712, -2.6069156714602726, 0.7863793241249561]"
random_objective,RandomSearch,ok,,random,10,87,1012162459,5.2079533763293995e-05,5.2079533763293995e-05,10000,10000,0.1731,"[3.77771272701703, 1.5014869165501732, 3.754929530578117, 1.2868739967483467, 2.474534666872814, -1.2022758415709611, 2.1049495980300827, 4.5245742510299225, -0.20820756624919556, 0.021258743835782523]"
random_objective,RandomSearch,ok,,random,10,88,2742177322,4.027694569086471e-05,4.027694569086471e-05,10000,10000,0.1681,"[1.380617266179437, -3.2743798607243404, 1.1198956150828343, -3.8313391689029785, 0.5026365401717203, -0.7698551026365408, -1.52623930477218, 0.9419763052422192, -0.8572262592825131, 2.2979704871615203]"
random_objective,RandomSearch,ok,,random,10,89,1067120963,5.987554679365292e-05,5.987554679365292e-05,10000,10000,0.1796,"[0.9287989636860572, -3.089221124912118, -3.2603503395460374, 0.597504387810549, 4.102276475065603, 4.393051434661233, -1.7242884371699052, -0.8493166400892782, 4.2158012015148945, -0.5250338910268748]"
random_objective,RandomSearch,ok,,random,10,90,1581383967,4.932018184833353e-05,4.932018184833353e-05,10000,10000,0.1571,"[4.416197795050621, -0.10603865861411488, 2.6138520859778858, 3.887885081554975, -4.803483206331414, -2.5200878206281994, 2.2542127276188473, 1.9380445476450958, -2.1106139174174707, 3.2361405453928827]"
random_objective,RandomSearch,ok,,random,10,91,147617738,4.0859356688960347e-05,4.0859356688960347e-05,10000,10000,0.3202,"[3.548151996466955, 1.6808819524301744, 4.295392167727607, 0.5198520960555408, 2.633799468758986, -2.8112294898891985, -2.1622901166164157, 0.6224850643968982, 2.7453720704609186, 4.658123894602289]"
random_objective,RandomSearch,ok,,random,10,92,4252613136,0.00026758667748749687,0.00026758667748749687,10000,10000,0.1564,"[-3.3733781697505982, -2.9719657916230693, 3.3810162697449564, 0.4241172682987582, -2.8276895317024273, -0.00522460667596647, 1.074239648092672, 0.3442442608656682, 0.7750081089989469, -3.285560771336997]"
random_objective,RandomSearch,ok,,random,10,93,3535828128,9.986362407510274e-05,9.986362407510274e-05,10000,10000,0.2918,"[2.4291586720413894, -2.268937707096852, -1.9193033906117773, 3.834878451154223, 1.31701655028997, 2.568222307660435, 1.8048800591027603, -3.4720950504862547, -4.3466635448620226, -3.6040163226060775]"
random_objective,RandomSearch,ok,,random,10,94,3833921763,5.709643603757364e-05,5.709643603757364e-05,10000,10000,0.148,"[-3.1672313176093834, -2.254806464403053, 1.6478085926951358, -3.4008909665980527, -4.273366659393877, -2.3922934204984827, 4.128225854271208, -3.49463129980664, -3.781976273586707, -4.265110759889215]"
random_objective,RandomSearch,ok,,random,10,95,252653534,3.407957900558589e-05,3.407957900558589e-05,10000,10000,0.1539,"[-4.486714732931999, 0.8262787270618255, -4.148911478409945, -1.0207273425730012, 1.453353995389215, 3.0469366306903147, -3.9867170787432693, -1.8335510136013988, -1.2958276478494335, 4.663931273850357]"
random_objective,RandomSearch,ok,,random,10,96,2562954926,6.63315118869523e-05,6.63315118869523e-05,10000,10000,0.1615,"[-3.1782746770618875, 2.163703433212735, 3.2085975442347783, -0.896763257623866, -0.26657685114275687, -4.191789647403556, 2.7473704911697796, 2.498308166075276, 1.2554823863098508, -2.71173196826295]"
random_objective,RandomSearch,ok,,random,10,97,3411043179,2.966895189926433e-05,2.966895189926433e-05,10000,10000,0.1587,"[2.3372478775758996, 3.371963388883059, 1.7370591981774341, -2.1567598358607674, -3.8157769798222, 2.2017862554918755, -1.7017828772117827, 4.979594080674352, -1.3935189929699743, -3.5152742063805933]"
random_objective,RandomSearch,ok,,random,10,98,3090332759,0.00016175326674872093,0.00016175326674872093,10000,10000,0.1915,"[-2.784805269984454, -0.32968102363361895, 0.2777268855821957, -2.6604382791596706, 4.347667977835997, -1.0193510010435558, -0.6424500973777025, -4.154055279034208, 2.700534972222316, 1.1668280138616993]"
random_objective,RandomSearch,ok,,random,10,99,835626914,0.00016659063933588403,0.00016659063933588403,10000,10000,0.1764,"[3.936190456729686, -3.2569640825325266, 4.042143892972022, -4.840035879350994, 3.323210406545487, 4.294318700388432, -0.9541901856402246, -4.506590425177993, -1.06547152198323, 1.4698429019903447]"
random_objective,RandomSearch,ok,,random,10,100,2467193165,0.00014719699687548715,0.00014719699687548715,10000,10000,0.1928,"[4.358583813735535, -4.234134075297476, 0.7920388704979753, 4.308752777564871, 3.999126149746126, 1.361405346778628, 0.03913793029792445, -3.456791269740388, -4.49614938606593, 0.41276855821820724]"
random_objective,RandomSearch,ok,,random,10,101,50051738,1.2736272694269246e-05,1.2736272694269246e-05,10000,10000,0.1882,"[-1.3545310559996582, -3.622275795246821, -0.5849440631252611, 3.7289197728191414, 1.1070370291705023, 2.966324024589677, 3.9526957404818863, -3.4209338199939743, -0.580250634870102, -4.299480475277341]"
random_objective,RandomSearch,ok,,random,10,102,2252367138,2.346121334528828e-05,2.346121334528828e-05,10000,10000,0.1827,"[-4.215825859071696, 3.6308090171658556, 4.999787439572727, -3.8442594544048636, 2.261734326292161, 2.0959605320033337, 4.9900625041142, -4.350722972678817, -2.1570537282776536, 1.0301490695127047]"
random_objective,RandomSearch,ok,,random,10,103,3603599309,8.598772784085273e-05,8.598772784085273e-05,10000,10000,0.1878,"[2.062376416696524, 3.423301121929001, 0.7791708591237745, 0.1894163973793439, -1.3433590576301468, 1.757509165909007, 0.17114357226807875, 0.08382794911942715, 3.5197812450011066, -0.4061190956234917]"
random_objective,RandomSearch,ok,,random,10,104,2052867419,0.00015382602331937,0.00015382602331937,10000,10000,0.1902,"[-3.998717740218755, 0.3914876799933886, -0.03135234512179119, -2.145249639212393, -2.377900223849303, 1.8478266217875394, 1.3537662855734856, 4.817897665844653, 1.146726312535975, 2.1155169920211248]"
random_objective,RandomSearch,ok,,random,10,105,3404313451,0.0001642165198569856,0.0001642165198569856,10000,10000,0.1909,"[-3.3497540597096886, -4.635794524251972, -4.320849703513198, -1.2453793161069693, 1.4310705534116308, -4.531395164151647, -3.278328038393216, -4.807365914775498, 3.452983743026763, 3.998805684627399]"
random_objective,RandomSearch,ok,,random,10,106,4207903965,6.657167226753469e-05,6.657167226753469e-05,10000,10000,0.1829,"[0.8269115833587659, 2.8663170992626363, 1.6950292037017145, -1.5153185140932324, 1.99677065744857, 4.621110369136514, 1.6818039972791543, 0.2363395330402529, -0.613449243072165, -2.193092871556921]"
random_objective,RandomSearch,ok,,random,10,107,1234811605,0.0005980912606688982,0.0005980912606688982,10000,10000,0.1933,"[-0.602312158061955, 0.6597260919642345, 4.1472691474381875, -1.697559843511608, -1.5999954850622944, -3.8169928402121887, 4.611839426554609, 2.918768233904172, -4.991592871398078, 0.728490800231103]"
random_objective,RandomSearch,ok,,random,10,108,79935818,6.367651491867576e-06,6.367651491867576e-06,10000,10000,0.1955,"[3.9089416468064817, 2.6543951274943733, -4.073958155776193, 4.575057465103686, -1.7803935270307292, -4.920075794962353, -1.9982305165009928, -4.8295664820240205, -3.029644036043222, 1.2948232430050277]"
random_objective,RandomSearch,ok,,random,10,109,69476001,3.5451012557752293e-06,3.5451012557752293e-06,10000,10000,0.1834,"[-2.6580069495917247, 3.9231229774783696, -3.0593918956052946, -2.9329308330530637, 0.060049543802952465, -1.5737680346642857, -4.538706887649401, -0.6977196940505137, 0.08975342792438834, -1.5637470052596936]"
random_objective,RandomSearch,ok,,random,10,110,2219660908,2.3997844268208723e-05,2.3997844268208723e-05,10000,10000,0.1911,"[3.7810047062328778, -1.2592255700926003, 1.3752457743318791, 3.288866358639525, 0.6817619192169555, 1.3475600749748207, -1.3124920429246878, 0.05539956568601068, 0.567313987397805, 3.7774219580969994]"
random_objective,RandomSearch,ok,,random,10,111,1685763360,3.7794255974388236e-05,3.7794255974388236e-05,10000,10000,0.1897,"[4.648526964676055, -1.3885669052167304, 2.3936871901995493, 2.1828683973428764, 1.0568299770103118, 3.078676449511768, 2.4300593870171583, 2.9727534323032403, 1.1428650020051112, 0.9323612791642277]"
random_objective,RandomSearch,ok,,random,10,112,3006841953,3.911818801571876e-05,3.911818801571876e-05,10000,10000,0.2164,"[0.04470127616207242, -4.086464086617356, 2.1245046268247822, -4.375677461047766, -0.09278047305878445, -3.322072716352528, -1.7317677009078358, 3.6035551995755832, -0.6809816593127282, -3.6099673914462684]"
random_objective,RandomSearch,ok,,random,10,113,382837663,0.00019406533756682887,0.00019406533756682887,10000,10000,0.2162,"[0.8942815609687094, -3.6945276528558946, -3.135778508910805, -0.19063950952371123, 1.1276622424061222, 3.9094938086567863, 4.105948280680782, -3.746369322114913, -0.5814380579375034, 3.1303333169309946]"
random_objective,RandomSearch,ok,,random,10,114,1644690261,1.6663762549384842e-05,1.6663762549384842e-05,10000,10000,0.2405,"[0.719027032277002, 0.03146608008435248, 2.6272515498258384, 4.64630552658252, -1.5452099721079637, -0.6542103945805244, -3.6625923821060704, 1.0568358995781135, 2.0633826223144904, 0.6939471009047704]"
random_objective,RandomSearch,ok,,random,10,115,3423811762,0.00013039924809832293,0.00013039924809832293,10000,10000,0.2112,"[-0.47677359747489656, 2.394894862516943, -4.977469281468042, -1.041762631812022, -3.3931536224850065, 4.930812315538508, -1.8984813935369693, 1.35133551363112, -3.55871511205211, 2.766446764609427]"
random_objective,RandomSearch,ok,,random,10,116,3844857616,0.00015528122441033076,0.00015528122441033076,10000,10000,0.2148,"[2.6678601248619294, 2.064705274897695, -2.4508698479225863, 3.8539786584721414, -3.6774537794066733, 1.0321927995318514, -1.4982205166346452, -3.486561101141461, 0.40537438816252824, 2.8505542177921095]"
random_objective,RandomSearch,ok,,random,10,117,1346539660,1.8607421543581637e-06,1.8607421543581637e-06,10000,10000,0.2106,"[-2.4170308035857024, -3.450247686966559, -3.248042375301293, -4.0468870016993375, -2.6036224122201377, 0.5892455852765999, 1.3981296053195735, -0.40563700399316005, -4.828109680679464, 2.0106358653678824]"
random_objective,RandomSearch,ok,,random,10,118,110755494,0.0002561184350733381,0.0002561184350733381,10000,10000,0.2256,"[0.07835539739978303, 1.5986858295656459, 3.6524123392949024, -1.763780739523475, -0.6197015693957897, -4.618075279818105, 3.31022625545366, -2.7725737973513462, -3.054170332301527, 3.48243231477256]"
random_objective,RandomSearch,ok,,random,10,119,3893305493,2.2383462961905742e-05,2.2383462961905742e-05,10000,10000,0.1992,"[-4.3441816278169245, -1.5286773918348961, 2.1334445138239078, 1.1446106475901918, 3.7039833699515823, -2.6413511390512125, -0.02307031985976149, 0.11566614308644585, 0.01158394679374175, 4.900584347601132]"
random_objective,RandomSearch,ok,,random,10,120,389948946,9.857666417101285e-05,9.857666417101285e-05,10000,10000,0.1771,"[1.2729285130499413, 4.846069257588006, 4.0547798813159925, -3.297067082419799, 0.9598005080693772, -3.0358604406454504, 1.4765803410049139, 3.986658046359104, 1.7317623712523689, -3.389917026031224]"
random_objective,RandomSearch,ok,,random,10,121,3718142476,7.907018538111377e-05,7.907018538111377e-05,10000,10000,0.187,"[-1.050681139114088, 3.5487859140175884, 3.1078726377800745, 2.3921411445941954, -3.2653014508370513, 4.6955172513896635, -0.21694497485169273, 0.8453576388396966, 3.149555120021088, -3.876382513797605]"
random_objective,RandomSearch,ok,,random,10,122,2267488638,5.908426260770039e-05,5.908426260770039e-05,10000,10000,0.18,"[0.7625566537650608, -0.878439764792257, 4.511524318077523, 2.662118522669684, 3.174220290645575, -1.5406281786272735, -3.9992872833316637, -3.098406578456445, 1.677419060948836, -1.8279626690606143]"
random_objective,RandomSearch,ok,,random,10,123,1130452477,0.0002005871823654859,0.0002005871823654859,10000,10000,0.1875,"[2.4224134673052378, 3.847642740185484, -4.797403935348492, -4.807816678423138, 4.859938077325997, 3.0895079516407686, -2.9406710054249197, -0.43167402364674645, -3.7783583714045896, -0.4759129229744341]"
random_objective,RandomSearch,ok,,random,10,124,1657486303,6.061439994375917e-06,6.061439994375917e-06,10000,10000,0.1646,"[0.07919181532813568, -2.023322354949216, 0.19715171511452523, 4.43754576802379, -2.898641177730832, -0.5122763431715316, -1.8053081027225582, 0.7963434981745454, 4.8885917066447675, 1.720469570915255]"
random_objective,RandomSearch,ok,,random,10,125,3056147607,6.214789559322309e-05,6.214789559322309e-05,10000,10000,0.1944,"[3.366624293400248, -0.6450894598554813, -4.12578747716669, 1.2908617466111838, 4.95504850708226, 4.600852941364223, -3.3611189500132, 4.187958345934048, -3.9723923758293136, 3.6261883074546786]"
random_objective,RandomSearch,ok,,random,10,126,1982335180,9.229234204588543e-05,9.229234204588543e-05,10000,10000,0.2041,"[-2.2569505557129665, 1.4829615333664392, -4.161212184498023, 3.7299000068663277, -1.310680962335049, 4.943368223339349, -4.035508092073274, 4.340959836398072, 4.028577119656008, 3.124016906895971]"
random_objective,RandomSearch,ok,,random,10,127,3823351943,9.078609537105375e-05,9.078609537105375e-05,10000,10000,0.1936,"[0.6282292659246502, 1.1045451141413987, 3.442873590826392, 0.7858639165612624, -0.5262214110340846, 4.018408985787616, -4.580033627575525, -2.588037742517794, 2.5105778330113226, -0.9921108007861301]"
random_objective,RandomSearch,ok,,random,10,128,3395390724,0.0001453709112618773,0.0001453709112618773,10000,10000,0.1974,"[-4.67289984780026, 2.7224478337605964, 3.7710621742467776, -3.5752601222067537, -4.894928691739938, 0.08369656644237389, -0.2511937340839143, -1.2234634326738525, -0.05117872674723967, -4.234898853909552]"
random_objective,RandomSearch,ok,,random,10,129,894497576,2.8759431223157605e-06,2.8759431223157605e-06,10000,10000,0.1767,"[-4.547240991075228, 1.7363837155363226, -4.903358099386939, 2.7181287893519346, 1.4616366844497308, -4.621908278599891, 0.7784877489876962, 3.2174215770236883, -3.0795224516053157, 0.47631992805291734]"
random_objective,RandomSearch,ok,,random,10,130,3277670939,2.5159031296628775e-05,2.5159031296628775e-05,10000,10000,0.1848,"[0.5618144183411666, 1.869674435090083, -0.6204496500234047, -0.6368164259613251, -3.2514023286103164, -2.91582963471848, -4.7676633964663235, -2.5807855450052095, -3.0426294436885803, -3.4431948205307537]"
random_objective,RandomSearch,ok,,random,10,131,2783247768,5.251146656126693e-05,5.251146656126693e-05,10000,10000,0.1884,"[3.4538450751844616, -2.2693666451823202, -3.83823188934341, 0.6791286586156808, 0.21289707974785688, -1.8485465414629854, -2.9391223770910613, -0.9831855356646013, 0.30989989738783974, -4.859423601683539]"
random_objective,RandomSearch,ok,,random,10,132,2112054476,0.00038286942341592134,0.00038286942341592134,10000,10000,0.1964,"[-2.94832577070132, 0.27933899211092683, 1.5888619448407348, 4.512097394189482, 0.13166859590322266, 0.7756711643114178, 0.052490527703091816, 1.657166578658067, -2.644001791540819, -1.217339420232324]"
random_objective,RandomSearch,ok,,random,10,133,462976272,9.187131319388087e-05,9.187131319388087e-05,10000,10000,0.2005,"[-1.5174948171071378, -4.195507502951732, 1.753261583443233, 2.571572157543174, 3.3852612115157066, -3.4806361573633025, -3.5227103258700474, -3.005083389294454, 2.359892091678135, -4.771842295428036]"
random_objective,RandomSearch,ok,,random,10,134,3873935490,0.00011701939802755135,0.00011701939802755135,10000,10000,0.1842,"[-2.7646472899083085, -4.980620784334601, -2.2450935123300573, 1.8269031809760694, 0.500651822770326, 4.983820242454527, 0.902558064015242, -2.73812015771382, 4.987871569568407, -0.37308553539679656]"
random_objective,RandomSearch,ok,,random,10,135,160666860,7.614929314858632e-05,7.614929314858632e-05,10000,10000,0.1935,"[0.8039285384994699, 1.166072155166773, 2.142282632045606, -4.262154491323024, -3.9304508558525777, 3.07138369838448, 2.957084635154229, 0.450422272321116, 3.3642652338627133, 0.012449403979842844]"
random_objective,RandomSearch,ok,,random,10,136,2083503985,0.00014262821378518975,0.00014262821378518975,10000,10000,0.201,"[-2.2816298146872005, -2.6830563939202126, 4.402852395976591, -4.190688783193133, 4.270841696920744, -2.057509400104135, -0.4507677079971484, 4.973156079913585, 1.2070679202833767, 3.4591896433277225]"
random_objective,RandomSearch,ok,,random,10,137,4134706709,8.712797200338684e-05,8.712797200338684e-05,10000,10000,0.2094,"[-4.541048087629299, -1.2943484857084409, 2.783632629361792, -1.0991579523526607, 4.17492106362663, -1.7811161207448112, -4.885686380759962, 3.659323371039135, -2.499735303266626, -0.6127319412827359]"
random_objective,RandomSearch,ok,,random,10,138,2110937766,0.0001515502870287344,0.0001515502870287344,10000,10000,0.1303,"[-1.0256971474169996, 1.5001231438537488, 2.0418873065153864, -4.229035571313682, 2.455478299253151, 1.052955096988254, 4.474602314903285, 0.42510139425922744, -3.364865023123457, -0.33764874923038035]"
random_objective,RandomSearch,ok,,random,10,139,88097625,1.5670133044598522e-05,1.5670133044598522e-05,10000,10000,0.2055,"[2.8524114325227137, 4.888892766563303, 4.798849550957822, 0.16633923471120027, -1.4912022610863185, -2.639562665601851, -2.23895557981033, -1.9123419024632304, -2.7171735839206077, 2.646641588506118]"
random_objective,RandomSearch,ok,,random,10,140,322117878,5.0725698601206126e-05,5.0725698601206126e-05,10000,10000,0.1936,"[4.364144411902315, 4.807945197333078, 2.775621800773261, -4.8245538829739285, 2.5888836280557004, -2.0208930986085925, -0.7475767962291635, -1.9997625960946053, 1.9130684853873048, -0.7465925313498534]"
random_objective,RandomSearch,ok,,random,10,141,2059815491,4.2313204196342546e-05,4.2313204196342546e-05,10000,10000,0.2255,"[-1.2314163513616672, -2.419618095180449, -2.8661995744223, 1.1711392634351758, 4.607763603799203, 2.27298319162895, 0.37685388781199314, -3.739430204601492, -0.9119773476928483, 4.1734646457622935]"
random_objective,RandomSearch,ok,,random,10,142,2553359343,0.00015741191681883926,0.00015741191681883926,10000,10000,0.21,"[-3.3488396406912733, 3.0375911261734965, -4.712986965594389, -3.3128959271348712, 2.8512515790856554, 1.653542552128212, -2.7696905501132987, -3.5009075157733127, -3.7375256370912857, 4.145346043689062]"
random_objective,RandomSearch,ok,,random,10,143,3657239589,0.00027046515693207596,0.00027046515693207596,10000,10000,0.1843,"[-4.080738355320035, -3.914328785057571, -0.6167676476597339, 0.43223860697994887, 0.8374935114994009, -1.144437272833374, 0.10167272151262008, -2.820273003254555, 2.0083430774039135, 4.0631362094977295]"
random_objective,RandomSearch,ok,,random,10,144,1942224044,0.00024788487166838014,0.00024788487166838014,10000,10000,0.1686,"[-1.797901450285151, 4.8114677099418515, 4.566020242850657, 0.9648266749501644, -0.344189443277062, -4.858581478877047, 4.6523367645891955, -1.1520942795548295, 3.153010340607202, -0.33323497599026863]"
random_objective,RandomSearch,ok,,random,10,145,2360413861,6.356157581000055e-05,6.356157581000055e-05,10000,10000,0.1806,"[0.32789151045091613, -3.1320791931298775, -4.292903772112391, 4.170597230955147, 2.0388597895874963, -4.989646207788957, 3.5451759310266207, 3.126136832831805, 1.4257170951906595, -1.8843784292403098]"
random_objective,RandomSearch,ok,,random,10,146,4025224031,7.667684558954058e-06,7.667684558954058e-06,10000,10000,0.1924,"[3.968125747177261, -2.784109285890899, -3.794677743460384, 2.1199817521104505, -1.0506008583014248, 1.2210118474795917, 1.5934402186752705, 3.541759565540261, 0.5973595209775728, -2.631012662337837]"
random_objective,RandomSearch,ok,,random,10,147,958696631,8.54942404737713e-05,8.54942404737713e-05,10000,10000,0.1834,"[3.9940760550481738, 3.6457123864154948, -0.17548494041224494, -2.7275019876863347, 4.861014278341389, 3.0976122933224803, -4.946185531837898, 2.132402020223483, 0.6259153756392999, -4.610997651439648]"
random_objective,RandomSearch,ok,,random,10,148,2407492942,0.0003794139252776274,0.0003794139252776274,10000,10000,0.1932,"[2.4543398615246126, 0.9042201132569672, 4.751023310481546, 2.467812738161804, 2.815159996901019, 1.341941208955364, 1.2730912530023986, -2.0001387913488253, 0.33709606667114755, 4.320501134345424]"
random_objective,RandomSearch,ok,,random,10,149,3132609769,1.5202880921494355e-05,1.5202880921494355e-05,10000,10000,0.1843,"[2.7964996227366345, -0.07559470109084865, 3.6680048471596374, 1.1068654361139674, 3.7489704777406296, 2.2909164870845125, -1.8887522450945993, -0.47473263614012384, 4.238283588132265, 3.491071300554794]"
random_objective,RandomSearch,ok,,random,10,150,582064798,1.6333546555169498e-05,1.6333546555169498e-05,10000,10000,0.2054,"[-4.493759710092958, 0.14074847566634574, 0.46355284244329775, 0.7653900326575414, 2.5320550536512885, -0.7099806747918269, 3.354039894774603, 4.394657173006821, 4.422793256734994, 3.0423100732729083]"
random_objective,RandomSearch,ok,,random,10,151,514951655,0.00017311227867389256,0.00017311227867389256,10000,10000,0.2091,"[-2.9973190325439205, 4.690592280971505, -2.30628289220417, -2.0700737671427074, -3.7811681279858798, 4.29596008928275, 2.5387438828517874, 0.34206497092486354, -4.777860425796825, 3.2630965733716177]"
random_objective,RandomSearch,ok,,random,10,152,2941250196,0.00026644427730471154,0.00026644427730471154,10000,10000,0.1566,"[-0.966027023092848, 2.472034871811818, 4.467175125226919, -0.5898314823614736, -3.4262197830122068, 2.265172656389703, -2.2937662181923466, -4.543107703201875, 0.20227361253285947, 4.418316822429446]"
random_objective,RandomSearch,ok,,random,10,153,3917730097,5.524752328811555e-05,5.524752328811555e-05,10000,10000,0.1992,"[-0.27550159026859533, -2.319862961319479, -1.506991805237653, -3.6792602420695797, -4.600183502999596, -0.04537839786978637, 1.6526771081431002, 4.915679287027983, -4.617260772867683, 3.066470751869005]"
random_objective,RandomSearch,ok,,random,10,154,1636881501,5.1661926086410404e-05,5.1661926086410404e-05,10000,10000,0.1841,"[0.009556339718752582, 1.3725097453061241, -4.856465813897902, 4.992647212034892, 0.6232000584008324, 0.645850348623831, 1.8076301491164837, 3.7105258962769785, 1.481757715420301, -0.020361469685445943]"
random_objective,RandomSearch,ok,,random,10,155,1457748284,0.00011754878210612496,0.00011754878210612496,10000,10000,0.1824,"[-0.6842909282310095, -4.336392884266091, 3.802928628287466, -0.6828508633069452, 3.5392311527152973, -3.3031928778665156, -3.750038228359196, 1.7236071991700508, -0.983367338449247, 2.24300150169375]"
random_objective,RandomSearch,ok,,random,10,156,1334388067,0.00010820096035346616,0.00010820096035346616,10000,10000,0.3036,"[3.4385981478902394, -2.580767078193549, -2.271394166967897, -1.3614683290485752, 0.8435403903879402, 3.1185803272904353, 3.358674867901348, 1.526383573258815, -0.044553858917589784, 2.346303047458307]"
random_objective,RandomSearch,ok,,random,10,157,3799025626,8.498299185011327e-05,8.498299185011327e-05,10000,10000,0.1649,"[-4.974680773912274, 2.20071468026228, -3.416890880316478, -3.588779617488359, -3.5107901768086958, 4.373603852777874, 4.69091017851658, 1.9370011659747355, -0.9240657093404803, -2.5744660778123762]"
random_objective,RandomSearch,ok,,random,10,158,3714845122,0.0001522710149269857,0.0001522710149269857,10000,10000,0.2834,"[2.4813487545795954, 1.8522404589312813, 4.809933598239365, 2.246119688617804, -1.492273998439938, -3.637000460869749, 4.053320498858657, -1.9925941531318403, -2.0247070313856916, 0.4315238146558509]"
random_objective,RandomSearch,ok,,random,10,159,2396533376,2.3703414626541353e-05,2.3703414626541353e-05,10000,10000,0.1549,"[-3.976925078316982, 4.283837496643649, 3.639538314495807, 2.4716446361587527, 1.1184574349592102, -1.1646534182142054, -1.2595791769340525, 4.656913646007159, 4.6262110596587105, -0.9832752395310795]"
random_objective,RandomSearch,ok,,random,10,160,871577610,4.791136652793071e-05,4.791136652793071e-05,10000,10000,0.154,"[-0.7445315489677651, 3.7868521317238324, 0.2315686986237564, -2.5112133855483654, -3.1218382817356636, 3.2406521581200076, -1.6945477819252552, -1.924652336166821, -2.1224669575306465, -4.28905439149994]"
random_objective,RandomSearch,ok,,random,10,161,184102088,8.711588477994248e-05,8.711588477994248e-05,10000,10000,0.1509,"[0.5051192032547991, -0.39893221103536325, -3.6115881948186104, -3.475567649095843, -3.778824573427796, -3.6232384205296397, 4.368688859654691, 4.9854306180684995, -3.369723653556097, 1.45993175206654]"
random_objective,RandomSearch,ok,,random,10,162,1399123890,2.280087171524503e-05,2.280087171524503e-05,10000,10000,0.1606,"[3.1032735663455124, 1.3160511632376393, 3.1809739033987015, 2.542678976682918, -2.357980236421602, -1.6136089209060156, -4.299855956957948, 1.9737382479110865, -3.0666331795631807, -0.23746359869471823]"
random_objective,RandomSearch,ok,,random,10,163,3428040165,0.00013313283907712137,0.00013313283907712137,10000,10000,0.1545,"[-0.4643008823607486, -4.272746332392647, -1.2430931943538714, 2.172672845315098, 3.2084607803151055, -0.7605584943098909, 4.006914851647569, -1.01862563628476, -4.374903727323252, 4.198281836443224]"
random_objective,RandomSearch,ok,,random,10,164,2445857036,0.0002953566283019349,0.0002953566283019349,10000,10000,0.1698,"[-3.738779678714365, 4.828776077844395, 2.751724813082631, 1.998438098941876, -3.5554493296691234, -0.39721099724483566, 4.761348536725404, -1.67877746266889, 4.881096195831807, -3.566420051510489]"
random_objective,RandomSearch,ok,,random,10,165,2379072646,1.1194045896889548e-06,1.1194045896889548e-06,10000,10000,0.1669,"[-0.8406323725387577, -0.012481295345979637, -0.803708567067688, 1.8400148334265987, 1.272366592812586, -2.634774737959785, 1.8099980612960898, -2.1172711070757035, -1.0632150732422585, 3.813778796399463]"
random_objective,RandomSearch,ok,,random,10,166,3209468508,0.0001185254919977563,0.0001185254919977563,10000,10000,0.1906,"[-4.036470395294765, 1.8962350453564414, -4.096156859828599, -4.415198631836056, -4.052204199636718, 2.9258787478042247, -2.7363370451318367, -4.063243427898366, 0.7365213842853735, 1.7799099356888248]"
random_objective,RandomSearch,ok,,random,10,167,1543476722,3.858385103305828e-05,3.858385103305828e-05,10000,10000,0.1774,"[3.9960109645027995, 3.2082202939503333, -2.548693682433818, 4.9370594461995365, 2.438327945076834, 0.7572944216396738, 2.198921588396343, -4.897590904923065, 2.1597398850529914, 4.5881521165774375]"
random_objective,RandomSearch,ok,,random,10,168,1237713880,0.00017852826673381283,0.00017852826673381283,10000,10000,0.1821,"[-1.2984795912624592, 4.785690965777032, 4.133840002835585, -2.4426280655608936, 1.8664663437834184, 4.92982015724205, 3.4558600088640326, -1.7676784160028158, -4.73653153330734, 2.4085170219608543]"
random_objective,RandomSearch,ok,,random,10,169,1257193866,4.033480061105266e-05,4.033480061105266e-05,10000,10000,0.1717,"[3.3498174370856084, 0.5182215362437592, 1.4233122346859384, 2.369139746441571, 1.6259808834685885, 4.013736421205421, 0.2990460684166474, 1.8601097594828064, 2.6600838556063544, -2.8523276994101887]"
random_objective,RandomSearch,ok,,random,10,170,1927331331,5.675836991991812e-05,5.675836991991812e-05,10000,10000,0.1852,"[3.113437161424973, -2.4059037496287905, -2.67220182785205, 3.390693532689455, 1.2972219433649856, 2.714266560885672, 2.8775974817397856, 2.9203701408139935, -4.185455169265562, -4.527023668674127]"
random_objective,RandomSearch,ok,,random,10,171,3491361742,9.631586999536701e-05,9.631586999536701e-05,10000,10000,0.1801,"[4.322450318142455, 4.562833946830241, -0.5692227721105836, 4.647030583938321, -4.997560021281094, -2.2710788606748555, -0.7176356527123806, 0.6599390643779368, 0.906542044033527, 3.14662912932158]"
random_objective,RandomSearch,ok,,random,10,172,268767470,9.864960960037639e-05,9.864960960037639e-05,10000,10000,0.1749,"[2.5247296101656103, 3.214153242482889, -2.9498711839151115, 0.9386137237561065, 0.9442019307046734, -4.702315428818795, 3.8375467681651387, -0.06483784185897568, -4.346754059296131, 2.4406938690457003]"
random_objective,RandomSearch,ok,,random,10,173,632197682,7.256453201187618e-05,7.256453201187618e-05,10000,10000,0.1733,"[0.17343792407349734, 1.853894659522728, -4.929632522235849, 1.7516367609229688, -3.316267680093463, 0.6978970063889844, -3.287861349285417, 3.5388192005698293, 4.0945798017737625, 4.875566873505344]"
random_objective,RandomSearch,ok,,random,10,174,1278829807,0.00021959861419096338,0.00021959861419096338,10000,10000,0.2079,"[4.808024020737268, 0.9210671463095421, -0.10899917680233351, -0.9263967110385063, 0.7280315338173693, 0.20763891369430576, -1.227818483240939, 2.6474236780216764, 3.6322709818403878, -1.7329696919127058]"
random_objective,RandomSearch,ok,,random,10,175,3639779513,0.00016507171588397984,0.00016507171588397984,10000,10000,0.1887,"[-2.823959275593284, 4.466044468071624, 2.390395897066141, -1.5571153099012902, 2.8906064116023455, -0.05429802895688285, 1.3088196777793926, -0.07003291004760825, -0.513384126897164, -0.940492874198624]"
random_objective,RandomSearch,ok,,random,10,176,1611564284,1.4048062616067725e-05,1.4048062616067725e-05,10000,10000,0.1791,"[1.4009121699573202, 2.2431440394876736, -3.162905849051878, -4.470456403894582, 2.442996876700221, -1.2292116538665399, -0.9241348541628114, -4.9699937249230945, 4.047844697011121, -3.9585746269601962]"
random_objective,RandomSearch,ok,,random,10,177,1665794524,4.72849036168288e-05,4.72849036168288e-05,10000,10000,0.191,"[-1.187319578687519, -3.8102223410619738, -3.2842403795350874, -4.2918933866107025, 2.696962165386653, -4.803282883775644, 2.1582350063058, -1.9538664604695133, 1.5469204749984489, 3.98290803361128]"
random_objective,RandomSearch,ok,,random,10,178,2062990841,1.1160646550822939e-05,1.1160646550822939e-05,10000,10000,0.183,"[-0.004185489768749884, 0.8772946491091715, 2.2727811280098322, -4.296479146806157, -0.5092128134025331, 3.8358596139629855, -1.304583558166852, 1.4548200086611285, -3.5419022270941483, 0.9164952460429732]"
random_objective,RandomSearch,ok,,random,10,179,2010433287,5.869554514648101e-06,5.869554514648101e-06,10000,10000,0.1957,"[2.250272774513112, -1.4734338664542057, -2.3993446968517986, -1.76898857966159, 1.9862440964173445, -2.726618134417118, -3.3697941725101477, 4.472069057361686, -1.0318521038767192, 4.338684474644712]"
random_objective,RandomSearch,ok,,random,10,180,1268564070,1.495773007365031e-05,1.495773007365031e-05,10000,10000,0.2024,"[3.7415075428848645, -0.4089192678754294, -2.8702368042112703, -3.1577311256302565, 4.549629574902109, -4.955306388837047, 2.840322585474684, -0.3176485215665992, 0.6416424070198179, 0.15417143142760104]"
random_objective,RandomSearch,ok,,random,10,181,2957798914,0.00020409169308865938,0.00020409169308865938,10000,10000,0.1765,"[-4.177148052606335, 3.213511913982127, 4.200425420632566, -4.9512209096711, 4.837128849170499, -0.028876315826493748, -3.173452704319156, -4.065286351146257, 2.0593453534344275, 2.875994800180864]"
random_objective,RandomSearch,ok,,random,10,182,2108751111,0.00013820371520623098,0.00013820371520623098,10000,10000,0.1889,"[-4.504208678870256, 2.086932846460434, 4.723085494796457, 1.9934133770782603, 1.8425792831173327, -2.8266044772607013, 1.5682494121849566, 0.22133509923617622, 0.5191691432713941, 0.44098189042744207]"
random_objective,RandomSearch,ok,,random,10,183,124343301,7.771719863969295e-05,7.771719863969295e-05,10000,10000,0.2024,"[-2.73799503132079, 0.08916836570431741, 2.6502858778468585, -3.4480394351507337, 2.011432593578293, 1.287712680779356, -0.0063763552826190395, -3.582273835055042, 2.131329326788772, -1.9541705206698523]"
random_objective,RandomSearch,ok,,random,10,184,2513221583,3.9667045822144864e-05,3.9667045822144864e-05,10000,10000,0.1786,"[-4.314902236014557, 1.653509520602764, 1.5379613039035378, 2.0059800214116486, 3.8557655054793507, -0.47241949530230865, -0.019495368857065376, -2.477239400332363, -1.4225546667077271, 0.4480339901262709]"
random_objective,RandomSearch,ok,,random,10,185,310699601,7.493251958645697e-05,7.493251958645697e-05,10000,10000,0.1935,"[0.8843900862010756, 0.1442972810932741, -2.1796841666074585, 4.373932508527336, 0.9076339872712758, 0.7760799233816928, 4.76743721288488, -2.0840306270169373, 1.3239033457542693, -4.695819066625732]"
random_objective,RandomSearch,ok,,random,10,186,4154241894,4.8247760952468965e-05,4.8247760952468965e-05,10000,10000,0.2023,"[3.1886413847022044, -3.7996750515349555, 3.440655239581538, -2.372696901142217, -4.800047368481289, 4.5579208438423855, 0.4287610896022698, 3.2388063948436674, 2.7277708526373545, -3.6547097672208895]"
random_objective,RandomSearch,ok,,random,10,187,1952528428,6.80141730645678e-05,6.80141730645678e-05,10000,10000,0.1734,"[1.9051394772679375, -4.2692018737229995, -3.15296974183601, -0.5670588069294802, 0.6664907817533017, -0.7730082008310912, 2.9721020015548727, 1.171654001011877, 2.6601523493779586, 4.644584809700111]"
random_objective,RandomSearch,ok,,random,10,188,3100576314,0.00026970876770082697,0.00026970876770082697,10000,10000,0.1818,"[0.41727093661194314, 3.4468781457434297, 1.211958735576426, 3.6450664582163137, -3.7035905559913527, -3.794946757794172, -0.3972183741748625, 0.7731459669487206, 1.51420964783342, 2.5839138915198037]"
random_objective,RandomSearch,ok,,random,10,189,811903022,5.797256449757704e-05,5.797256449757704e-05,10000,10000,0.1919,"[2.5411383653860184, 3.9278817252071185, 0.9660766221488459, -2.470829494422191, 4.780057560385665, -4.899794520671344, -0.64595756692999, 4.191728117105418, 3.085624521700079, -4.341900500423853]"
random_objective,RandomSearch,ok,,random,10,190,2271130177,2.6112768605202064e-05,2.6112768605202064e-05,10000,10000,0.2033,"[3.8876423938444793, 1.8218403310151776, -1.1984678185221709, 1.2086778314480773, 0.22158694112141109, 1.4860844436040943, -4.143740162575236, -1.3731573837860256, -0.6405110948640647, 2.2668407835480107]"
random_objective,RandomSearch,ok,,random,10,191,3705727964,3.9538973472863503e-05,3.9538973472863503e-05,10000,10000,0.3058,"[1.6312704047331683, 1.6279125545205586, 1.9130137337340258, 0.16996180976962094, 0.1749065703654351, 2.0148439639611606, 1.2075169230027338, 3.4903058311185897, 1.9231895730410842, -3.205538025748178]"
random_objective,RandomSearch,ok,,random,10,192,3036216380,3.994815526597861e-05,3.994815526597861e-05,10000,10000,0.184,"[-2.580698882653405, -0.11753167746053172, -0.6754872738257356, 3.0394342015723463, -3.22590549309709, 4.15362046561338, -0.3175027362943339, 0.19863641232190088, 2.3777326628070314, -4.352578854399111]"
random_objective,RandomSearch,ok,,random,10,193,3952394259,0.00022587659135397953,0.00022587659135397953,10000,10000,0.1856,"[-2.9431382471154723, -1.342093654989518, -2.569794695130213, 4.833501656373271, -4.073246266447168, 1.9112726597671814, 0.6234382347187895, 0.7456953264426536, 1.5004772711609182, 1.1336104438224204]"
random_objective,RandomSearch,ok,,random,10,194,1296303794,7.35646321636807e-05,7.35646321636807e-05,10000,10000,0.1656,"[2.667381852469216, 1.3144534250917717, 4.072717922842467, 2.5003137092284753, 4.579587944139943, -0.3957209263336725, -1.3182004091027322, 0.564148989639538, -2.425421925114933, 2.256232222544181]"
random_objective,RandomSearch,ok,,random,10,195,3799301194,4.5614053034714885e-06,4.5614053034714885e-06,10000,10000,0.1799,"[1.5153426128441783, -4.2564462583382765, 1.5305126408169811, -1.154543372452651, 2.4280074946185595, 1.7316718688884492, 2.440474939916922, -3.7094902923721094, -4.446236138166256, -1.3000114670069518]"
random_objective,RandomSearch,ok,,random,10,196,2549246273,1.652473541136068e-05,1.652473541136068e-05,10000,10000,0.187,"[-0.843464015019636, -3.3750107414702004, 1.2545021025610748, 2.491046187246122, 0.302049954312249, -4.653376069981865, 4.575235257851203, -0.8194906827777937, -0.9806674184711361, 0.20994413811287305]"
random_objective,RandomSearch,ok,,random,10,197,923173034,0.00010965824535991153,0.00010965824535991153,10000,10000,0.1654,"[-4.7175008235685745, -4.271769847907988, -1.246232821584634, 3.327029565520262, -4.312951849392279, 4.913710019305477, -4.454906756397311, 4.619015826466485, -1.4837133201017505, -2.689916448570342]"
random_objective,RandomSearch,ok,,random,10,198,1123579609,6.694241799209966e-05,6.694241799209966e-05,10000,10000,0.1806,"[0.4853729083231917, -1.046619711234642, 0.2514569099857267, -4.501733579235651, -1.7627841358264762, -2.593099221781322, 1.6242239711938977, 2.638468554645639, 3.8528710060004787, -2.2128557418989194]"
random_objective,RandomSearch,ok,,random,10,199,1055261292,7.583965320079322e-05,7.583965320079322e-05,10000,10000,0.1763,"[-3.758359157960429, -3.097169607150928, -3.056825373820695, 3.5612723787935643, -1.452458256281477, -1.1029263196901185, 4.00149998849583, 2.9601194409320852, -1.006908466604336, -4.190978445237423]"
